sample_id,dataset,image_path,annotation_disc,annotation_cup,annotation_type_disc,annotation_type_cup,split
refuge1_train_g0001,refuge,/home/rpotter/hypertower/REFUGE/Train/REFUGE1-train/Training400/Glaucoma/g0001.jpg,/home/rpotter/hypertower/REFUGE/Train/REFUGE1-train/Disc_Cup_Masks/Glaucoma/g0001.bmp,/home/rpotter/hypertower/REFUGE/Train/REFUGE1-train/Disc_Cup_Masks/Glaucoma/g0001.bmp,mask,mask,train
refuge1_train_g0002,refuge,/home/rpotter/hypertower/REFUGE/Train/REFUGE1-train/Training400/Glaucoma/g0002.jpg,/home/rpotter/hypertower/REFUGE/Train/REFUGE1-train/Disc_Cup_Masks/Glaucoma/g0002.bmp,/home/rpotter/hypertower/REFUGE/Train/REFUGE1-train/Disc_Cup_Masks/Glaucoma/g0002.bmp,mask,mask,train
refuge1_train_g0003,refuge,/home/rpotter/hypertower/REFUGE/Train/REFUGE1-train/Training400/Glaucoma/g0003.jpg,/home/rpotter/hypertower/REFUGE/Train/REFUGE1-train/Disc_Cup_Masks/Glaucoma/g0003.bmp,/home/rpotter/hypertower/REFUGE/Train/REFUGE1-train/Disc_Cup_Masks/Glaucoma/g0003.bmp,mask,mask,train
refuge1_train_g0004,refuge,/home/rpotter/hypertower/REFUGE/Train/REFUGE1-train/Training400/Glaucoma/g0004.jpg,/home/rpotter/hypertower/REFUGE/Train/REFUGE1-train/Disc_Cup_Masks/Glaucoma/g0004.bmp,/home/rpotter/hypertower/REFUGE/Train/REFUGE1-train/Disc_Cup_Masks/Glaucoma/g0004.bmp,mask,mask,train
refuge1_train_g0005,refuge,/home/rpotter/hypertower/REFUGE/Train/REFUGE1-train/Training400/Glaucoma/g0005.jpg,/home/rpotter/hypertower/REFUGE/Train/REFUGE1-train/Disc_Cup_Masks/Glaucoma/g0005.bmp,/home/rpotter/hypertower/REFUGE/Train/REFUGE1-train/Disc_Cup_Masks/Glaucoma/g0005.bmp,mask,mask,train
refuge1_train_g0006,refuge,/home/rpotter/hypertower/REFUGE/Train/REFUGE1-train/Training400/Glaucoma/g0006.jpg,/home/rpotter/hypertower/REFUGE/Train/REFUGE1-train/Disc_Cup_Masks/Glaucoma/g0006.bmp,/home/rpotter/hypertower/REFUGE/Train/REFUGE1-train/Disc_Cup_Masks/Glaucoma/g0006.bmp,mask,mask,train
refuge1_train_g0007,refuge,/home/rpotter/hypertower/REFUGE/Train/REFUGE1-train/Training400/Glaucoma/g0007.jpg,/home/rpotter/hypertower/REFUGE/Train/REFUGE1-train/Disc_Cup_Masks/Glaucoma/g0007.bmp,/home/rpotter/hypertower/REFUGE/Train/REFUGE1-train/Disc_Cup_Masks/Glaucoma/g0007.bmp,mask,mask,train
refuge1_train_g0008,refuge,/home/rpotter/hypertower/REFUGE/Train/REFUGE1-train/Training400/Glaucoma/g0008.jpg,/home/rpotter/hypertower/REFUGE/Train/REFUGE1-train/Disc_Cup_Masks/Glaucoma/g0008.bmp,/home/rpotter/hypertower/REFUGE/Train/REFUGE1-train/Disc_Cup_Masks/Glaucoma/g0008.bmp,mask,mask,train
refuge1_train_g0009,refuge,/home/rpotter/hypertower/REFUGE/Train/REFUGE1-train/Training400/Glaucoma/g0009.jpg,/home/rpotter/hypertower/REFUGE/Train/REFUGE1-train/Disc_Cup_Masks/Glaucoma/g0009.bmp,/home/rpotter/hypertower/REFUGE/Train/REFUGE1-train/Disc_Cup_Masks/Glaucoma/g0009.bmp,mask,mask,train
refuge1_train_g0010,refuge,/home/rpotter/hypertower/REFUGE/Train/REFUGE1-train/Training400/Glaucoma/g0010.jpg,/home/rpotter/hypertower/REFUGE/Train/REFUGE1-train/Disc_Cup_Masks/Glaucoma/g0010.bmp,/home/rpotter/hypertower/REFUGE/Train/REFUGE1-train/Disc_Cup_Masks/Glaucoma/g0010.bmp,mask,mask,train
refuge1_train_g0011,refuge,/home/rpotter/hypertower/REFUGE/Train/REFUGE1-train/Training400/Glaucoma/g0011.jpg,/home/rpotter/hypertower/REFUGE/Train/REFUGE1-train/Disc_Cup_Masks/Glaucoma/g0011.bmp,/home/rpotter/hypertower/REFUGE/Train/REFUGE1-train/Disc_Cup_Masks/Glaucoma/g0011.bmp,mask,mask,train
refuge1_train_g0012,refuge,/home/rpotter/hypertower/REFUGE/Train/REFUGE1-train/Training400/Glaucoma/g0012.jpg,/home/rpotter/hypertower/REFUGE/Train/REFUGE1-train/Disc_Cup_Masks/Glaucoma/g0012.bmp,/home/rpotter/hypertower/REFUGE/Train/REFUGE1-train/Disc_Cup_Masks/Glaucoma/g0012.bmp,mask,mask,train
refuge1_train_g0013,refuge,/home/rpotter/hypertower/REFUGE/Train/REFUGE1-train/Training400/Glaucoma/g0013.jpg,/home/rpotter/hypertower/REFUGE/Train/REFUGE1-train/Disc_Cup_Masks/Glaucoma/g0013.bmp,/home/rpotter/hypertower/REFUGE/Train/REFUGE1-train/Disc_Cup_Masks/Glaucoma/g0013.bmp,mask,mask,train
refuge1_train_g0014,refuge,/home/rpotter/hypertower/REFUGE/Train/REFUGE1-train/Training400/Glaucoma/g0014.jpg,/home/rpotter/hypertower/REFUGE/Train/REFUGE1-train/Disc_Cup_Masks/Glaucoma/g0014.bmp,/home/rpotter/hypertower/REFUGE/Train/REFUGE1-train/Disc_Cup_Masks/Glaucoma/g0014.bmp,mask,mask,train
refuge1_train_g0015,refuge,/home/rpotter/hypertower/REFUGE/Train/REFUGE1-train/Training400/Glaucoma/g0015.jpg,/home/rpotter/hypertower/REFUGE/Train/REFUGE1-train/Disc_Cup_Masks/Glaucoma/g0015.bmp,/home/rpotter/hypertower/REFUGE/Train/REFUGE1-train/Disc_Cup_Masks/Glaucoma/g0015.bmp,mask,mask,train
refuge1_train_g0016,refuge,/home/rpotter/hypertower/REFUGE/Train/REFUGE1-train/Training400/Glaucoma/g0016.jpg,/home/rpotter/hypertower/REFUGE/Train/REFUGE1-train/Disc_Cup_Masks/Glaucoma/g0016.bmp,/home/rpotter/hypertower/REFUGE/Train/REFUGE1-train/Disc_Cup_Masks/Glaucoma/g0016.bmp,mask,mask,train
refuge1_train_g0017,refuge,/home/rpotter/hypertower/REFUGE/Train/REFUGE1-train/Training400/Glaucoma/g0017.jpg,/home/rpotter/hypertower/REFUGE/Train/REFUGE1-train/Disc_Cup_Masks/Glaucoma/g0017.bmp,/home/rpotter/hypertower/REFUGE/Train/REFUGE1-train/Disc_Cup_Masks/Glaucoma/g0017.bmp,mask,mask,train
refuge1_train_g0018,refuge,/home/rpotter/hypertower/REFUGE/Train/REFUGE1-train/Training400/Glaucoma/g0018.jpg,/home/rpotter/hypertower/REFUGE/Train/REFUGE1-train/Disc_Cup_Masks/Glaucoma/g0018.bmp,/home/rpotter/hypertower/REFUGE/Train/REFUGE1-train/Disc_Cup_Masks/Glaucoma/g0018.bmp,mask,mask,train
refuge1_train_g0019,refuge,/home/rpotter/hypertower/REFUGE/Train/REFUGE1-train/Training400/Glaucoma/g0019.jpg,/home/rpotter/hypertower/REFUGE/Train/REFUGE1-train/Disc_Cup_Masks/Glaucoma/g0019.bmp,/home/rpotter/hypertower/REFUGE/Train/REFUGE1-train/Disc_Cup_Masks/Glaucoma/g0019.bmp,mask,mask,train
refuge1_train_g0020,refuge,/home/rpotter/hypertower/REFUGE/Train/REFUGE1-train/Training400/Glaucoma/g0020.jpg,/home/rpotter/hypertower/REFUGE/Train/REFUGE1-train/Disc_Cup_Masks/Glaucoma/g0020.bmp,/home/rpotter/hypertower/REFUGE/Train/REFUGE1-train/Disc_Cup_Masks/Glaucoma/g0020.bmp,mask,mask,train
refuge1_train_g0021,refuge,/home/rpotter/hypertower/REFUGE/Train/REFUGE1-train/Training400/Glaucoma/g0021.jpg,/home/rpotter/hypertower/REFUGE/Train/REFUGE1-train/Disc_Cup_Masks/Glaucoma/g0021.bmp,/home/rpotter/hypertower/REFUGE/Train/REFUGE1-train/Disc_Cup_Masks/Glaucoma/g0021.bmp,mask,mask,train
refuge1_train_g0022,refuge,/home/rpotter/hypertower/REFUGE/Train/REFUGE1-train/Training400/Glaucoma/g0022.jpg,/home/rpotter/hypertower/REFUGE/Train/REFUGE1-train/Disc_Cup_Masks/Glaucoma/g0022.bmp,/home/rpotter/hypertower/REFUGE/Train/REFUGE1-train/Disc_Cup_Masks/Glaucoma/g0022.bmp,mask,mask,train
refuge1_train_g0023,refuge,/home/rpotter/hypertower/REFUGE/Train/REFUGE1-train/Training400/Glaucoma/g0023.jpg,/home/rpotter/hypertower/REFUGE/Train/REFUGE1-train/Disc_Cup_Masks/Glaucoma/g0023.bmp,/home/rpotter/hypertower/REFUGE/Train/REFUGE1-train/Disc_Cup_Masks/Glaucoma/g0023.bmp,mask,mask,train
refuge1_train_g0024,refuge,/home/rpotter/hypertower/REFUGE/Train/REFUGE1-train/Training400/Glaucoma/g0024.jpg,/home/rpotter/hypertower/REFUGE/Train/REFUGE1-train/Disc_Cup_Masks/Glaucoma/g0024.bmp,/home/rpotter/hypertower/REFUGE/Train/REFUGE1-train/Disc_Cup_Masks/Glaucoma/g0024.bmp,mask,mask,train
refuge1_train_g0025,refuge,/home/rpotter/hypertower/REFUGE/Train/REFUGE1-train/Training400/Glaucoma/g0025.jpg,/home/rpotter/hypertower/REFUGE/Train/REFUGE1-train/Disc_Cup_Masks/Glaucoma/g0025.bmp,/home/rpotter/hypertower/REFUGE/Train/REFUGE1-train/Disc_Cup_Masks/Glaucoma/g0025.bmp,mask,mask,train
refuge1_train_g0026,refuge,/home/rpotter/hypertower/REFUGE/Train/REFUGE1-train/Training400/Glaucoma/g0026.jpg,/home/rpotter/hypertower/REFUGE/Train/REFUGE1-train/Disc_Cup_Masks/Glaucoma/g0026.bmp,/home/rpotter/hypertower/REFUGE/Train/REFUGE1-train/Disc_Cup_Masks/Glaucoma/g0026.bmp,mask,mask,train
refuge1_train_g0027,refuge,/home/rpotter/hypertower/REFUGE/Train/REFUGE1-train/Training400/Glaucoma/g0027.jpg,/home/rpotter/hypertower/REFUGE/Train/REFUGE1-train/Disc_Cup_Masks/Glaucoma/g0027.bmp,/home/rpotter/hypertower/REFUGE/Train/REFUGE1-train/Disc_Cup_Masks/Glaucoma/g0027.bmp,mask,mask,train
refuge1_train_g0028,refuge,/home/rpotter/hypertower/REFUGE/Train/REFUGE1-train/Training400/Glaucoma/g0028.jpg,/home/rpotter/hypertower/REFUGE/Train/REFUGE1-train/Disc_Cup_Masks/Glaucoma/g0028.bmp,/home/rpotter/hypertower/REFUGE/Train/REFUGE1-train/Disc_Cup_Masks/Glaucoma/g0028.bmp,mask,mask,train
refuge1_train_g0029,refuge,/home/rpotter/hypertower/REFUGE/Train/REFUGE1-train/Training400/Glaucoma/g0029.jpg,/home/rpotter/hypertower/REFUGE/Train/REFUGE1-train/Disc_Cup_Masks/Glaucoma/g0029.bmp,/home/rpotter/hypertower/REFUGE/Train/REFUGE1-train/Disc_Cup_Masks/Glaucoma/g0029.bmp,mask,mask,train
refuge1_train_g0030,refuge,/home/rpotter/hypertower/REFUGE/Train/REFUGE1-train/Training400/Glaucoma/g0030.jpg,/home/rpotter/hypertower/REFUGE/Train/REFUGE1-train/Disc_Cup_Masks/Glaucoma/g0030.bmp,/home/rpotter/hypertower/REFUGE/Train/REFUGE1-train/Disc_Cup_Masks/Glaucoma/g0030.bmp,mask,mask,train
refuge1_train_g0031,refuge,/home/rpotter/hypertower/REFUGE/Train/REFUGE1-train/Training400/Glaucoma/g0031.jpg,/home/rpotter/hypertower/REFUGE/Train/REFUGE1-train/Disc_Cup_Masks/Glaucoma/g0031.bmp,/home/rpotter/hypertower/REFUGE/Train/REFUGE1-train/Disc_Cup_Masks/Glaucoma/g0031.bmp,mask,mask,train
refuge1_train_g0032,refuge,/home/rpotter/hypertower/REFUGE/Train/REFUGE1-train/Training400/Glaucoma/g0032.jpg,/home/rpotter/hypertower/REFUGE/Train/REFUGE1-train/Disc_Cup_Masks/Glaucoma/g0032.bmp,/home/rpotter/hypertower/REFUGE/Train/REFUGE1-train/Disc_Cup_Masks/Glaucoma/g0032.bmp,mask,mask,train
refuge1_train_g0033,refuge,/home/rpotter/hypertower/REFUGE/Train/REFUGE1-train/Training400/Glaucoma/g0033.jpg,/home/rpotter/hypertower/REFUGE/Train/REFUGE1-train/Disc_Cup_Masks/Glaucoma/g0033.bmp,/home/rpotter/hypertower/REFUGE/Train/REFUGE1-train/Disc_Cup_Masks/Glaucoma/g0033.bmp,mask,mask,train
refuge1_train_g0034,refuge,/home/rpotter/hypertower/REFUGE/Train/REFUGE1-train/Training400/Glaucoma/g0034.jpg,/home/rpotter/hypertower/REFUGE/Train/REFUGE1-train/Disc_Cup_Masks/Glaucoma/g0034.bmp,/home/rpotter/hypertower/REFUGE/Train/REFUGE1-train/Disc_Cup_Masks/Glaucoma/g0034.bmp,mask,mask,train
refuge1_train_g0035,refuge,/home/rpotter/hypertower/REFUGE/Train/REFUGE1-train/Training400/Glaucoma/g0035.jpg,/home/rpotter/hypertower/REFUGE/Train/REFUGE1-train/Disc_Cup_Masks/Glaucoma/g0035.bmp,/home/rpotter/hypertower/REFUGE/Train/REFUGE1-train/Disc_Cup_Masks/Glaucoma/g0035.bmp,mask,mask,train
refuge1_train_g0036,refuge,/home/rpotter/hypertower/REFUGE/Train/REFUGE1-train/Training400/Glaucoma/g0036.jpg,/home/rpotter/hypertower/REFUGE/Train/REFUGE1-train/Disc_Cup_Masks/Glaucoma/g0036.bmp,/home/rpotter/hypertower/REFUGE/Train/REFUGE1-train/Disc_Cup_Masks/Glaucoma/g0036.bmp,mask,mask,train
refuge1_train_g0037,refuge,/home/rpotter/hypertower/REFUGE/Train/REFUGE1-train/Training400/Glaucoma/g0037.jpg,/home/rpotter/hypertower/REFUGE/Train/REFUGE1-train/Disc_Cup_Masks/Glaucoma/g0037.bmp,/home/rpotter/hypertower/REFUGE/Train/REFUGE1-train/Disc_Cup_Masks/Glaucoma/g0037.bmp,mask,mask,train
refuge1_train_g0038,refuge,/home/rpotter/hypertower/REFUGE/Train/REFUGE1-train/Training400/Glaucoma/g0038.jpg,/home/rpotter/hypertower/REFUGE/Train/REFUGE1-train/Disc_Cup_Masks/Glaucoma/g0038.bmp,/home/rpotter/hypertower/REFUGE/Train/REFUGE1-train/Disc_Cup_Masks/Glaucoma/g0038.bmp,mask,mask,train
refuge1_train_g0039,refuge,/home/rpotter/hypertower/REFUGE/Train/REFUGE1-train/Training400/Glaucoma/g0039.jpg,/home/rpotter/hypertower/REFUGE/Train/REFUGE1-train/Disc_Cup_Masks/Glaucoma/g0039.bmp,/home/rpotter/hypertower/REFUGE/Train/REFUGE1-train/Disc_Cup_Masks/Glaucoma/g0039.bmp,mask,mask,train
refuge1_train_g0040,refuge,/home/rpotter/hypertower/REFUGE/Train/REFUGE1-train/Training400/Glaucoma/g0040.jpg,/home/rpotter/hypertower/REFUGE/Train/REFUGE1-train/Disc_Cup_Masks/Glaucoma/g0040.bmp,/home/rpotter/hypertower/REFUGE/Train/REFUGE1-train/Disc_Cup_Masks/Glaucoma/g0040.bmp,mask,mask,train
refuge1_train_n0001,refuge,/home/rpotter/hypertower/REFUGE/Train/REFUGE1-train/Training400/Non-Glaucoma/n0001.jpg,/home/rpotter/hypertower/REFUGE/Train/REFUGE1-train/Disc_Cup_Masks/Non-Glaucoma/n0001.bmp,/home/rpotter/hypertower/REFUGE/Train/REFUGE1-train/Disc_Cup_Masks/Non-Glaucoma/n0001.bmp,mask,mask,train
refuge1_train_n0002,refuge,/home/rpotter/hypertower/REFUGE/Train/REFUGE1-train/Training400/Non-Glaucoma/n0002.jpg,/home/rpotter/hypertower/REFUGE/Train/REFUGE1-train/Disc_Cup_Masks/Non-Glaucoma/n0002.bmp,/home/rpotter/hypertower/REFUGE/Train/REFUGE1-train/Disc_Cup_Masks/Non-Glaucoma/n0002.bmp,mask,mask,train
refuge1_train_n0003,refuge,/home/rpotter/hypertower/REFUGE/Train/REFUGE1-train/Training400/Non-Glaucoma/n0003.jpg,/home/rpotter/hypertower/REFUGE/Train/REFUGE1-train/Disc_Cup_Masks/Non-Glaucoma/n0003.bmp,/home/rpotter/hypertower/REFUGE/Train/REFUGE1-train/Disc_Cup_Masks/Non-Glaucoma/n0003.bmp,mask,mask,train
refuge1_train_n0004,refuge,/home/rpotter/hypertower/REFUGE/Train/REFUGE1-train/Training400/Non-Glaucoma/n0004.jpg,/home/rpotter/hypertower/REFUGE/Train/REFUGE1-train/Disc_Cup_Masks/Non-Glaucoma/n0004.bmp,/home/rpotter/hypertower/REFUGE/Train/REFUGE1-train/Disc_Cup_Masks/Non-Glaucoma/n0004.bmp,mask,mask,train
refuge1_train_n0005,refuge,/home/rpotter/hypertower/REFUGE/Train/REFUGE1-train/Training400/Non-Glaucoma/n0005.jpg,/home/rpotter/hypertower/REFUGE/Train/REFUGE1-train/Disc_Cup_Masks/Non-Glaucoma/n0005.bmp,/home/rpotter/hypertower/REFUGE/Train/REFUGE1-train/Disc_Cup_Masks/Non-Glaucoma/n0005.bmp,mask,mask,train
refuge1_train_n0006,refuge,/home/rpotter/hypertower/REFUGE/Train/REFUGE1-train/Training400/Non-Glaucoma/n0006.jpg,/home/rpotter/hypertower/REFUGE/Train/REFUGE1-train/Disc_Cup_Masks/Non-Glaucoma/n0006.bmp,/home/rpotter/hypertower/REFUGE/Train/REFUGE1-train/Disc_Cup_Masks/Non-Glaucoma/n0006.bmp,mask,mask,train
refuge1_train_n0007,refuge,/home/rpotter/hypertower/REFUGE/Train/REFUGE1-train/Training400/Non-Glaucoma/n0007.jpg,/home/rpotter/hypertower/REFUGE/Train/REFUGE1-train/Disc_Cup_Masks/Non-Glaucoma/n0007.bmp,/home/rpotter/hypertower/REFUGE/Train/REFUGE1-train/Disc_Cup_Masks/Non-Glaucoma/n0007.bmp,mask,mask,train
refuge1_train_n0008,refuge,/home/rpotter/hypertower/REFUGE/Train/REFUGE1-train/Training400/Non-Glaucoma/n0008.jpg,/home/rpotter/hypertower/REFUGE/Train/REFUGE1-train/Disc_Cup_Masks/Non-Glaucoma/n0008.bmp,/home/rpotter/hypertower/REFUGE/Train/REFUGE1-train/Disc_Cup_Masks/Non-Glaucoma/n0008.bmp,mask,mask,train
refuge1_train_n0009,refuge,/home/rpotter/hypertower/REFUGE/Train/REFUGE1-train/Training400/Non-Glaucoma/n0009.jpg,/home/rpotter/hypertower/REFUGE/Train/REFUGE1-train/Disc_Cup_Masks/Non-Glaucoma/n0009.bmp,/home/rpotter/hypertower/REFUGE/Train/REFUGE1-train/Disc_Cup_Masks/Non-Glaucoma/n0009.bmp,mask,mask,train
refuge1_train_n0010,refuge,/home/rpotter/hypertower/REFUGE/Train/REFUGE1-train/Training400/Non-Glaucoma/n0010.jpg,/home/rpotter/hypertower/REFUGE/Train/REFUGE1-train/Disc_Cup_Masks/Non-Glaucoma/n0010.bmp,/home/rpotter/hypertower/REFUGE/Train/REFUGE1-train/Disc_Cup_Masks/Non-Glaucoma/n0010.bmp,mask,mask,train
refuge1_train_n0011,refuge,/home/rpotter/hypertower/REFUGE/Train/REFUGE1-train/Training400/Non-Glaucoma/n0011.jpg,/home/rpotter/hypertower/REFUGE/Train/REFUGE1-train/Disc_Cup_Masks/Non-Glaucoma/n0011.bmp,/home/rpotter/hypertower/REFUGE/Train/REFUGE1-train/Disc_Cup_Masks/Non-Glaucoma/n0011.bmp,mask,mask,train
refuge1_train_n0012,refuge,/home/rpotter/hypertower/REFUGE/Train/REFUGE1-train/Training400/Non-Glaucoma/n0012.jpg,/home/rpotter/hypertower/REFUGE/Train/REFUGE1-train/Disc_Cup_Masks/Non-Glaucoma/n0012.bmp,/home/rpotter/hypertower/REFUGE/Train/REFUGE1-train/Disc_Cup_Masks/Non-Glaucoma/n0012.bmp,mask,mask,train
refuge1_train_n0013,refuge,/home/rpotter/hypertower/REFUGE/Train/REFUGE1-train/Training400/Non-Glaucoma/n0013.jpg,/home/rpotter/hypertower/REFUGE/Train/REFUGE1-train/Disc_Cup_Masks/Non-Glaucoma/n0013.bmp,/home/rpotter/hypertower/REFUGE/Train/REFUGE1-train/Disc_Cup_Masks/Non-Glaucoma/n0013.bmp,mask,mask,train
refuge1_train_n0014,refuge,/home/rpotter/hypertower/REFUGE/Train/REFUGE1-train/Training400/Non-Glaucoma/n0014.jpg,/home/rpotter/hypertower/REFUGE/Train/REFUGE1-train/Disc_Cup_Masks/Non-Glaucoma/n0014.bmp,/home/rpotter/hypertower/REFUGE/Train/REFUGE1-train/Disc_Cup_Masks/Non-Glaucoma/n0014.bmp,mask,mask,train
refuge1_train_n0015,refuge,/home/rpotter/hypertower/REFUGE/Train/REFUGE1-train/Training400/Non-Glaucoma/n0015.jpg,/home/rpotter/hypertower/REFUGE/Train/REFUGE1-train/Disc_Cup_Masks/Non-Glaucoma/n0015.bmp,/home/rpotter/hypertower/REFUGE/Train/REFUGE1-train/Disc_Cup_Masks/Non-Glaucoma/n0015.bmp,mask,mask,train
refuge1_train_n0016,refuge,/home/rpotter/hypertower/REFUGE/Train/REFUGE1-train/Training400/Non-Glaucoma/n0016.jpg,/home/rpotter/hypertower/REFUGE/Train/REFUGE1-train/Disc_Cup_Masks/Non-Glaucoma/n0016.bmp,/home/rpotter/hypertower/REFUGE/Train/REFUGE1-train/Disc_Cup_Masks/Non-Glaucoma/n0016.bmp,mask,mask,train
refuge1_train_n0017,refuge,/home/rpotter/hypertower/REFUGE/Train/REFUGE1-train/Training400/Non-Glaucoma/n0017.jpg,/home/rpotter/hypertower/REFUGE/Train/REFUGE1-train/Disc_Cup_Masks/Non-Glaucoma/n0017.bmp,/home/rpotter/hypertower/REFUGE/Train/REFUGE1-train/Disc_Cup_Masks/Non-Glaucoma/n0017.bmp,mask,mask,train
refuge1_train_n0018,refuge,/home/rpotter/hypertower/REFUGE/Train/REFUGE1-train/Training400/Non-Glaucoma/n0018.jpg,/home/rpotter/hypertower/REFUGE/Train/REFUGE1-train/Disc_Cup_Masks/Non-Glaucoma/n0018.bmp,/home/rpotter/hypertower/REFUGE/Train/REFUGE1-train/Disc_Cup_Masks/Non-Glaucoma/n0018.bmp,mask,mask,train
refuge1_train_n0019,refuge,/home/rpotter/hypertower/REFUGE/Train/REFUGE1-train/Training400/Non-Glaucoma/n0019.jpg,/home/rpotter/hypertower/REFUGE/Train/REFUGE1-train/Disc_Cup_Masks/Non-Glaucoma/n0019.bmp,/home/rpotter/hypertower/REFUGE/Train/REFUGE1-train/Disc_Cup_Masks/Non-Glaucoma/n0019.bmp,mask,mask,train
refuge1_train_n0020,refuge,/home/rpotter/hypertower/REFUGE/Train/REFUGE1-train/Training400/Non-Glaucoma/n0020.jpg,/home/rpotter/hypertower/REFUGE/Train/REFUGE1-train/Disc_Cup_Masks/Non-Glaucoma/n0020.bmp,/home/rpotter/hypertower/REFUGE/Train/REFUGE1-train/Disc_Cup_Masks/Non-Glaucoma/n0020.bmp,mask,mask,train
refuge1_train_n0021,refuge,/home/rpotter/hypertower/REFUGE/Train/REFUGE1-train/Training400/Non-Glaucoma/n0021.jpg,/home/rpotter/hypertower/REFUGE/Train/REFUGE1-train/Disc_Cup_Masks/Non-Glaucoma/n0021.bmp,/home/rpotter/hypertower/REFUGE/Train/REFUGE1-train/Disc_Cup_Masks/Non-Glaucoma/n0021.bmp,mask,mask,train
refuge1_train_n0022,refuge,/home/rpotter/hypertower/REFUGE/Train/REFUGE1-train/Training400/Non-Glaucoma/n0022.jpg,/home/rpotter/hypertower/REFUGE/Train/REFUGE1-train/Disc_Cup_Masks/Non-Glaucoma/n0022.bmp,/home/rpotter/hypertower/REFUGE/Train/REFUGE1-train/Disc_Cup_Masks/Non-Glaucoma/n0022.bmp,mask,mask,train
refuge1_train_n0023,refuge,/home/rpotter/hypertower/REFUGE/Train/REFUGE1-train/Training400/Non-Glaucoma/n0023.jpg,/home/rpotter/hypertower/REFUGE/Train/REFUGE1-train/Disc_Cup_Masks/Non-Glaucoma/n0023.bmp,/home/rpotter/hypertower/REFUGE/Train/REFUGE1-train/Disc_Cup_Masks/Non-Glaucoma/n0023.bmp,mask,mask,train
refuge1_train_n0024,refuge,/home/rpotter/hypertower/REFUGE/Train/REFUGE1-train/Training400/Non-Glaucoma/n0024.jpg,/home/rpotter/hypertower/REFUGE/Train/REFUGE1-train/Disc_Cup_Masks/Non-Glaucoma/n0024.bmp,/home/rpotter/hypertower/REFUGE/Train/REFUGE1-train/Disc_Cup_Masks/Non-Glaucoma/n0024.bmp,mask,mask,train
refuge1_train_n0025,refuge,/home/rpotter/hypertower/REFUGE/Train/REFUGE1-train/Training400/Non-Glaucoma/n0025.jpg,/home/rpotter/hypertower/REFUGE/Train/REFUGE1-train/Disc_Cup_Masks/Non-Glaucoma/n0025.bmp,/home/rpotter/hypertower/REFUGE/Train/REFUGE1-train/Disc_Cup_Masks/Non-Glaucoma/n0025.bmp,mask,mask,train
refuge1_train_n0026,refuge,/home/rpotter/hypertower/REFUGE/Train/REFUGE1-train/Training400/Non-Glaucoma/n0026.jpg,/home/rpotter/hypertower/REFUGE/Train/REFUGE1-train/Disc_Cup_Masks/Non-Glaucoma/n0026.bmp,/home/rpotter/hypertower/REFUGE/Train/REFUGE1-train/Disc_Cup_Masks/Non-Glaucoma/n0026.bmp,mask,mask,train
refuge1_train_n0027,refuge,/home/rpotter/hypertower/REFUGE/Train/REFUGE1-train/Training400/Non-Glaucoma/n0027.jpg,/home/rpotter/hypertower/REFUGE/Train/REFUGE1-train/Disc_Cup_Masks/Non-Glaucoma/n0027.bmp,/home/rpotter/hypertower/REFUGE/Train/REFUGE1-train/Disc_Cup_Masks/Non-Glaucoma/n0027.bmp,mask,mask,train
refuge1_train_n0028,refuge,/home/rpotter/hypertower/REFUGE/Train/REFUGE1-train/Training400/Non-Glaucoma/n0028.jpg,/home/rpotter/hypertower/REFUGE/Train/REFUGE1-train/Disc_Cup_Masks/Non-Glaucoma/n0028.bmp,/home/rpotter/hypertower/REFUGE/Train/REFUGE1-train/Disc_Cup_Masks/Non-Glaucoma/n0028.bmp,mask,mask,train
refuge1_train_n0029,refuge,/home/rpotter/hypertower/REFUGE/Train/REFUGE1-train/Training400/Non-Glaucoma/n0029.jpg,/home/rpotter/hypertower/REFUGE/Train/REFUGE1-train/Disc_Cup_Masks/Non-Glaucoma/n0029.bmp,/home/rpotter/hypertower/REFUGE/Train/REFUGE1-train/Disc_Cup_Masks/Non-Glaucoma/n0029.bmp,mask,mask,train
refuge1_train_n0030,refuge,/home/rpotter/hypertower/REFUGE/Train/REFUGE1-train/Training400/Non-Glaucoma/n0030.jpg,/home/rpotter/hypertower/REFUGE/Train/REFUGE1-train/Disc_Cup_Masks/Non-Glaucoma/n0030.bmp,/home/rpotter/hypertower/REFUGE/Train/REFUGE1-train/Disc_Cup_Masks/Non-Glaucoma/n0030.bmp,mask,mask,train
refuge1_train_n0031,refuge,/home/rpotter/hypertower/REFUGE/Train/REFUGE1-train/Training400/Non-Glaucoma/n0031.jpg,/home/rpotter/hypertower/REFUGE/Train/REFUGE1-train/Disc_Cup_Masks/Non-Glaucoma/n0031.bmp,/home/rpotter/hypertower/REFUGE/Train/REFUGE1-train/Disc_Cup_Masks/Non-Glaucoma/n0031.bmp,mask,mask,train
refuge1_train_n0032,refuge,/home/rpotter/hypertower/REFUGE/Train/REFUGE1-train/Training400/Non-Glaucoma/n0032.jpg,/home/rpotter/hypertower/REFUGE/Train/REFUGE1-train/Disc_Cup_Masks/Non-Glaucoma/n0032.bmp,/home/rpotter/hypertower/REFUGE/Train/REFUGE1-train/Disc_Cup_Masks/Non-Glaucoma/n0032.bmp,mask,mask,train
refuge1_train_n0033,refuge,/home/rpotter/hypertower/REFUGE/Train/REFUGE1-train/Training400/Non-Glaucoma/n0033.jpg,/home/rpotter/hypertower/REFUGE/Train/REFUGE1-train/Disc_Cup_Masks/Non-Glaucoma/n0033.bmp,/home/rpotter/hypertower/REFUGE/Train/REFUGE1-train/Disc_Cup_Masks/Non-Glaucoma/n0033.bmp,mask,mask,train
refuge1_train_n0034,refuge,/home/rpotter/hypertower/REFUGE/Train/REFUGE1-train/Training400/Non-Glaucoma/n0034.jpg,/home/rpotter/hypertower/REFUGE/Train/REFUGE1-train/Disc_Cup_Masks/Non-Glaucoma/n0034.bmp,/home/rpotter/hypertower/REFUGE/Train/REFUGE1-train/Disc_Cup_Masks/Non-Glaucoma/n0034.bmp,mask,mask,train
refuge1_train_n0035,refuge,/home/rpotter/hypertower/REFUGE/Train/REFUGE1-train/Training400/Non-Glaucoma/n0035.jpg,/home/rpotter/hypertower/REFUGE/Train/REFUGE1-train/Disc_Cup_Masks/Non-Glaucoma/n0035.bmp,/home/rpotter/hypertower/REFUGE/Train/REFUGE1-train/Disc_Cup_Masks/Non-Glaucoma/n0035.bmp,mask,mask,train
refuge1_train_n0036,refuge,/home/rpotter/hypertower/REFUGE/Train/REFUGE1-train/Training400/Non-Glaucoma/n0036.jpg,/home/rpotter/hypertower/REFUGE/Train/REFUGE1-train/Disc_Cup_Masks/Non-Glaucoma/n0036.bmp,/home/rpotter/hypertower/REFUGE/Train/REFUGE1-train/Disc_Cup_Masks/Non-Glaucoma/n0036.bmp,mask,mask,train
refuge1_train_n0037,refuge,/home/rpotter/hypertower/REFUGE/Train/REFUGE1-train/Training400/Non-Glaucoma/n0037.jpg,/home/rpotter/hypertower/REFUGE/Train/REFUGE1-train/Disc_Cup_Masks/Non-Glaucoma/n0037.bmp,/home/rpotter/hypertower/REFUGE/Train/REFUGE1-train/Disc_Cup_Masks/Non-Glaucoma/n0037.bmp,mask,mask,train
refuge1_train_n0038,refuge,/home/rpotter/hypertower/REFUGE/Train/REFUGE1-train/Training400/Non-Glaucoma/n0038.jpg,/home/rpotter/hypertower/REFUGE/Train/REFUGE1-train/Disc_Cup_Masks/Non-Glaucoma/n0038.bmp,/home/rpotter/hypertower/REFUGE/Train/REFUGE1-train/Disc_Cup_Masks/Non-Glaucoma/n0038.bmp,mask,mask,train
refuge1_train_n0039,refuge,/home/rpotter/hypertower/REFUGE/Train/REFUGE1-train/Training400/Non-Glaucoma/n0039.jpg,/home/rpotter/hypertower/REFUGE/Train/REFUGE1-train/Disc_Cup_Masks/Non-Glaucoma/n0039.bmp,/home/rpotter/hypertower/REFUGE/Train/REFUGE1-train/Disc_Cup_Masks/Non-Glaucoma/n0039.bmp,mask,mask,train
refuge1_train_n0040,refuge,/home/rpotter/hypertower/REFUGE/Train/REFUGE1-train/Training400/Non-Glaucoma/n0040.jpg,/home/rpotter/hypertower/REFUGE/Train/REFUGE1-train/Disc_Cup_Masks/Non-Glaucoma/n0040.bmp,/home/rpotter/hypertower/REFUGE/Train/REFUGE1-train/Disc_Cup_Masks/Non-Glaucoma/n0040.bmp,mask,mask,train
refuge1_train_n0041,refuge,/home/rpotter/hypertower/REFUGE/Train/REFUGE1-train/Training400/Non-Glaucoma/n0041.jpg,/home/rpotter/hypertower/REFUGE/Train/REFUGE1-train/Disc_Cup_Masks/Non-Glaucoma/n0041.bmp,/home/rpotter/hypertower/REFUGE/Train/REFUGE1-train/Disc_Cup_Masks/Non-Glaucoma/n0041.bmp,mask,mask,train
refuge1_train_n0042,refuge,/home/rpotter/hypertower/REFUGE/Train/REFUGE1-train/Training400/Non-Glaucoma/n0042.jpg,/home/rpotter/hypertower/REFUGE/Train/REFUGE1-train/Disc_Cup_Masks/Non-Glaucoma/n0042.bmp,/home/rpotter/hypertower/REFUGE/Train/REFUGE1-train/Disc_Cup_Masks/Non-Glaucoma/n0042.bmp,mask,mask,train
refuge1_train_n0043,refuge,/home/rpotter/hypertower/REFUGE/Train/REFUGE1-train/Training400/Non-Glaucoma/n0043.jpg,/home/rpotter/hypertower/REFUGE/Train/REFUGE1-train/Disc_Cup_Masks/Non-Glaucoma/n0043.bmp,/home/rpotter/hypertower/REFUGE/Train/REFUGE1-train/Disc_Cup_Masks/Non-Glaucoma/n0043.bmp,mask,mask,train
refuge1_train_n0044,refuge,/home/rpotter/hypertower/REFUGE/Train/REFUGE1-train/Training400/Non-Glaucoma/n0044.jpg,/home/rpotter/hypertower/REFUGE/Train/REFUGE1-train/Disc_Cup_Masks/Non-Glaucoma/n0044.bmp,/home/rpotter/hypertower/REFUGE/Train/REFUGE1-train/Disc_Cup_Masks/Non-Glaucoma/n0044.bmp,mask,mask,train
refuge1_train_n0045,refuge,/home/rpotter/hypertower/REFUGE/Train/REFUGE1-train/Training400/Non-Glaucoma/n0045.jpg,/home/rpotter/hypertower/REFUGE/Train/REFUGE1-train/Disc_Cup_Masks/Non-Glaucoma/n0045.bmp,/home/rpotter/hypertower/REFUGE/Train/REFUGE1-train/Disc_Cup_Masks/Non-Glaucoma/n0045.bmp,mask,mask,train
refuge1_train_n0046,refuge,/home/rpotter/hypertower/REFUGE/Train/REFUGE1-train/Training400/Non-Glaucoma/n0046.jpg,/home/rpotter/hypertower/REFUGE/Train/REFUGE1-train/Disc_Cup_Masks/Non-Glaucoma/n0046.bmp,/home/rpotter/hypertower/REFUGE/Train/REFUGE1-train/Disc_Cup_Masks/Non-Glaucoma/n0046.bmp,mask,mask,train
refuge1_train_n0047,refuge,/home/rpotter/hypertower/REFUGE/Train/REFUGE1-train/Training400/Non-Glaucoma/n0047.jpg,/home/rpotter/hypertower/REFUGE/Train/REFUGE1-train/Disc_Cup_Masks/Non-Glaucoma/n0047.bmp,/home/rpotter/hypertower/REFUGE/Train/REFUGE1-train/Disc_Cup_Masks/Non-Glaucoma/n0047.bmp,mask,mask,train
refuge1_train_n0048,refuge,/home/rpotter/hypertower/REFUGE/Train/REFUGE1-train/Training400/Non-Glaucoma/n0048.jpg,/home/rpotter/hypertower/REFUGE/Train/REFUGE1-train/Disc_Cup_Masks/Non-Glaucoma/n0048.bmp,/home/rpotter/hypertower/REFUGE/Train/REFUGE1-train/Disc_Cup_Masks/Non-Glaucoma/n0048.bmp,mask,mask,train
refuge1_train_n0049,refuge,/home/rpotter/hypertower/REFUGE/Train/REFUGE1-train/Training400/Non-Glaucoma/n0049.jpg,/home/rpotter/hypertower/REFUGE/Train/REFUGE1-train/Disc_Cup_Masks/Non-Glaucoma/n0049.bmp,/home/rpotter/hypertower/REFUGE/Train/REFUGE1-train/Disc_Cup_Masks/Non-Glaucoma/n0049.bmp,mask,mask,train
refuge1_train_n0050,refuge,/home/rpotter/hypertower/REFUGE/Train/REFUGE1-train/Training400/Non-Glaucoma/n0050.jpg,/home/rpotter/hypertower/REFUGE/Train/REFUGE1-train/Disc_Cup_Masks/Non-Glaucoma/n0050.bmp,/home/rpotter/hypertower/REFUGE/Train/REFUGE1-train/Disc_Cup_Masks/Non-Glaucoma/n0050.bmp,mask,mask,train
refuge1_train_n0051,refuge,/home/rpotter/hypertower/REFUGE/Train/REFUGE1-train/Training400/Non-Glaucoma/n0051.jpg,/home/rpotter/hypertower/REFUGE/Train/REFUGE1-train/Disc_Cup_Masks/Non-Glaucoma/n0051.bmp,/home/rpotter/hypertower/REFUGE/Train/REFUGE1-train/Disc_Cup_Masks/Non-Glaucoma/n0051.bmp,mask,mask,train
refuge1_train_n0052,refuge,/home/rpotter/hypertower/REFUGE/Train/REFUGE1-train/Training400/Non-Glaucoma/n0052.jpg,/home/rpotter/hypertower/REFUGE/Train/REFUGE1-train/Disc_Cup_Masks/Non-Glaucoma/n0052.bmp,/home/rpotter/hypertower/REFUGE/Train/REFUGE1-train/Disc_Cup_Masks/Non-Glaucoma/n0052.bmp,mask,mask,train
refuge1_train_n0053,refuge,/home/rpotter/hypertower/REFUGE/Train/REFUGE1-train/Training400/Non-Glaucoma/n0053.jpg,/home/rpotter/hypertower/REFUGE/Train/REFUGE1-train/Disc_Cup_Masks/Non-Glaucoma/n0053.bmp,/home/rpotter/hypertower/REFUGE/Train/REFUGE1-train/Disc_Cup_Masks/Non-Glaucoma/n0053.bmp,mask,mask,train
refuge1_train_n0054,refuge,/home/rpotter/hypertower/REFUGE/Train/REFUGE1-train/Training400/Non-Glaucoma/n0054.jpg,/home/rpotter/hypertower/REFUGE/Train/REFUGE1-train/Disc_Cup_Masks/Non-Glaucoma/n0054.bmp,/home/rpotter/hypertower/REFUGE/Train/REFUGE1-train/Disc_Cup_Masks/Non-Glaucoma/n0054.bmp,mask,mask,train
refuge1_train_n0055,refuge,/home/rpotter/hypertower/REFUGE/Train/REFUGE1-train/Training400/Non-Glaucoma/n0055.jpg,/home/rpotter/hypertower/REFUGE/Train/REFUGE1-train/Disc_Cup_Masks/Non-Glaucoma/n0055.bmp,/home/rpotter/hypertower/REFUGE/Train/REFUGE1-train/Disc_Cup_Masks/Non-Glaucoma/n0055.bmp,mask,mask,train
refuge1_train_n0056,refuge,/home/rpotter/hypertower/REFUGE/Train/REFUGE1-train/Training400/Non-Glaucoma/n0056.jpg,/home/rpotter/hypertower/REFUGE/Train/REFUGE1-train/Disc_Cup_Masks/Non-Glaucoma/n0056.bmp,/home/rpotter/hypertower/REFUGE/Train/REFUGE1-train/Disc_Cup_Masks/Non-Glaucoma/n0056.bmp,mask,mask,train
refuge1_train_n0057,refuge,/home/rpotter/hypertower/REFUGE/Train/REFUGE1-train/Training400/Non-Glaucoma/n0057.jpg,/home/rpotter/hypertower/REFUGE/Train/REFUGE1-train/Disc_Cup_Masks/Non-Glaucoma/n0057.bmp,/home/rpotter/hypertower/REFUGE/Train/REFUGE1-train/Disc_Cup_Masks/Non-Glaucoma/n0057.bmp,mask,mask,train
refuge1_train_n0058,refuge,/home/rpotter/hypertower/REFUGE/Train/REFUGE1-train/Training400/Non-Glaucoma/n0058.jpg,/home/rpotter/hypertower/REFUGE/Train/REFUGE1-train/Disc_Cup_Masks/Non-Glaucoma/n0058.bmp,/home/rpotter/hypertower/REFUGE/Train/REFUGE1-train/Disc_Cup_Masks/Non-Glaucoma/n0058.bmp,mask,mask,train
refuge1_train_n0059,refuge,/home/rpotter/hypertower/REFUGE/Train/REFUGE1-train/Training400/Non-Glaucoma/n0059.jpg,/home/rpotter/hypertower/REFUGE/Train/REFUGE1-train/Disc_Cup_Masks/Non-Glaucoma/n0059.bmp,/home/rpotter/hypertower/REFUGE/Train/REFUGE1-train/Disc_Cup_Masks/Non-Glaucoma/n0059.bmp,mask,mask,train
refuge1_train_n0060,refuge,/home/rpotter/hypertower/REFUGE/Train/REFUGE1-train/Training400/Non-Glaucoma/n0060.jpg,/home/rpotter/hypertower/REFUGE/Train/REFUGE1-train/Disc_Cup_Masks/Non-Glaucoma/n0060.bmp,/home/rpotter/hypertower/REFUGE/Train/REFUGE1-train/Disc_Cup_Masks/Non-Glaucoma/n0060.bmp,mask,mask,train
refuge1_train_n0061,refuge,/home/rpotter/hypertower/REFUGE/Train/REFUGE1-train/Training400/Non-Glaucoma/n0061.jpg,/home/rpotter/hypertower/REFUGE/Train/REFUGE1-train/Disc_Cup_Masks/Non-Glaucoma/n0061.bmp,/home/rpotter/hypertower/REFUGE/Train/REFUGE1-train/Disc_Cup_Masks/Non-Glaucoma/n0061.bmp,mask,mask,train
refuge1_train_n0062,refuge,/home/rpotter/hypertower/REFUGE/Train/REFUGE1-train/Training400/Non-Glaucoma/n0062.jpg,/home/rpotter/hypertower/REFUGE/Train/REFUGE1-train/Disc_Cup_Masks/Non-Glaucoma/n0062.bmp,/home/rpotter/hypertower/REFUGE/Train/REFUGE1-train/Disc_Cup_Masks/Non-Glaucoma/n0062.bmp,mask,mask,train
refuge1_train_n0063,refuge,/home/rpotter/hypertower/REFUGE/Train/REFUGE1-train/Training400/Non-Glaucoma/n0063.jpg,/home/rpotter/hypertower/REFUGE/Train/REFUGE1-train/Disc_Cup_Masks/Non-Glaucoma/n0063.bmp,/home/rpotter/hypertower/REFUGE/Train/REFUGE1-train/Disc_Cup_Masks/Non-Glaucoma/n0063.bmp,mask,mask,train
refuge1_train_n0064,refuge,/home/rpotter/hypertower/REFUGE/Train/REFUGE1-train/Training400/Non-Glaucoma/n0064.jpg,/home/rpotter/hypertower/REFUGE/Train/REFUGE1-train/Disc_Cup_Masks/Non-Glaucoma/n0064.bmp,/home/rpotter/hypertower/REFUGE/Train/REFUGE1-train/Disc_Cup_Masks/Non-Glaucoma/n0064.bmp,mask,mask,train
refuge1_train_n0065,refuge,/home/rpotter/hypertower/REFUGE/Train/REFUGE1-train/Training400/Non-Glaucoma/n0065.jpg,/home/rpotter/hypertower/REFUGE/Train/REFUGE1-train/Disc_Cup_Masks/Non-Glaucoma/n0065.bmp,/home/rpotter/hypertower/REFUGE/Train/REFUGE1-train/Disc_Cup_Masks/Non-Glaucoma/n0065.bmp,mask,mask,train
refuge1_train_n0066,refuge,/home/rpotter/hypertower/REFUGE/Train/REFUGE1-train/Training400/Non-Glaucoma/n0066.jpg,/home/rpotter/hypertower/REFUGE/Train/REFUGE1-train/Disc_Cup_Masks/Non-Glaucoma/n0066.bmp,/home/rpotter/hypertower/REFUGE/Train/REFUGE1-train/Disc_Cup_Masks/Non-Glaucoma/n0066.bmp,mask,mask,train
refuge1_train_n0067,refuge,/home/rpotter/hypertower/REFUGE/Train/REFUGE1-train/Training400/Non-Glaucoma/n0067.jpg,/home/rpotter/hypertower/REFUGE/Train/REFUGE1-train/Disc_Cup_Masks/Non-Glaucoma/n0067.bmp,/home/rpotter/hypertower/REFUGE/Train/REFUGE1-train/Disc_Cup_Masks/Non-Glaucoma/n0067.bmp,mask,mask,train
refuge1_train_n0068,refuge,/home/rpotter/hypertower/REFUGE/Train/REFUGE1-train/Training400/Non-Glaucoma/n0068.jpg,/home/rpotter/hypertower/REFUGE/Train/REFUGE1-train/Disc_Cup_Masks/Non-Glaucoma/n0068.bmp,/home/rpotter/hypertower/REFUGE/Train/REFUGE1-train/Disc_Cup_Masks/Non-Glaucoma/n0068.bmp,mask,mask,train
refuge1_train_n0069,refuge,/home/rpotter/hypertower/REFUGE/Train/REFUGE1-train/Training400/Non-Glaucoma/n0069.jpg,/home/rpotter/hypertower/REFUGE/Train/REFUGE1-train/Disc_Cup_Masks/Non-Glaucoma/n0069.bmp,/home/rpotter/hypertower/REFUGE/Train/REFUGE1-train/Disc_Cup_Masks/Non-Glaucoma/n0069.bmp,mask,mask,train
refuge1_train_n0070,refuge,/home/rpotter/hypertower/REFUGE/Train/REFUGE1-train/Training400/Non-Glaucoma/n0070.jpg,/home/rpotter/hypertower/REFUGE/Train/REFUGE1-train/Disc_Cup_Masks/Non-Glaucoma/n0070.bmp,/home/rpotter/hypertower/REFUGE/Train/REFUGE1-train/Disc_Cup_Masks/Non-Glaucoma/n0070.bmp,mask,mask,train
refuge1_train_n0071,refuge,/home/rpotter/hypertower/REFUGE/Train/REFUGE1-train/Training400/Non-Glaucoma/n0071.jpg,/home/rpotter/hypertower/REFUGE/Train/REFUGE1-train/Disc_Cup_Masks/Non-Glaucoma/n0071.bmp,/home/rpotter/hypertower/REFUGE/Train/REFUGE1-train/Disc_Cup_Masks/Non-Glaucoma/n0071.bmp,mask,mask,train
refuge1_train_n0072,refuge,/home/rpotter/hypertower/REFUGE/Train/REFUGE1-train/Training400/Non-Glaucoma/n0072.jpg,/home/rpotter/hypertower/REFUGE/Train/REFUGE1-train/Disc_Cup_Masks/Non-Glaucoma/n0072.bmp,/home/rpotter/hypertower/REFUGE/Train/REFUGE1-train/Disc_Cup_Masks/Non-Glaucoma/n0072.bmp,mask,mask,train
refuge1_train_n0073,refuge,/home/rpotter/hypertower/REFUGE/Train/REFUGE1-train/Training400/Non-Glaucoma/n0073.jpg,/home/rpotter/hypertower/REFUGE/Train/REFUGE1-train/Disc_Cup_Masks/Non-Glaucoma/n0073.bmp,/home/rpotter/hypertower/REFUGE/Train/REFUGE1-train/Disc_Cup_Masks/Non-Glaucoma/n0073.bmp,mask,mask,train
refuge1_train_n0074,refuge,/home/rpotter/hypertower/REFUGE/Train/REFUGE1-train/Training400/Non-Glaucoma/n0074.jpg,/home/rpotter/hypertower/REFUGE/Train/REFUGE1-train/Disc_Cup_Masks/Non-Glaucoma/n0074.bmp,/home/rpotter/hypertower/REFUGE/Train/REFUGE1-train/Disc_Cup_Masks/Non-Glaucoma/n0074.bmp,mask,mask,train
refuge1_train_n0075,refuge,/home/rpotter/hypertower/REFUGE/Train/REFUGE1-train/Training400/Non-Glaucoma/n0075.jpg,/home/rpotter/hypertower/REFUGE/Train/REFUGE1-train/Disc_Cup_Masks/Non-Glaucoma/n0075.bmp,/home/rpotter/hypertower/REFUGE/Train/REFUGE1-train/Disc_Cup_Masks/Non-Glaucoma/n0075.bmp,mask,mask,train
refuge1_train_n0076,refuge,/home/rpotter/hypertower/REFUGE/Train/REFUGE1-train/Training400/Non-Glaucoma/n0076.jpg,/home/rpotter/hypertower/REFUGE/Train/REFUGE1-train/Disc_Cup_Masks/Non-Glaucoma/n0076.bmp,/home/rpotter/hypertower/REFUGE/Train/REFUGE1-train/Disc_Cup_Masks/Non-Glaucoma/n0076.bmp,mask,mask,train
refuge1_train_n0077,refuge,/home/rpotter/hypertower/REFUGE/Train/REFUGE1-train/Training400/Non-Glaucoma/n0077.jpg,/home/rpotter/hypertower/REFUGE/Train/REFUGE1-train/Disc_Cup_Masks/Non-Glaucoma/n0077.bmp,/home/rpotter/hypertower/REFUGE/Train/REFUGE1-train/Disc_Cup_Masks/Non-Glaucoma/n0077.bmp,mask,mask,train
refuge1_train_n0078,refuge,/home/rpotter/hypertower/REFUGE/Train/REFUGE1-train/Training400/Non-Glaucoma/n0078.jpg,/home/rpotter/hypertower/REFUGE/Train/REFUGE1-train/Disc_Cup_Masks/Non-Glaucoma/n0078.bmp,/home/rpotter/hypertower/REFUGE/Train/REFUGE1-train/Disc_Cup_Masks/Non-Glaucoma/n0078.bmp,mask,mask,train
refuge1_train_n0079,refuge,/home/rpotter/hypertower/REFUGE/Train/REFUGE1-train/Training400/Non-Glaucoma/n0079.jpg,/home/rpotter/hypertower/REFUGE/Train/REFUGE1-train/Disc_Cup_Masks/Non-Glaucoma/n0079.bmp,/home/rpotter/hypertower/REFUGE/Train/REFUGE1-train/Disc_Cup_Masks/Non-Glaucoma/n0079.bmp,mask,mask,train
refuge1_train_n0080,refuge,/home/rpotter/hypertower/REFUGE/Train/REFUGE1-train/Training400/Non-Glaucoma/n0080.jpg,/home/rpotter/hypertower/REFUGE/Train/REFUGE1-train/Disc_Cup_Masks/Non-Glaucoma/n0080.bmp,/home/rpotter/hypertower/REFUGE/Train/REFUGE1-train/Disc_Cup_Masks/Non-Glaucoma/n0080.bmp,mask,mask,train
refuge1_train_n0081,refuge,/home/rpotter/hypertower/REFUGE/Train/REFUGE1-train/Training400/Non-Glaucoma/n0081.jpg,/home/rpotter/hypertower/REFUGE/Train/REFUGE1-train/Disc_Cup_Masks/Non-Glaucoma/n0081.bmp,/home/rpotter/hypertower/REFUGE/Train/REFUGE1-train/Disc_Cup_Masks/Non-Glaucoma/n0081.bmp,mask,mask,train
refuge1_train_n0082,refuge,/home/rpotter/hypertower/REFUGE/Train/REFUGE1-train/Training400/Non-Glaucoma/n0082.jpg,/home/rpotter/hypertower/REFUGE/Train/REFUGE1-train/Disc_Cup_Masks/Non-Glaucoma/n0082.bmp,/home/rpotter/hypertower/REFUGE/Train/REFUGE1-train/Disc_Cup_Masks/Non-Glaucoma/n0082.bmp,mask,mask,train
refuge1_train_n0083,refuge,/home/rpotter/hypertower/REFUGE/Train/REFUGE1-train/Training400/Non-Glaucoma/n0083.jpg,/home/rpotter/hypertower/REFUGE/Train/REFUGE1-train/Disc_Cup_Masks/Non-Glaucoma/n0083.bmp,/home/rpotter/hypertower/REFUGE/Train/REFUGE1-train/Disc_Cup_Masks/Non-Glaucoma/n0083.bmp,mask,mask,train
refuge1_train_n0084,refuge,/home/rpotter/hypertower/REFUGE/Train/REFUGE1-train/Training400/Non-Glaucoma/n0084.jpg,/home/rpotter/hypertower/REFUGE/Train/REFUGE1-train/Disc_Cup_Masks/Non-Glaucoma/n0084.bmp,/home/rpotter/hypertower/REFUGE/Train/REFUGE1-train/Disc_Cup_Masks/Non-Glaucoma/n0084.bmp,mask,mask,train
refuge1_train_n0085,refuge,/home/rpotter/hypertower/REFUGE/Train/REFUGE1-train/Training400/Non-Glaucoma/n0085.jpg,/home/rpotter/hypertower/REFUGE/Train/REFUGE1-train/Disc_Cup_Masks/Non-Glaucoma/n0085.bmp,/home/rpotter/hypertower/REFUGE/Train/REFUGE1-train/Disc_Cup_Masks/Non-Glaucoma/n0085.bmp,mask,mask,train
refuge1_train_n0086,refuge,/home/rpotter/hypertower/REFUGE/Train/REFUGE1-train/Training400/Non-Glaucoma/n0086.jpg,/home/rpotter/hypertower/REFUGE/Train/REFUGE1-train/Disc_Cup_Masks/Non-Glaucoma/n0086.bmp,/home/rpotter/hypertower/REFUGE/Train/REFUGE1-train/Disc_Cup_Masks/Non-Glaucoma/n0086.bmp,mask,mask,train
refuge1_train_n0087,refuge,/home/rpotter/hypertower/REFUGE/Train/REFUGE1-train/Training400/Non-Glaucoma/n0087.jpg,/home/rpotter/hypertower/REFUGE/Train/REFUGE1-train/Disc_Cup_Masks/Non-Glaucoma/n0087.bmp,/home/rpotter/hypertower/REFUGE/Train/REFUGE1-train/Disc_Cup_Masks/Non-Glaucoma/n0087.bmp,mask,mask,train
refuge1_train_n0088,refuge,/home/rpotter/hypertower/REFUGE/Train/REFUGE1-train/Training400/Non-Glaucoma/n0088.jpg,/home/rpotter/hypertower/REFUGE/Train/REFUGE1-train/Disc_Cup_Masks/Non-Glaucoma/n0088.bmp,/home/rpotter/hypertower/REFUGE/Train/REFUGE1-train/Disc_Cup_Masks/Non-Glaucoma/n0088.bmp,mask,mask,train
refuge1_train_n0089,refuge,/home/rpotter/hypertower/REFUGE/Train/REFUGE1-train/Training400/Non-Glaucoma/n0089.jpg,/home/rpotter/hypertower/REFUGE/Train/REFUGE1-train/Disc_Cup_Masks/Non-Glaucoma/n0089.bmp,/home/rpotter/hypertower/REFUGE/Train/REFUGE1-train/Disc_Cup_Masks/Non-Glaucoma/n0089.bmp,mask,mask,train
refuge1_train_n0090,refuge,/home/rpotter/hypertower/REFUGE/Train/REFUGE1-train/Training400/Non-Glaucoma/n0090.jpg,/home/rpotter/hypertower/REFUGE/Train/REFUGE1-train/Disc_Cup_Masks/Non-Glaucoma/n0090.bmp,/home/rpotter/hypertower/REFUGE/Train/REFUGE1-train/Disc_Cup_Masks/Non-Glaucoma/n0090.bmp,mask,mask,train
refuge1_train_n0091,refuge,/home/rpotter/hypertower/REFUGE/Train/REFUGE1-train/Training400/Non-Glaucoma/n0091.jpg,/home/rpotter/hypertower/REFUGE/Train/REFUGE1-train/Disc_Cup_Masks/Non-Glaucoma/n0091.bmp,/home/rpotter/hypertower/REFUGE/Train/REFUGE1-train/Disc_Cup_Masks/Non-Glaucoma/n0091.bmp,mask,mask,train
refuge1_train_n0092,refuge,/home/rpotter/hypertower/REFUGE/Train/REFUGE1-train/Training400/Non-Glaucoma/n0092.jpg,/home/rpotter/hypertower/REFUGE/Train/REFUGE1-train/Disc_Cup_Masks/Non-Glaucoma/n0092.bmp,/home/rpotter/hypertower/REFUGE/Train/REFUGE1-train/Disc_Cup_Masks/Non-Glaucoma/n0092.bmp,mask,mask,train
refuge1_train_n0093,refuge,/home/rpotter/hypertower/REFUGE/Train/REFUGE1-train/Training400/Non-Glaucoma/n0093.jpg,/home/rpotter/hypertower/REFUGE/Train/REFUGE1-train/Disc_Cup_Masks/Non-Glaucoma/n0093.bmp,/home/rpotter/hypertower/REFUGE/Train/REFUGE1-train/Disc_Cup_Masks/Non-Glaucoma/n0093.bmp,mask,mask,train
refuge1_train_n0094,refuge,/home/rpotter/hypertower/REFUGE/Train/REFUGE1-train/Training400/Non-Glaucoma/n0094.jpg,/home/rpotter/hypertower/REFUGE/Train/REFUGE1-train/Disc_Cup_Masks/Non-Glaucoma/n0094.bmp,/home/rpotter/hypertower/REFUGE/Train/REFUGE1-train/Disc_Cup_Masks/Non-Glaucoma/n0094.bmp,mask,mask,train
refuge1_train_n0095,refuge,/home/rpotter/hypertower/REFUGE/Train/REFUGE1-train/Training400/Non-Glaucoma/n0095.jpg,/home/rpotter/hypertower/REFUGE/Train/REFUGE1-train/Disc_Cup_Masks/Non-Glaucoma/n0095.bmp,/home/rpotter/hypertower/REFUGE/Train/REFUGE1-train/Disc_Cup_Masks/Non-Glaucoma/n0095.bmp,mask,mask,train
refuge1_train_n0096,refuge,/home/rpotter/hypertower/REFUGE/Train/REFUGE1-train/Training400/Non-Glaucoma/n0096.jpg,/home/rpotter/hypertower/REFUGE/Train/REFUGE1-train/Disc_Cup_Masks/Non-Glaucoma/n0096.bmp,/home/rpotter/hypertower/REFUGE/Train/REFUGE1-train/Disc_Cup_Masks/Non-Glaucoma/n0096.bmp,mask,mask,train
refuge1_train_n0097,refuge,/home/rpotter/hypertower/REFUGE/Train/REFUGE1-train/Training400/Non-Glaucoma/n0097.jpg,/home/rpotter/hypertower/REFUGE/Train/REFUGE1-train/Disc_Cup_Masks/Non-Glaucoma/n0097.bmp,/home/rpotter/hypertower/REFUGE/Train/REFUGE1-train/Disc_Cup_Masks/Non-Glaucoma/n0097.bmp,mask,mask,train
refuge1_train_n0098,refuge,/home/rpotter/hypertower/REFUGE/Train/REFUGE1-train/Training400/Non-Glaucoma/n0098.jpg,/home/rpotter/hypertower/REFUGE/Train/REFUGE1-train/Disc_Cup_Masks/Non-Glaucoma/n0098.bmp,/home/rpotter/hypertower/REFUGE/Train/REFUGE1-train/Disc_Cup_Masks/Non-Glaucoma/n0098.bmp,mask,mask,train
refuge1_train_n0099,refuge,/home/rpotter/hypertower/REFUGE/Train/REFUGE1-train/Training400/Non-Glaucoma/n0099.jpg,/home/rpotter/hypertower/REFUGE/Train/REFUGE1-train/Disc_Cup_Masks/Non-Glaucoma/n0099.bmp,/home/rpotter/hypertower/REFUGE/Train/REFUGE1-train/Disc_Cup_Masks/Non-Glaucoma/n0099.bmp,mask,mask,train
refuge1_train_n0100,refuge,/home/rpotter/hypertower/REFUGE/Train/REFUGE1-train/Training400/Non-Glaucoma/n0100.jpg,/home/rpotter/hypertower/REFUGE/Train/REFUGE1-train/Disc_Cup_Masks/Non-Glaucoma/n0100.bmp,/home/rpotter/hypertower/REFUGE/Train/REFUGE1-train/Disc_Cup_Masks/Non-Glaucoma/n0100.bmp,mask,mask,train
refuge1_train_n0101,refuge,/home/rpotter/hypertower/REFUGE/Train/REFUGE1-train/Training400/Non-Glaucoma/n0101.jpg,/home/rpotter/hypertower/REFUGE/Train/REFUGE1-train/Disc_Cup_Masks/Non-Glaucoma/n0101.bmp,/home/rpotter/hypertower/REFUGE/Train/REFUGE1-train/Disc_Cup_Masks/Non-Glaucoma/n0101.bmp,mask,mask,train
refuge1_train_n0102,refuge,/home/rpotter/hypertower/REFUGE/Train/REFUGE1-train/Training400/Non-Glaucoma/n0102.jpg,/home/rpotter/hypertower/REFUGE/Train/REFUGE1-train/Disc_Cup_Masks/Non-Glaucoma/n0102.bmp,/home/rpotter/hypertower/REFUGE/Train/REFUGE1-train/Disc_Cup_Masks/Non-Glaucoma/n0102.bmp,mask,mask,train
refuge1_train_n0103,refuge,/home/rpotter/hypertower/REFUGE/Train/REFUGE1-train/Training400/Non-Glaucoma/n0103.jpg,/home/rpotter/hypertower/REFUGE/Train/REFUGE1-train/Disc_Cup_Masks/Non-Glaucoma/n0103.bmp,/home/rpotter/hypertower/REFUGE/Train/REFUGE1-train/Disc_Cup_Masks/Non-Glaucoma/n0103.bmp,mask,mask,train
refuge1_train_n0104,refuge,/home/rpotter/hypertower/REFUGE/Train/REFUGE1-train/Training400/Non-Glaucoma/n0104.jpg,/home/rpotter/hypertower/REFUGE/Train/REFUGE1-train/Disc_Cup_Masks/Non-Glaucoma/n0104.bmp,/home/rpotter/hypertower/REFUGE/Train/REFUGE1-train/Disc_Cup_Masks/Non-Glaucoma/n0104.bmp,mask,mask,train
refuge1_train_n0105,refuge,/home/rpotter/hypertower/REFUGE/Train/REFUGE1-train/Training400/Non-Glaucoma/n0105.jpg,/home/rpotter/hypertower/REFUGE/Train/REFUGE1-train/Disc_Cup_Masks/Non-Glaucoma/n0105.bmp,/home/rpotter/hypertower/REFUGE/Train/REFUGE1-train/Disc_Cup_Masks/Non-Glaucoma/n0105.bmp,mask,mask,train
refuge1_train_n0106,refuge,/home/rpotter/hypertower/REFUGE/Train/REFUGE1-train/Training400/Non-Glaucoma/n0106.jpg,/home/rpotter/hypertower/REFUGE/Train/REFUGE1-train/Disc_Cup_Masks/Non-Glaucoma/n0106.bmp,/home/rpotter/hypertower/REFUGE/Train/REFUGE1-train/Disc_Cup_Masks/Non-Glaucoma/n0106.bmp,mask,mask,train
refuge1_train_n0107,refuge,/home/rpotter/hypertower/REFUGE/Train/REFUGE1-train/Training400/Non-Glaucoma/n0107.jpg,/home/rpotter/hypertower/REFUGE/Train/REFUGE1-train/Disc_Cup_Masks/Non-Glaucoma/n0107.bmp,/home/rpotter/hypertower/REFUGE/Train/REFUGE1-train/Disc_Cup_Masks/Non-Glaucoma/n0107.bmp,mask,mask,train
refuge1_train_n0108,refuge,/home/rpotter/hypertower/REFUGE/Train/REFUGE1-train/Training400/Non-Glaucoma/n0108.jpg,/home/rpotter/hypertower/REFUGE/Train/REFUGE1-train/Disc_Cup_Masks/Non-Glaucoma/n0108.bmp,/home/rpotter/hypertower/REFUGE/Train/REFUGE1-train/Disc_Cup_Masks/Non-Glaucoma/n0108.bmp,mask,mask,train
refuge1_train_n0109,refuge,/home/rpotter/hypertower/REFUGE/Train/REFUGE1-train/Training400/Non-Glaucoma/n0109.jpg,/home/rpotter/hypertower/REFUGE/Train/REFUGE1-train/Disc_Cup_Masks/Non-Glaucoma/n0109.bmp,/home/rpotter/hypertower/REFUGE/Train/REFUGE1-train/Disc_Cup_Masks/Non-Glaucoma/n0109.bmp,mask,mask,train
refuge1_train_n0110,refuge,/home/rpotter/hypertower/REFUGE/Train/REFUGE1-train/Training400/Non-Glaucoma/n0110.jpg,/home/rpotter/hypertower/REFUGE/Train/REFUGE1-train/Disc_Cup_Masks/Non-Glaucoma/n0110.bmp,/home/rpotter/hypertower/REFUGE/Train/REFUGE1-train/Disc_Cup_Masks/Non-Glaucoma/n0110.bmp,mask,mask,train
refuge1_train_n0111,refuge,/home/rpotter/hypertower/REFUGE/Train/REFUGE1-train/Training400/Non-Glaucoma/n0111.jpg,/home/rpotter/hypertower/REFUGE/Train/REFUGE1-train/Disc_Cup_Masks/Non-Glaucoma/n0111.bmp,/home/rpotter/hypertower/REFUGE/Train/REFUGE1-train/Disc_Cup_Masks/Non-Glaucoma/n0111.bmp,mask,mask,train
refuge1_train_n0112,refuge,/home/rpotter/hypertower/REFUGE/Train/REFUGE1-train/Training400/Non-Glaucoma/n0112.jpg,/home/rpotter/hypertower/REFUGE/Train/REFUGE1-train/Disc_Cup_Masks/Non-Glaucoma/n0112.bmp,/home/rpotter/hypertower/REFUGE/Train/REFUGE1-train/Disc_Cup_Masks/Non-Glaucoma/n0112.bmp,mask,mask,train
refuge1_train_n0113,refuge,/home/rpotter/hypertower/REFUGE/Train/REFUGE1-train/Training400/Non-Glaucoma/n0113.jpg,/home/rpotter/hypertower/REFUGE/Train/REFUGE1-train/Disc_Cup_Masks/Non-Glaucoma/n0113.bmp,/home/rpotter/hypertower/REFUGE/Train/REFUGE1-train/Disc_Cup_Masks/Non-Glaucoma/n0113.bmp,mask,mask,train
refuge1_train_n0114,refuge,/home/rpotter/hypertower/REFUGE/Train/REFUGE1-train/Training400/Non-Glaucoma/n0114.jpg,/home/rpotter/hypertower/REFUGE/Train/REFUGE1-train/Disc_Cup_Masks/Non-Glaucoma/n0114.bmp,/home/rpotter/hypertower/REFUGE/Train/REFUGE1-train/Disc_Cup_Masks/Non-Glaucoma/n0114.bmp,mask,mask,train
refuge1_train_n0115,refuge,/home/rpotter/hypertower/REFUGE/Train/REFUGE1-train/Training400/Non-Glaucoma/n0115.jpg,/home/rpotter/hypertower/REFUGE/Train/REFUGE1-train/Disc_Cup_Masks/Non-Glaucoma/n0115.bmp,/home/rpotter/hypertower/REFUGE/Train/REFUGE1-train/Disc_Cup_Masks/Non-Glaucoma/n0115.bmp,mask,mask,train
refuge1_train_n0116,refuge,/home/rpotter/hypertower/REFUGE/Train/REFUGE1-train/Training400/Non-Glaucoma/n0116.jpg,/home/rpotter/hypertower/REFUGE/Train/REFUGE1-train/Disc_Cup_Masks/Non-Glaucoma/n0116.bmp,/home/rpotter/hypertower/REFUGE/Train/REFUGE1-train/Disc_Cup_Masks/Non-Glaucoma/n0116.bmp,mask,mask,train
refuge1_train_n0117,refuge,/home/rpotter/hypertower/REFUGE/Train/REFUGE1-train/Training400/Non-Glaucoma/n0117.jpg,/home/rpotter/hypertower/REFUGE/Train/REFUGE1-train/Disc_Cup_Masks/Non-Glaucoma/n0117.bmp,/home/rpotter/hypertower/REFUGE/Train/REFUGE1-train/Disc_Cup_Masks/Non-Glaucoma/n0117.bmp,mask,mask,train
refuge1_train_n0118,refuge,/home/rpotter/hypertower/REFUGE/Train/REFUGE1-train/Training400/Non-Glaucoma/n0118.jpg,/home/rpotter/hypertower/REFUGE/Train/REFUGE1-train/Disc_Cup_Masks/Non-Glaucoma/n0118.bmp,/home/rpotter/hypertower/REFUGE/Train/REFUGE1-train/Disc_Cup_Masks/Non-Glaucoma/n0118.bmp,mask,mask,train
refuge1_train_n0119,refuge,/home/rpotter/hypertower/REFUGE/Train/REFUGE1-train/Training400/Non-Glaucoma/n0119.jpg,/home/rpotter/hypertower/REFUGE/Train/REFUGE1-train/Disc_Cup_Masks/Non-Glaucoma/n0119.bmp,/home/rpotter/hypertower/REFUGE/Train/REFUGE1-train/Disc_Cup_Masks/Non-Glaucoma/n0119.bmp,mask,mask,train
refuge1_train_n0120,refuge,/home/rpotter/hypertower/REFUGE/Train/REFUGE1-train/Training400/Non-Glaucoma/n0120.jpg,/home/rpotter/hypertower/REFUGE/Train/REFUGE1-train/Disc_Cup_Masks/Non-Glaucoma/n0120.bmp,/home/rpotter/hypertower/REFUGE/Train/REFUGE1-train/Disc_Cup_Masks/Non-Glaucoma/n0120.bmp,mask,mask,train
refuge1_train_n0121,refuge,/home/rpotter/hypertower/REFUGE/Train/REFUGE1-train/Training400/Non-Glaucoma/n0121.jpg,/home/rpotter/hypertower/REFUGE/Train/REFUGE1-train/Disc_Cup_Masks/Non-Glaucoma/n0121.bmp,/home/rpotter/hypertower/REFUGE/Train/REFUGE1-train/Disc_Cup_Masks/Non-Glaucoma/n0121.bmp,mask,mask,train
refuge1_train_n0122,refuge,/home/rpotter/hypertower/REFUGE/Train/REFUGE1-train/Training400/Non-Glaucoma/n0122.jpg,/home/rpotter/hypertower/REFUGE/Train/REFUGE1-train/Disc_Cup_Masks/Non-Glaucoma/n0122.bmp,/home/rpotter/hypertower/REFUGE/Train/REFUGE1-train/Disc_Cup_Masks/Non-Glaucoma/n0122.bmp,mask,mask,train
refuge1_train_n0123,refuge,/home/rpotter/hypertower/REFUGE/Train/REFUGE1-train/Training400/Non-Glaucoma/n0123.jpg,/home/rpotter/hypertower/REFUGE/Train/REFUGE1-train/Disc_Cup_Masks/Non-Glaucoma/n0123.bmp,/home/rpotter/hypertower/REFUGE/Train/REFUGE1-train/Disc_Cup_Masks/Non-Glaucoma/n0123.bmp,mask,mask,train
refuge1_train_n0124,refuge,/home/rpotter/hypertower/REFUGE/Train/REFUGE1-train/Training400/Non-Glaucoma/n0124.jpg,/home/rpotter/hypertower/REFUGE/Train/REFUGE1-train/Disc_Cup_Masks/Non-Glaucoma/n0124.bmp,/home/rpotter/hypertower/REFUGE/Train/REFUGE1-train/Disc_Cup_Masks/Non-Glaucoma/n0124.bmp,mask,mask,train
refuge1_train_n0125,refuge,/home/rpotter/hypertower/REFUGE/Train/REFUGE1-train/Training400/Non-Glaucoma/n0125.jpg,/home/rpotter/hypertower/REFUGE/Train/REFUGE1-train/Disc_Cup_Masks/Non-Glaucoma/n0125.bmp,/home/rpotter/hypertower/REFUGE/Train/REFUGE1-train/Disc_Cup_Masks/Non-Glaucoma/n0125.bmp,mask,mask,train
refuge1_train_n0126,refuge,/home/rpotter/hypertower/REFUGE/Train/REFUGE1-train/Training400/Non-Glaucoma/n0126.jpg,/home/rpotter/hypertower/REFUGE/Train/REFUGE1-train/Disc_Cup_Masks/Non-Glaucoma/n0126.bmp,/home/rpotter/hypertower/REFUGE/Train/REFUGE1-train/Disc_Cup_Masks/Non-Glaucoma/n0126.bmp,mask,mask,train
refuge1_train_n0127,refuge,/home/rpotter/hypertower/REFUGE/Train/REFUGE1-train/Training400/Non-Glaucoma/n0127.jpg,/home/rpotter/hypertower/REFUGE/Train/REFUGE1-train/Disc_Cup_Masks/Non-Glaucoma/n0127.bmp,/home/rpotter/hypertower/REFUGE/Train/REFUGE1-train/Disc_Cup_Masks/Non-Glaucoma/n0127.bmp,mask,mask,train
refuge1_train_n0128,refuge,/home/rpotter/hypertower/REFUGE/Train/REFUGE1-train/Training400/Non-Glaucoma/n0128.jpg,/home/rpotter/hypertower/REFUGE/Train/REFUGE1-train/Disc_Cup_Masks/Non-Glaucoma/n0128.bmp,/home/rpotter/hypertower/REFUGE/Train/REFUGE1-train/Disc_Cup_Masks/Non-Glaucoma/n0128.bmp,mask,mask,train
refuge1_train_n0129,refuge,/home/rpotter/hypertower/REFUGE/Train/REFUGE1-train/Training400/Non-Glaucoma/n0129.jpg,/home/rpotter/hypertower/REFUGE/Train/REFUGE1-train/Disc_Cup_Masks/Non-Glaucoma/n0129.bmp,/home/rpotter/hypertower/REFUGE/Train/REFUGE1-train/Disc_Cup_Masks/Non-Glaucoma/n0129.bmp,mask,mask,train
refuge1_train_n0130,refuge,/home/rpotter/hypertower/REFUGE/Train/REFUGE1-train/Training400/Non-Glaucoma/n0130.jpg,/home/rpotter/hypertower/REFUGE/Train/REFUGE1-train/Disc_Cup_Masks/Non-Glaucoma/n0130.bmp,/home/rpotter/hypertower/REFUGE/Train/REFUGE1-train/Disc_Cup_Masks/Non-Glaucoma/n0130.bmp,mask,mask,train
refuge1_train_n0131,refuge,/home/rpotter/hypertower/REFUGE/Train/REFUGE1-train/Training400/Non-Glaucoma/n0131.jpg,/home/rpotter/hypertower/REFUGE/Train/REFUGE1-train/Disc_Cup_Masks/Non-Glaucoma/n0131.bmp,/home/rpotter/hypertower/REFUGE/Train/REFUGE1-train/Disc_Cup_Masks/Non-Glaucoma/n0131.bmp,mask,mask,train
refuge1_train_n0132,refuge,/home/rpotter/hypertower/REFUGE/Train/REFUGE1-train/Training400/Non-Glaucoma/n0132.jpg,/home/rpotter/hypertower/REFUGE/Train/REFUGE1-train/Disc_Cup_Masks/Non-Glaucoma/n0132.bmp,/home/rpotter/hypertower/REFUGE/Train/REFUGE1-train/Disc_Cup_Masks/Non-Glaucoma/n0132.bmp,mask,mask,train
refuge1_train_n0133,refuge,/home/rpotter/hypertower/REFUGE/Train/REFUGE1-train/Training400/Non-Glaucoma/n0133.jpg,/home/rpotter/hypertower/REFUGE/Train/REFUGE1-train/Disc_Cup_Masks/Non-Glaucoma/n0133.bmp,/home/rpotter/hypertower/REFUGE/Train/REFUGE1-train/Disc_Cup_Masks/Non-Glaucoma/n0133.bmp,mask,mask,train
refuge1_train_n0134,refuge,/home/rpotter/hypertower/REFUGE/Train/REFUGE1-train/Training400/Non-Glaucoma/n0134.jpg,/home/rpotter/hypertower/REFUGE/Train/REFUGE1-train/Disc_Cup_Masks/Non-Glaucoma/n0134.bmp,/home/rpotter/hypertower/REFUGE/Train/REFUGE1-train/Disc_Cup_Masks/Non-Glaucoma/n0134.bmp,mask,mask,train
refuge1_train_n0135,refuge,/home/rpotter/hypertower/REFUGE/Train/REFUGE1-train/Training400/Non-Glaucoma/n0135.jpg,/home/rpotter/hypertower/REFUGE/Train/REFUGE1-train/Disc_Cup_Masks/Non-Glaucoma/n0135.bmp,/home/rpotter/hypertower/REFUGE/Train/REFUGE1-train/Disc_Cup_Masks/Non-Glaucoma/n0135.bmp,mask,mask,train
refuge1_train_n0136,refuge,/home/rpotter/hypertower/REFUGE/Train/REFUGE1-train/Training400/Non-Glaucoma/n0136.jpg,/home/rpotter/hypertower/REFUGE/Train/REFUGE1-train/Disc_Cup_Masks/Non-Glaucoma/n0136.bmp,/home/rpotter/hypertower/REFUGE/Train/REFUGE1-train/Disc_Cup_Masks/Non-Glaucoma/n0136.bmp,mask,mask,train
refuge1_train_n0137,refuge,/home/rpotter/hypertower/REFUGE/Train/REFUGE1-train/Training400/Non-Glaucoma/n0137.jpg,/home/rpotter/hypertower/REFUGE/Train/REFUGE1-train/Disc_Cup_Masks/Non-Glaucoma/n0137.bmp,/home/rpotter/hypertower/REFUGE/Train/REFUGE1-train/Disc_Cup_Masks/Non-Glaucoma/n0137.bmp,mask,mask,train
refuge1_train_n0138,refuge,/home/rpotter/hypertower/REFUGE/Train/REFUGE1-train/Training400/Non-Glaucoma/n0138.jpg,/home/rpotter/hypertower/REFUGE/Train/REFUGE1-train/Disc_Cup_Masks/Non-Glaucoma/n0138.bmp,/home/rpotter/hypertower/REFUGE/Train/REFUGE1-train/Disc_Cup_Masks/Non-Glaucoma/n0138.bmp,mask,mask,train
refuge1_train_n0139,refuge,/home/rpotter/hypertower/REFUGE/Train/REFUGE1-train/Training400/Non-Glaucoma/n0139.jpg,/home/rpotter/hypertower/REFUGE/Train/REFUGE1-train/Disc_Cup_Masks/Non-Glaucoma/n0139.bmp,/home/rpotter/hypertower/REFUGE/Train/REFUGE1-train/Disc_Cup_Masks/Non-Glaucoma/n0139.bmp,mask,mask,train
refuge1_train_n0140,refuge,/home/rpotter/hypertower/REFUGE/Train/REFUGE1-train/Training400/Non-Glaucoma/n0140.jpg,/home/rpotter/hypertower/REFUGE/Train/REFUGE1-train/Disc_Cup_Masks/Non-Glaucoma/n0140.bmp,/home/rpotter/hypertower/REFUGE/Train/REFUGE1-train/Disc_Cup_Masks/Non-Glaucoma/n0140.bmp,mask,mask,train
refuge1_train_n0141,refuge,/home/rpotter/hypertower/REFUGE/Train/REFUGE1-train/Training400/Non-Glaucoma/n0141.jpg,/home/rpotter/hypertower/REFUGE/Train/REFUGE1-train/Disc_Cup_Masks/Non-Glaucoma/n0141.bmp,/home/rpotter/hypertower/REFUGE/Train/REFUGE1-train/Disc_Cup_Masks/Non-Glaucoma/n0141.bmp,mask,mask,train
refuge1_train_n0142,refuge,/home/rpotter/hypertower/REFUGE/Train/REFUGE1-train/Training400/Non-Glaucoma/n0142.jpg,/home/rpotter/hypertower/REFUGE/Train/REFUGE1-train/Disc_Cup_Masks/Non-Glaucoma/n0142.bmp,/home/rpotter/hypertower/REFUGE/Train/REFUGE1-train/Disc_Cup_Masks/Non-Glaucoma/n0142.bmp,mask,mask,train
refuge1_train_n0143,refuge,/home/rpotter/hypertower/REFUGE/Train/REFUGE1-train/Training400/Non-Glaucoma/n0143.jpg,/home/rpotter/hypertower/REFUGE/Train/REFUGE1-train/Disc_Cup_Masks/Non-Glaucoma/n0143.bmp,/home/rpotter/hypertower/REFUGE/Train/REFUGE1-train/Disc_Cup_Masks/Non-Glaucoma/n0143.bmp,mask,mask,train
refuge1_train_n0144,refuge,/home/rpotter/hypertower/REFUGE/Train/REFUGE1-train/Training400/Non-Glaucoma/n0144.jpg,/home/rpotter/hypertower/REFUGE/Train/REFUGE1-train/Disc_Cup_Masks/Non-Glaucoma/n0144.bmp,/home/rpotter/hypertower/REFUGE/Train/REFUGE1-train/Disc_Cup_Masks/Non-Glaucoma/n0144.bmp,mask,mask,train
refuge1_train_n0145,refuge,/home/rpotter/hypertower/REFUGE/Train/REFUGE1-train/Training400/Non-Glaucoma/n0145.jpg,/home/rpotter/hypertower/REFUGE/Train/REFUGE1-train/Disc_Cup_Masks/Non-Glaucoma/n0145.bmp,/home/rpotter/hypertower/REFUGE/Train/REFUGE1-train/Disc_Cup_Masks/Non-Glaucoma/n0145.bmp,mask,mask,train
refuge1_train_n0146,refuge,/home/rpotter/hypertower/REFUGE/Train/REFUGE1-train/Training400/Non-Glaucoma/n0146.jpg,/home/rpotter/hypertower/REFUGE/Train/REFUGE1-train/Disc_Cup_Masks/Non-Glaucoma/n0146.bmp,/home/rpotter/hypertower/REFUGE/Train/REFUGE1-train/Disc_Cup_Masks/Non-Glaucoma/n0146.bmp,mask,mask,train
refuge1_train_n0147,refuge,/home/rpotter/hypertower/REFUGE/Train/REFUGE1-train/Training400/Non-Glaucoma/n0147.jpg,/home/rpotter/hypertower/REFUGE/Train/REFUGE1-train/Disc_Cup_Masks/Non-Glaucoma/n0147.bmp,/home/rpotter/hypertower/REFUGE/Train/REFUGE1-train/Disc_Cup_Masks/Non-Glaucoma/n0147.bmp,mask,mask,train
refuge1_train_n0148,refuge,/home/rpotter/hypertower/REFUGE/Train/REFUGE1-train/Training400/Non-Glaucoma/n0148.jpg,/home/rpotter/hypertower/REFUGE/Train/REFUGE1-train/Disc_Cup_Masks/Non-Glaucoma/n0148.bmp,/home/rpotter/hypertower/REFUGE/Train/REFUGE1-train/Disc_Cup_Masks/Non-Glaucoma/n0148.bmp,mask,mask,train
refuge1_train_n0149,refuge,/home/rpotter/hypertower/REFUGE/Train/REFUGE1-train/Training400/Non-Glaucoma/n0149.jpg,/home/rpotter/hypertower/REFUGE/Train/REFUGE1-train/Disc_Cup_Masks/Non-Glaucoma/n0149.bmp,/home/rpotter/hypertower/REFUGE/Train/REFUGE1-train/Disc_Cup_Masks/Non-Glaucoma/n0149.bmp,mask,mask,train
refuge1_train_n0150,refuge,/home/rpotter/hypertower/REFUGE/Train/REFUGE1-train/Training400/Non-Glaucoma/n0150.jpg,/home/rpotter/hypertower/REFUGE/Train/REFUGE1-train/Disc_Cup_Masks/Non-Glaucoma/n0150.bmp,/home/rpotter/hypertower/REFUGE/Train/REFUGE1-train/Disc_Cup_Masks/Non-Glaucoma/n0150.bmp,mask,mask,train
refuge1_train_n0151,refuge,/home/rpotter/hypertower/REFUGE/Train/REFUGE1-train/Training400/Non-Glaucoma/n0151.jpg,/home/rpotter/hypertower/REFUGE/Train/REFUGE1-train/Disc_Cup_Masks/Non-Glaucoma/n0151.bmp,/home/rpotter/hypertower/REFUGE/Train/REFUGE1-train/Disc_Cup_Masks/Non-Glaucoma/n0151.bmp,mask,mask,train
refuge1_train_n0152,refuge,/home/rpotter/hypertower/REFUGE/Train/REFUGE1-train/Training400/Non-Glaucoma/n0152.jpg,/home/rpotter/hypertower/REFUGE/Train/REFUGE1-train/Disc_Cup_Masks/Non-Glaucoma/n0152.bmp,/home/rpotter/hypertower/REFUGE/Train/REFUGE1-train/Disc_Cup_Masks/Non-Glaucoma/n0152.bmp,mask,mask,train
refuge1_train_n0153,refuge,/home/rpotter/hypertower/REFUGE/Train/REFUGE1-train/Training400/Non-Glaucoma/n0153.jpg,/home/rpotter/hypertower/REFUGE/Train/REFUGE1-train/Disc_Cup_Masks/Non-Glaucoma/n0153.bmp,/home/rpotter/hypertower/REFUGE/Train/REFUGE1-train/Disc_Cup_Masks/Non-Glaucoma/n0153.bmp,mask,mask,train
refuge1_train_n0154,refuge,/home/rpotter/hypertower/REFUGE/Train/REFUGE1-train/Training400/Non-Glaucoma/n0154.jpg,/home/rpotter/hypertower/REFUGE/Train/REFUGE1-train/Disc_Cup_Masks/Non-Glaucoma/n0154.bmp,/home/rpotter/hypertower/REFUGE/Train/REFUGE1-train/Disc_Cup_Masks/Non-Glaucoma/n0154.bmp,mask,mask,train
refuge1_train_n0155,refuge,/home/rpotter/hypertower/REFUGE/Train/REFUGE1-train/Training400/Non-Glaucoma/n0155.jpg,/home/rpotter/hypertower/REFUGE/Train/REFUGE1-train/Disc_Cup_Masks/Non-Glaucoma/n0155.bmp,/home/rpotter/hypertower/REFUGE/Train/REFUGE1-train/Disc_Cup_Masks/Non-Glaucoma/n0155.bmp,mask,mask,train
refuge1_train_n0156,refuge,/home/rpotter/hypertower/REFUGE/Train/REFUGE1-train/Training400/Non-Glaucoma/n0156.jpg,/home/rpotter/hypertower/REFUGE/Train/REFUGE1-train/Disc_Cup_Masks/Non-Glaucoma/n0156.bmp,/home/rpotter/hypertower/REFUGE/Train/REFUGE1-train/Disc_Cup_Masks/Non-Glaucoma/n0156.bmp,mask,mask,train
refuge1_train_n0157,refuge,/home/rpotter/hypertower/REFUGE/Train/REFUGE1-train/Training400/Non-Glaucoma/n0157.jpg,/home/rpotter/hypertower/REFUGE/Train/REFUGE1-train/Disc_Cup_Masks/Non-Glaucoma/n0157.bmp,/home/rpotter/hypertower/REFUGE/Train/REFUGE1-train/Disc_Cup_Masks/Non-Glaucoma/n0157.bmp,mask,mask,train
refuge1_train_n0158,refuge,/home/rpotter/hypertower/REFUGE/Train/REFUGE1-train/Training400/Non-Glaucoma/n0158.jpg,/home/rpotter/hypertower/REFUGE/Train/REFUGE1-train/Disc_Cup_Masks/Non-Glaucoma/n0158.bmp,/home/rpotter/hypertower/REFUGE/Train/REFUGE1-train/Disc_Cup_Masks/Non-Glaucoma/n0158.bmp,mask,mask,train
refuge1_train_n0159,refuge,/home/rpotter/hypertower/REFUGE/Train/REFUGE1-train/Training400/Non-Glaucoma/n0159.jpg,/home/rpotter/hypertower/REFUGE/Train/REFUGE1-train/Disc_Cup_Masks/Non-Glaucoma/n0159.bmp,/home/rpotter/hypertower/REFUGE/Train/REFUGE1-train/Disc_Cup_Masks/Non-Glaucoma/n0159.bmp,mask,mask,train
refuge1_train_n0160,refuge,/home/rpotter/hypertower/REFUGE/Train/REFUGE1-train/Training400/Non-Glaucoma/n0160.jpg,/home/rpotter/hypertower/REFUGE/Train/REFUGE1-train/Disc_Cup_Masks/Non-Glaucoma/n0160.bmp,/home/rpotter/hypertower/REFUGE/Train/REFUGE1-train/Disc_Cup_Masks/Non-Glaucoma/n0160.bmp,mask,mask,train
refuge1_train_n0161,refuge,/home/rpotter/hypertower/REFUGE/Train/REFUGE1-train/Training400/Non-Glaucoma/n0161.jpg,/home/rpotter/hypertower/REFUGE/Train/REFUGE1-train/Disc_Cup_Masks/Non-Glaucoma/n0161.bmp,/home/rpotter/hypertower/REFUGE/Train/REFUGE1-train/Disc_Cup_Masks/Non-Glaucoma/n0161.bmp,mask,mask,train
refuge1_train_n0162,refuge,/home/rpotter/hypertower/REFUGE/Train/REFUGE1-train/Training400/Non-Glaucoma/n0162.jpg,/home/rpotter/hypertower/REFUGE/Train/REFUGE1-train/Disc_Cup_Masks/Non-Glaucoma/n0162.bmp,/home/rpotter/hypertower/REFUGE/Train/REFUGE1-train/Disc_Cup_Masks/Non-Glaucoma/n0162.bmp,mask,mask,train
refuge1_train_n0163,refuge,/home/rpotter/hypertower/REFUGE/Train/REFUGE1-train/Training400/Non-Glaucoma/n0163.jpg,/home/rpotter/hypertower/REFUGE/Train/REFUGE1-train/Disc_Cup_Masks/Non-Glaucoma/n0163.bmp,/home/rpotter/hypertower/REFUGE/Train/REFUGE1-train/Disc_Cup_Masks/Non-Glaucoma/n0163.bmp,mask,mask,train
refuge1_train_n0164,refuge,/home/rpotter/hypertower/REFUGE/Train/REFUGE1-train/Training400/Non-Glaucoma/n0164.jpg,/home/rpotter/hypertower/REFUGE/Train/REFUGE1-train/Disc_Cup_Masks/Non-Glaucoma/n0164.bmp,/home/rpotter/hypertower/REFUGE/Train/REFUGE1-train/Disc_Cup_Masks/Non-Glaucoma/n0164.bmp,mask,mask,train
refuge1_train_n0165,refuge,/home/rpotter/hypertower/REFUGE/Train/REFUGE1-train/Training400/Non-Glaucoma/n0165.jpg,/home/rpotter/hypertower/REFUGE/Train/REFUGE1-train/Disc_Cup_Masks/Non-Glaucoma/n0165.bmp,/home/rpotter/hypertower/REFUGE/Train/REFUGE1-train/Disc_Cup_Masks/Non-Glaucoma/n0165.bmp,mask,mask,train
refuge1_train_n0166,refuge,/home/rpotter/hypertower/REFUGE/Train/REFUGE1-train/Training400/Non-Glaucoma/n0166.jpg,/home/rpotter/hypertower/REFUGE/Train/REFUGE1-train/Disc_Cup_Masks/Non-Glaucoma/n0166.bmp,/home/rpotter/hypertower/REFUGE/Train/REFUGE1-train/Disc_Cup_Masks/Non-Glaucoma/n0166.bmp,mask,mask,train
refuge1_train_n0167,refuge,/home/rpotter/hypertower/REFUGE/Train/REFUGE1-train/Training400/Non-Glaucoma/n0167.jpg,/home/rpotter/hypertower/REFUGE/Train/REFUGE1-train/Disc_Cup_Masks/Non-Glaucoma/n0167.bmp,/home/rpotter/hypertower/REFUGE/Train/REFUGE1-train/Disc_Cup_Masks/Non-Glaucoma/n0167.bmp,mask,mask,train
refuge1_train_n0168,refuge,/home/rpotter/hypertower/REFUGE/Train/REFUGE1-train/Training400/Non-Glaucoma/n0168.jpg,/home/rpotter/hypertower/REFUGE/Train/REFUGE1-train/Disc_Cup_Masks/Non-Glaucoma/n0168.bmp,/home/rpotter/hypertower/REFUGE/Train/REFUGE1-train/Disc_Cup_Masks/Non-Glaucoma/n0168.bmp,mask,mask,train
refuge1_train_n0169,refuge,/home/rpotter/hypertower/REFUGE/Train/REFUGE1-train/Training400/Non-Glaucoma/n0169.jpg,/home/rpotter/hypertower/REFUGE/Train/REFUGE1-train/Disc_Cup_Masks/Non-Glaucoma/n0169.bmp,/home/rpotter/hypertower/REFUGE/Train/REFUGE1-train/Disc_Cup_Masks/Non-Glaucoma/n0169.bmp,mask,mask,train
refuge1_train_n0170,refuge,/home/rpotter/hypertower/REFUGE/Train/REFUGE1-train/Training400/Non-Glaucoma/n0170.jpg,/home/rpotter/hypertower/REFUGE/Train/REFUGE1-train/Disc_Cup_Masks/Non-Glaucoma/n0170.bmp,/home/rpotter/hypertower/REFUGE/Train/REFUGE1-train/Disc_Cup_Masks/Non-Glaucoma/n0170.bmp,mask,mask,train
refuge1_train_n0171,refuge,/home/rpotter/hypertower/REFUGE/Train/REFUGE1-train/Training400/Non-Glaucoma/n0171.jpg,/home/rpotter/hypertower/REFUGE/Train/REFUGE1-train/Disc_Cup_Masks/Non-Glaucoma/n0171.bmp,/home/rpotter/hypertower/REFUGE/Train/REFUGE1-train/Disc_Cup_Masks/Non-Glaucoma/n0171.bmp,mask,mask,train
refuge1_train_n0172,refuge,/home/rpotter/hypertower/REFUGE/Train/REFUGE1-train/Training400/Non-Glaucoma/n0172.jpg,/home/rpotter/hypertower/REFUGE/Train/REFUGE1-train/Disc_Cup_Masks/Non-Glaucoma/n0172.bmp,/home/rpotter/hypertower/REFUGE/Train/REFUGE1-train/Disc_Cup_Masks/Non-Glaucoma/n0172.bmp,mask,mask,train
refuge1_train_n0173,refuge,/home/rpotter/hypertower/REFUGE/Train/REFUGE1-train/Training400/Non-Glaucoma/n0173.jpg,/home/rpotter/hypertower/REFUGE/Train/REFUGE1-train/Disc_Cup_Masks/Non-Glaucoma/n0173.bmp,/home/rpotter/hypertower/REFUGE/Train/REFUGE1-train/Disc_Cup_Masks/Non-Glaucoma/n0173.bmp,mask,mask,train
refuge1_train_n0174,refuge,/home/rpotter/hypertower/REFUGE/Train/REFUGE1-train/Training400/Non-Glaucoma/n0174.jpg,/home/rpotter/hypertower/REFUGE/Train/REFUGE1-train/Disc_Cup_Masks/Non-Glaucoma/n0174.bmp,/home/rpotter/hypertower/REFUGE/Train/REFUGE1-train/Disc_Cup_Masks/Non-Glaucoma/n0174.bmp,mask,mask,train
refuge1_train_n0175,refuge,/home/rpotter/hypertower/REFUGE/Train/REFUGE1-train/Training400/Non-Glaucoma/n0175.jpg,/home/rpotter/hypertower/REFUGE/Train/REFUGE1-train/Disc_Cup_Masks/Non-Glaucoma/n0175.bmp,/home/rpotter/hypertower/REFUGE/Train/REFUGE1-train/Disc_Cup_Masks/Non-Glaucoma/n0175.bmp,mask,mask,train
refuge1_train_n0176,refuge,/home/rpotter/hypertower/REFUGE/Train/REFUGE1-train/Training400/Non-Glaucoma/n0176.jpg,/home/rpotter/hypertower/REFUGE/Train/REFUGE1-train/Disc_Cup_Masks/Non-Glaucoma/n0176.bmp,/home/rpotter/hypertower/REFUGE/Train/REFUGE1-train/Disc_Cup_Masks/Non-Glaucoma/n0176.bmp,mask,mask,train
refuge1_train_n0177,refuge,/home/rpotter/hypertower/REFUGE/Train/REFUGE1-train/Training400/Non-Glaucoma/n0177.jpg,/home/rpotter/hypertower/REFUGE/Train/REFUGE1-train/Disc_Cup_Masks/Non-Glaucoma/n0177.bmp,/home/rpotter/hypertower/REFUGE/Train/REFUGE1-train/Disc_Cup_Masks/Non-Glaucoma/n0177.bmp,mask,mask,train
refuge1_train_n0178,refuge,/home/rpotter/hypertower/REFUGE/Train/REFUGE1-train/Training400/Non-Glaucoma/n0178.jpg,/home/rpotter/hypertower/REFUGE/Train/REFUGE1-train/Disc_Cup_Masks/Non-Glaucoma/n0178.bmp,/home/rpotter/hypertower/REFUGE/Train/REFUGE1-train/Disc_Cup_Masks/Non-Glaucoma/n0178.bmp,mask,mask,train
refuge1_train_n0179,refuge,/home/rpotter/hypertower/REFUGE/Train/REFUGE1-train/Training400/Non-Glaucoma/n0179.jpg,/home/rpotter/hypertower/REFUGE/Train/REFUGE1-train/Disc_Cup_Masks/Non-Glaucoma/n0179.bmp,/home/rpotter/hypertower/REFUGE/Train/REFUGE1-train/Disc_Cup_Masks/Non-Glaucoma/n0179.bmp,mask,mask,train
refuge1_train_n0180,refuge,/home/rpotter/hypertower/REFUGE/Train/REFUGE1-train/Training400/Non-Glaucoma/n0180.jpg,/home/rpotter/hypertower/REFUGE/Train/REFUGE1-train/Disc_Cup_Masks/Non-Glaucoma/n0180.bmp,/home/rpotter/hypertower/REFUGE/Train/REFUGE1-train/Disc_Cup_Masks/Non-Glaucoma/n0180.bmp,mask,mask,train
refuge1_train_n0181,refuge,/home/rpotter/hypertower/REFUGE/Train/REFUGE1-train/Training400/Non-Glaucoma/n0181.jpg,/home/rpotter/hypertower/REFUGE/Train/REFUGE1-train/Disc_Cup_Masks/Non-Glaucoma/n0181.bmp,/home/rpotter/hypertower/REFUGE/Train/REFUGE1-train/Disc_Cup_Masks/Non-Glaucoma/n0181.bmp,mask,mask,train
refuge1_train_n0182,refuge,/home/rpotter/hypertower/REFUGE/Train/REFUGE1-train/Training400/Non-Glaucoma/n0182.jpg,/home/rpotter/hypertower/REFUGE/Train/REFUGE1-train/Disc_Cup_Masks/Non-Glaucoma/n0182.bmp,/home/rpotter/hypertower/REFUGE/Train/REFUGE1-train/Disc_Cup_Masks/Non-Glaucoma/n0182.bmp,mask,mask,train
refuge1_train_n0183,refuge,/home/rpotter/hypertower/REFUGE/Train/REFUGE1-train/Training400/Non-Glaucoma/n0183.jpg,/home/rpotter/hypertower/REFUGE/Train/REFUGE1-train/Disc_Cup_Masks/Non-Glaucoma/n0183.bmp,/home/rpotter/hypertower/REFUGE/Train/REFUGE1-train/Disc_Cup_Masks/Non-Glaucoma/n0183.bmp,mask,mask,train
refuge1_train_n0184,refuge,/home/rpotter/hypertower/REFUGE/Train/REFUGE1-train/Training400/Non-Glaucoma/n0184.jpg,/home/rpotter/hypertower/REFUGE/Train/REFUGE1-train/Disc_Cup_Masks/Non-Glaucoma/n0184.bmp,/home/rpotter/hypertower/REFUGE/Train/REFUGE1-train/Disc_Cup_Masks/Non-Glaucoma/n0184.bmp,mask,mask,train
refuge1_train_n0185,refuge,/home/rpotter/hypertower/REFUGE/Train/REFUGE1-train/Training400/Non-Glaucoma/n0185.jpg,/home/rpotter/hypertower/REFUGE/Train/REFUGE1-train/Disc_Cup_Masks/Non-Glaucoma/n0185.bmp,/home/rpotter/hypertower/REFUGE/Train/REFUGE1-train/Disc_Cup_Masks/Non-Glaucoma/n0185.bmp,mask,mask,train
refuge1_train_n0186,refuge,/home/rpotter/hypertower/REFUGE/Train/REFUGE1-train/Training400/Non-Glaucoma/n0186.jpg,/home/rpotter/hypertower/REFUGE/Train/REFUGE1-train/Disc_Cup_Masks/Non-Glaucoma/n0186.bmp,/home/rpotter/hypertower/REFUGE/Train/REFUGE1-train/Disc_Cup_Masks/Non-Glaucoma/n0186.bmp,mask,mask,train
refuge1_train_n0187,refuge,/home/rpotter/hypertower/REFUGE/Train/REFUGE1-train/Training400/Non-Glaucoma/n0187.jpg,/home/rpotter/hypertower/REFUGE/Train/REFUGE1-train/Disc_Cup_Masks/Non-Glaucoma/n0187.bmp,/home/rpotter/hypertower/REFUGE/Train/REFUGE1-train/Disc_Cup_Masks/Non-Glaucoma/n0187.bmp,mask,mask,train
refuge1_train_n0188,refuge,/home/rpotter/hypertower/REFUGE/Train/REFUGE1-train/Training400/Non-Glaucoma/n0188.jpg,/home/rpotter/hypertower/REFUGE/Train/REFUGE1-train/Disc_Cup_Masks/Non-Glaucoma/n0188.bmp,/home/rpotter/hypertower/REFUGE/Train/REFUGE1-train/Disc_Cup_Masks/Non-Glaucoma/n0188.bmp,mask,mask,train
refuge1_train_n0189,refuge,/home/rpotter/hypertower/REFUGE/Train/REFUGE1-train/Training400/Non-Glaucoma/n0189.jpg,/home/rpotter/hypertower/REFUGE/Train/REFUGE1-train/Disc_Cup_Masks/Non-Glaucoma/n0189.bmp,/home/rpotter/hypertower/REFUGE/Train/REFUGE1-train/Disc_Cup_Masks/Non-Glaucoma/n0189.bmp,mask,mask,train
refuge1_train_n0190,refuge,/home/rpotter/hypertower/REFUGE/Train/REFUGE1-train/Training400/Non-Glaucoma/n0190.jpg,/home/rpotter/hypertower/REFUGE/Train/REFUGE1-train/Disc_Cup_Masks/Non-Glaucoma/n0190.bmp,/home/rpotter/hypertower/REFUGE/Train/REFUGE1-train/Disc_Cup_Masks/Non-Glaucoma/n0190.bmp,mask,mask,train
refuge1_train_n0191,refuge,/home/rpotter/hypertower/REFUGE/Train/REFUGE1-train/Training400/Non-Glaucoma/n0191.jpg,/home/rpotter/hypertower/REFUGE/Train/REFUGE1-train/Disc_Cup_Masks/Non-Glaucoma/n0191.bmp,/home/rpotter/hypertower/REFUGE/Train/REFUGE1-train/Disc_Cup_Masks/Non-Glaucoma/n0191.bmp,mask,mask,train
refuge1_train_n0192,refuge,/home/rpotter/hypertower/REFUGE/Train/REFUGE1-train/Training400/Non-Glaucoma/n0192.jpg,/home/rpotter/hypertower/REFUGE/Train/REFUGE1-train/Disc_Cup_Masks/Non-Glaucoma/n0192.bmp,/home/rpotter/hypertower/REFUGE/Train/REFUGE1-train/Disc_Cup_Masks/Non-Glaucoma/n0192.bmp,mask,mask,train
refuge1_train_n0193,refuge,/home/rpotter/hypertower/REFUGE/Train/REFUGE1-train/Training400/Non-Glaucoma/n0193.jpg,/home/rpotter/hypertower/REFUGE/Train/REFUGE1-train/Disc_Cup_Masks/Non-Glaucoma/n0193.bmp,/home/rpotter/hypertower/REFUGE/Train/REFUGE1-train/Disc_Cup_Masks/Non-Glaucoma/n0193.bmp,mask,mask,train
refuge1_train_n0194,refuge,/home/rpotter/hypertower/REFUGE/Train/REFUGE1-train/Training400/Non-Glaucoma/n0194.jpg,/home/rpotter/hypertower/REFUGE/Train/REFUGE1-train/Disc_Cup_Masks/Non-Glaucoma/n0194.bmp,/home/rpotter/hypertower/REFUGE/Train/REFUGE1-train/Disc_Cup_Masks/Non-Glaucoma/n0194.bmp,mask,mask,train
refuge1_train_n0195,refuge,/home/rpotter/hypertower/REFUGE/Train/REFUGE1-train/Training400/Non-Glaucoma/n0195.jpg,/home/rpotter/hypertower/REFUGE/Train/REFUGE1-train/Disc_Cup_Masks/Non-Glaucoma/n0195.bmp,/home/rpotter/hypertower/REFUGE/Train/REFUGE1-train/Disc_Cup_Masks/Non-Glaucoma/n0195.bmp,mask,mask,train
refuge1_train_n0196,refuge,/home/rpotter/hypertower/REFUGE/Train/REFUGE1-train/Training400/Non-Glaucoma/n0196.jpg,/home/rpotter/hypertower/REFUGE/Train/REFUGE1-train/Disc_Cup_Masks/Non-Glaucoma/n0196.bmp,/home/rpotter/hypertower/REFUGE/Train/REFUGE1-train/Disc_Cup_Masks/Non-Glaucoma/n0196.bmp,mask,mask,train
refuge1_train_n0197,refuge,/home/rpotter/hypertower/REFUGE/Train/REFUGE1-train/Training400/Non-Glaucoma/n0197.jpg,/home/rpotter/hypertower/REFUGE/Train/REFUGE1-train/Disc_Cup_Masks/Non-Glaucoma/n0197.bmp,/home/rpotter/hypertower/REFUGE/Train/REFUGE1-train/Disc_Cup_Masks/Non-Glaucoma/n0197.bmp,mask,mask,train
refuge1_train_n0198,refuge,/home/rpotter/hypertower/REFUGE/Train/REFUGE1-train/Training400/Non-Glaucoma/n0198.jpg,/home/rpotter/hypertower/REFUGE/Train/REFUGE1-train/Disc_Cup_Masks/Non-Glaucoma/n0198.bmp,/home/rpotter/hypertower/REFUGE/Train/REFUGE1-train/Disc_Cup_Masks/Non-Glaucoma/n0198.bmp,mask,mask,train
refuge1_train_n0199,refuge,/home/rpotter/hypertower/REFUGE/Train/REFUGE1-train/Training400/Non-Glaucoma/n0199.jpg,/home/rpotter/hypertower/REFUGE/Train/REFUGE1-train/Disc_Cup_Masks/Non-Glaucoma/n0199.bmp,/home/rpotter/hypertower/REFUGE/Train/REFUGE1-train/Disc_Cup_Masks/Non-Glaucoma/n0199.bmp,mask,mask,train
refuge1_train_n0200,refuge,/home/rpotter/hypertower/REFUGE/Train/REFUGE1-train/Training400/Non-Glaucoma/n0200.jpg,/home/rpotter/hypertower/REFUGE/Train/REFUGE1-train/Disc_Cup_Masks/Non-Glaucoma/n0200.bmp,/home/rpotter/hypertower/REFUGE/Train/REFUGE1-train/Disc_Cup_Masks/Non-Glaucoma/n0200.bmp,mask,mask,train
refuge1_train_n0201,refuge,/home/rpotter/hypertower/REFUGE/Train/REFUGE1-train/Training400/Non-Glaucoma/n0201.jpg,/home/rpotter/hypertower/REFUGE/Train/REFUGE1-train/Disc_Cup_Masks/Non-Glaucoma/n0201.bmp,/home/rpotter/hypertower/REFUGE/Train/REFUGE1-train/Disc_Cup_Masks/Non-Glaucoma/n0201.bmp,mask,mask,train
refuge1_train_n0202,refuge,/home/rpotter/hypertower/REFUGE/Train/REFUGE1-train/Training400/Non-Glaucoma/n0202.jpg,/home/rpotter/hypertower/REFUGE/Train/REFUGE1-train/Disc_Cup_Masks/Non-Glaucoma/n0202.bmp,/home/rpotter/hypertower/REFUGE/Train/REFUGE1-train/Disc_Cup_Masks/Non-Glaucoma/n0202.bmp,mask,mask,train
refuge1_train_n0203,refuge,/home/rpotter/hypertower/REFUGE/Train/REFUGE1-train/Training400/Non-Glaucoma/n0203.jpg,/home/rpotter/hypertower/REFUGE/Train/REFUGE1-train/Disc_Cup_Masks/Non-Glaucoma/n0203.bmp,/home/rpotter/hypertower/REFUGE/Train/REFUGE1-train/Disc_Cup_Masks/Non-Glaucoma/n0203.bmp,mask,mask,train
refuge1_train_n0204,refuge,/home/rpotter/hypertower/REFUGE/Train/REFUGE1-train/Training400/Non-Glaucoma/n0204.jpg,/home/rpotter/hypertower/REFUGE/Train/REFUGE1-train/Disc_Cup_Masks/Non-Glaucoma/n0204.bmp,/home/rpotter/hypertower/REFUGE/Train/REFUGE1-train/Disc_Cup_Masks/Non-Glaucoma/n0204.bmp,mask,mask,train
refuge1_train_n0205,refuge,/home/rpotter/hypertower/REFUGE/Train/REFUGE1-train/Training400/Non-Glaucoma/n0205.jpg,/home/rpotter/hypertower/REFUGE/Train/REFUGE1-train/Disc_Cup_Masks/Non-Glaucoma/n0205.bmp,/home/rpotter/hypertower/REFUGE/Train/REFUGE1-train/Disc_Cup_Masks/Non-Glaucoma/n0205.bmp,mask,mask,train
refuge1_train_n0206,refuge,/home/rpotter/hypertower/REFUGE/Train/REFUGE1-train/Training400/Non-Glaucoma/n0206.jpg,/home/rpotter/hypertower/REFUGE/Train/REFUGE1-train/Disc_Cup_Masks/Non-Glaucoma/n0206.bmp,/home/rpotter/hypertower/REFUGE/Train/REFUGE1-train/Disc_Cup_Masks/Non-Glaucoma/n0206.bmp,mask,mask,train
refuge1_train_n0207,refuge,/home/rpotter/hypertower/REFUGE/Train/REFUGE1-train/Training400/Non-Glaucoma/n0207.jpg,/home/rpotter/hypertower/REFUGE/Train/REFUGE1-train/Disc_Cup_Masks/Non-Glaucoma/n0207.bmp,/home/rpotter/hypertower/REFUGE/Train/REFUGE1-train/Disc_Cup_Masks/Non-Glaucoma/n0207.bmp,mask,mask,train
refuge1_train_n0208,refuge,/home/rpotter/hypertower/REFUGE/Train/REFUGE1-train/Training400/Non-Glaucoma/n0208.jpg,/home/rpotter/hypertower/REFUGE/Train/REFUGE1-train/Disc_Cup_Masks/Non-Glaucoma/n0208.bmp,/home/rpotter/hypertower/REFUGE/Train/REFUGE1-train/Disc_Cup_Masks/Non-Glaucoma/n0208.bmp,mask,mask,train
refuge1_train_n0209,refuge,/home/rpotter/hypertower/REFUGE/Train/REFUGE1-train/Training400/Non-Glaucoma/n0209.jpg,/home/rpotter/hypertower/REFUGE/Train/REFUGE1-train/Disc_Cup_Masks/Non-Glaucoma/n0209.bmp,/home/rpotter/hypertower/REFUGE/Train/REFUGE1-train/Disc_Cup_Masks/Non-Glaucoma/n0209.bmp,mask,mask,train
refuge1_train_n0210,refuge,/home/rpotter/hypertower/REFUGE/Train/REFUGE1-train/Training400/Non-Glaucoma/n0210.jpg,/home/rpotter/hypertower/REFUGE/Train/REFUGE1-train/Disc_Cup_Masks/Non-Glaucoma/n0210.bmp,/home/rpotter/hypertower/REFUGE/Train/REFUGE1-train/Disc_Cup_Masks/Non-Glaucoma/n0210.bmp,mask,mask,train
refuge1_train_n0211,refuge,/home/rpotter/hypertower/REFUGE/Train/REFUGE1-train/Training400/Non-Glaucoma/n0211.jpg,/home/rpotter/hypertower/REFUGE/Train/REFUGE1-train/Disc_Cup_Masks/Non-Glaucoma/n0211.bmp,/home/rpotter/hypertower/REFUGE/Train/REFUGE1-train/Disc_Cup_Masks/Non-Glaucoma/n0211.bmp,mask,mask,train
refuge1_train_n0212,refuge,/home/rpotter/hypertower/REFUGE/Train/REFUGE1-train/Training400/Non-Glaucoma/n0212.jpg,/home/rpotter/hypertower/REFUGE/Train/REFUGE1-train/Disc_Cup_Masks/Non-Glaucoma/n0212.bmp,/home/rpotter/hypertower/REFUGE/Train/REFUGE1-train/Disc_Cup_Masks/Non-Glaucoma/n0212.bmp,mask,mask,train
refuge1_train_n0213,refuge,/home/rpotter/hypertower/REFUGE/Train/REFUGE1-train/Training400/Non-Glaucoma/n0213.jpg,/home/rpotter/hypertower/REFUGE/Train/REFUGE1-train/Disc_Cup_Masks/Non-Glaucoma/n0213.bmp,/home/rpotter/hypertower/REFUGE/Train/REFUGE1-train/Disc_Cup_Masks/Non-Glaucoma/n0213.bmp,mask,mask,train
refuge1_train_n0214,refuge,/home/rpotter/hypertower/REFUGE/Train/REFUGE1-train/Training400/Non-Glaucoma/n0214.jpg,/home/rpotter/hypertower/REFUGE/Train/REFUGE1-train/Disc_Cup_Masks/Non-Glaucoma/n0214.bmp,/home/rpotter/hypertower/REFUGE/Train/REFUGE1-train/Disc_Cup_Masks/Non-Glaucoma/n0214.bmp,mask,mask,train
refuge1_train_n0215,refuge,/home/rpotter/hypertower/REFUGE/Train/REFUGE1-train/Training400/Non-Glaucoma/n0215.jpg,/home/rpotter/hypertower/REFUGE/Train/REFUGE1-train/Disc_Cup_Masks/Non-Glaucoma/n0215.bmp,/home/rpotter/hypertower/REFUGE/Train/REFUGE1-train/Disc_Cup_Masks/Non-Glaucoma/n0215.bmp,mask,mask,train
refuge1_train_n0216,refuge,/home/rpotter/hypertower/REFUGE/Train/REFUGE1-train/Training400/Non-Glaucoma/n0216.jpg,/home/rpotter/hypertower/REFUGE/Train/REFUGE1-train/Disc_Cup_Masks/Non-Glaucoma/n0216.bmp,/home/rpotter/hypertower/REFUGE/Train/REFUGE1-train/Disc_Cup_Masks/Non-Glaucoma/n0216.bmp,mask,mask,train
refuge1_train_n0217,refuge,/home/rpotter/hypertower/REFUGE/Train/REFUGE1-train/Training400/Non-Glaucoma/n0217.jpg,/home/rpotter/hypertower/REFUGE/Train/REFUGE1-train/Disc_Cup_Masks/Non-Glaucoma/n0217.bmp,/home/rpotter/hypertower/REFUGE/Train/REFUGE1-train/Disc_Cup_Masks/Non-Glaucoma/n0217.bmp,mask,mask,train
refuge1_train_n0218,refuge,/home/rpotter/hypertower/REFUGE/Train/REFUGE1-train/Training400/Non-Glaucoma/n0218.jpg,/home/rpotter/hypertower/REFUGE/Train/REFUGE1-train/Disc_Cup_Masks/Non-Glaucoma/n0218.bmp,/home/rpotter/hypertower/REFUGE/Train/REFUGE1-train/Disc_Cup_Masks/Non-Glaucoma/n0218.bmp,mask,mask,train
refuge1_train_n0219,refuge,/home/rpotter/hypertower/REFUGE/Train/REFUGE1-train/Training400/Non-Glaucoma/n0219.jpg,/home/rpotter/hypertower/REFUGE/Train/REFUGE1-train/Disc_Cup_Masks/Non-Glaucoma/n0219.bmp,/home/rpotter/hypertower/REFUGE/Train/REFUGE1-train/Disc_Cup_Masks/Non-Glaucoma/n0219.bmp,mask,mask,train
refuge1_train_n0220,refuge,/home/rpotter/hypertower/REFUGE/Train/REFUGE1-train/Training400/Non-Glaucoma/n0220.jpg,/home/rpotter/hypertower/REFUGE/Train/REFUGE1-train/Disc_Cup_Masks/Non-Glaucoma/n0220.bmp,/home/rpotter/hypertower/REFUGE/Train/REFUGE1-train/Disc_Cup_Masks/Non-Glaucoma/n0220.bmp,mask,mask,train
refuge1_train_n0221,refuge,/home/rpotter/hypertower/REFUGE/Train/REFUGE1-train/Training400/Non-Glaucoma/n0221.jpg,/home/rpotter/hypertower/REFUGE/Train/REFUGE1-train/Disc_Cup_Masks/Non-Glaucoma/n0221.bmp,/home/rpotter/hypertower/REFUGE/Train/REFUGE1-train/Disc_Cup_Masks/Non-Glaucoma/n0221.bmp,mask,mask,train
refuge1_train_n0222,refuge,/home/rpotter/hypertower/REFUGE/Train/REFUGE1-train/Training400/Non-Glaucoma/n0222.jpg,/home/rpotter/hypertower/REFUGE/Train/REFUGE1-train/Disc_Cup_Masks/Non-Glaucoma/n0222.bmp,/home/rpotter/hypertower/REFUGE/Train/REFUGE1-train/Disc_Cup_Masks/Non-Glaucoma/n0222.bmp,mask,mask,train
refuge1_train_n0223,refuge,/home/rpotter/hypertower/REFUGE/Train/REFUGE1-train/Training400/Non-Glaucoma/n0223.jpg,/home/rpotter/hypertower/REFUGE/Train/REFUGE1-train/Disc_Cup_Masks/Non-Glaucoma/n0223.bmp,/home/rpotter/hypertower/REFUGE/Train/REFUGE1-train/Disc_Cup_Masks/Non-Glaucoma/n0223.bmp,mask,mask,train
refuge1_train_n0224,refuge,/home/rpotter/hypertower/REFUGE/Train/REFUGE1-train/Training400/Non-Glaucoma/n0224.jpg,/home/rpotter/hypertower/REFUGE/Train/REFUGE1-train/Disc_Cup_Masks/Non-Glaucoma/n0224.bmp,/home/rpotter/hypertower/REFUGE/Train/REFUGE1-train/Disc_Cup_Masks/Non-Glaucoma/n0224.bmp,mask,mask,train
refuge1_train_n0225,refuge,/home/rpotter/hypertower/REFUGE/Train/REFUGE1-train/Training400/Non-Glaucoma/n0225.jpg,/home/rpotter/hypertower/REFUGE/Train/REFUGE1-train/Disc_Cup_Masks/Non-Glaucoma/n0225.bmp,/home/rpotter/hypertower/REFUGE/Train/REFUGE1-train/Disc_Cup_Masks/Non-Glaucoma/n0225.bmp,mask,mask,train
refuge1_train_n0226,refuge,/home/rpotter/hypertower/REFUGE/Train/REFUGE1-train/Training400/Non-Glaucoma/n0226.jpg,/home/rpotter/hypertower/REFUGE/Train/REFUGE1-train/Disc_Cup_Masks/Non-Glaucoma/n0226.bmp,/home/rpotter/hypertower/REFUGE/Train/REFUGE1-train/Disc_Cup_Masks/Non-Glaucoma/n0226.bmp,mask,mask,train
refuge1_train_n0227,refuge,/home/rpotter/hypertower/REFUGE/Train/REFUGE1-train/Training400/Non-Glaucoma/n0227.jpg,/home/rpotter/hypertower/REFUGE/Train/REFUGE1-train/Disc_Cup_Masks/Non-Glaucoma/n0227.bmp,/home/rpotter/hypertower/REFUGE/Train/REFUGE1-train/Disc_Cup_Masks/Non-Glaucoma/n0227.bmp,mask,mask,train
refuge1_train_n0228,refuge,/home/rpotter/hypertower/REFUGE/Train/REFUGE1-train/Training400/Non-Glaucoma/n0228.jpg,/home/rpotter/hypertower/REFUGE/Train/REFUGE1-train/Disc_Cup_Masks/Non-Glaucoma/n0228.bmp,/home/rpotter/hypertower/REFUGE/Train/REFUGE1-train/Disc_Cup_Masks/Non-Glaucoma/n0228.bmp,mask,mask,train
refuge1_train_n0229,refuge,/home/rpotter/hypertower/REFUGE/Train/REFUGE1-train/Training400/Non-Glaucoma/n0229.jpg,/home/rpotter/hypertower/REFUGE/Train/REFUGE1-train/Disc_Cup_Masks/Non-Glaucoma/n0229.bmp,/home/rpotter/hypertower/REFUGE/Train/REFUGE1-train/Disc_Cup_Masks/Non-Glaucoma/n0229.bmp,mask,mask,train
refuge1_train_n0230,refuge,/home/rpotter/hypertower/REFUGE/Train/REFUGE1-train/Training400/Non-Glaucoma/n0230.jpg,/home/rpotter/hypertower/REFUGE/Train/REFUGE1-train/Disc_Cup_Masks/Non-Glaucoma/n0230.bmp,/home/rpotter/hypertower/REFUGE/Train/REFUGE1-train/Disc_Cup_Masks/Non-Glaucoma/n0230.bmp,mask,mask,train
refuge1_train_n0231,refuge,/home/rpotter/hypertower/REFUGE/Train/REFUGE1-train/Training400/Non-Glaucoma/n0231.jpg,/home/rpotter/hypertower/REFUGE/Train/REFUGE1-train/Disc_Cup_Masks/Non-Glaucoma/n0231.bmp,/home/rpotter/hypertower/REFUGE/Train/REFUGE1-train/Disc_Cup_Masks/Non-Glaucoma/n0231.bmp,mask,mask,train
refuge1_train_n0232,refuge,/home/rpotter/hypertower/REFUGE/Train/REFUGE1-train/Training400/Non-Glaucoma/n0232.jpg,/home/rpotter/hypertower/REFUGE/Train/REFUGE1-train/Disc_Cup_Masks/Non-Glaucoma/n0232.bmp,/home/rpotter/hypertower/REFUGE/Train/REFUGE1-train/Disc_Cup_Masks/Non-Glaucoma/n0232.bmp,mask,mask,train
refuge1_train_n0233,refuge,/home/rpotter/hypertower/REFUGE/Train/REFUGE1-train/Training400/Non-Glaucoma/n0233.jpg,/home/rpotter/hypertower/REFUGE/Train/REFUGE1-train/Disc_Cup_Masks/Non-Glaucoma/n0233.bmp,/home/rpotter/hypertower/REFUGE/Train/REFUGE1-train/Disc_Cup_Masks/Non-Glaucoma/n0233.bmp,mask,mask,train
refuge1_train_n0234,refuge,/home/rpotter/hypertower/REFUGE/Train/REFUGE1-train/Training400/Non-Glaucoma/n0234.jpg,/home/rpotter/hypertower/REFUGE/Train/REFUGE1-train/Disc_Cup_Masks/Non-Glaucoma/n0234.bmp,/home/rpotter/hypertower/REFUGE/Train/REFUGE1-train/Disc_Cup_Masks/Non-Glaucoma/n0234.bmp,mask,mask,train
refuge1_train_n0235,refuge,/home/rpotter/hypertower/REFUGE/Train/REFUGE1-train/Training400/Non-Glaucoma/n0235.jpg,/home/rpotter/hypertower/REFUGE/Train/REFUGE1-train/Disc_Cup_Masks/Non-Glaucoma/n0235.bmp,/home/rpotter/hypertower/REFUGE/Train/REFUGE1-train/Disc_Cup_Masks/Non-Glaucoma/n0235.bmp,mask,mask,train
refuge1_train_n0236,refuge,/home/rpotter/hypertower/REFUGE/Train/REFUGE1-train/Training400/Non-Glaucoma/n0236.jpg,/home/rpotter/hypertower/REFUGE/Train/REFUGE1-train/Disc_Cup_Masks/Non-Glaucoma/n0236.bmp,/home/rpotter/hypertower/REFUGE/Train/REFUGE1-train/Disc_Cup_Masks/Non-Glaucoma/n0236.bmp,mask,mask,train
refuge1_train_n0237,refuge,/home/rpotter/hypertower/REFUGE/Train/REFUGE1-train/Training400/Non-Glaucoma/n0237.jpg,/home/rpotter/hypertower/REFUGE/Train/REFUGE1-train/Disc_Cup_Masks/Non-Glaucoma/n0237.bmp,/home/rpotter/hypertower/REFUGE/Train/REFUGE1-train/Disc_Cup_Masks/Non-Glaucoma/n0237.bmp,mask,mask,train
refuge1_train_n0238,refuge,/home/rpotter/hypertower/REFUGE/Train/REFUGE1-train/Training400/Non-Glaucoma/n0238.jpg,/home/rpotter/hypertower/REFUGE/Train/REFUGE1-train/Disc_Cup_Masks/Non-Glaucoma/n0238.bmp,/home/rpotter/hypertower/REFUGE/Train/REFUGE1-train/Disc_Cup_Masks/Non-Glaucoma/n0238.bmp,mask,mask,train
refuge1_train_n0239,refuge,/home/rpotter/hypertower/REFUGE/Train/REFUGE1-train/Training400/Non-Glaucoma/n0239.jpg,/home/rpotter/hypertower/REFUGE/Train/REFUGE1-train/Disc_Cup_Masks/Non-Glaucoma/n0239.bmp,/home/rpotter/hypertower/REFUGE/Train/REFUGE1-train/Disc_Cup_Masks/Non-Glaucoma/n0239.bmp,mask,mask,train
refuge1_train_n0240,refuge,/home/rpotter/hypertower/REFUGE/Train/REFUGE1-train/Training400/Non-Glaucoma/n0240.jpg,/home/rpotter/hypertower/REFUGE/Train/REFUGE1-train/Disc_Cup_Masks/Non-Glaucoma/n0240.bmp,/home/rpotter/hypertower/REFUGE/Train/REFUGE1-train/Disc_Cup_Masks/Non-Glaucoma/n0240.bmp,mask,mask,train
refuge1_train_n0241,refuge,/home/rpotter/hypertower/REFUGE/Train/REFUGE1-train/Training400/Non-Glaucoma/n0241.jpg,/home/rpotter/hypertower/REFUGE/Train/REFUGE1-train/Disc_Cup_Masks/Non-Glaucoma/n0241.bmp,/home/rpotter/hypertower/REFUGE/Train/REFUGE1-train/Disc_Cup_Masks/Non-Glaucoma/n0241.bmp,mask,mask,train
refuge1_train_n0242,refuge,/home/rpotter/hypertower/REFUGE/Train/REFUGE1-train/Training400/Non-Glaucoma/n0242.jpg,/home/rpotter/hypertower/REFUGE/Train/REFUGE1-train/Disc_Cup_Masks/Non-Glaucoma/n0242.bmp,/home/rpotter/hypertower/REFUGE/Train/REFUGE1-train/Disc_Cup_Masks/Non-Glaucoma/n0242.bmp,mask,mask,train
refuge1_train_n0243,refuge,/home/rpotter/hypertower/REFUGE/Train/REFUGE1-train/Training400/Non-Glaucoma/n0243.jpg,/home/rpotter/hypertower/REFUGE/Train/REFUGE1-train/Disc_Cup_Masks/Non-Glaucoma/n0243.bmp,/home/rpotter/hypertower/REFUGE/Train/REFUGE1-train/Disc_Cup_Masks/Non-Glaucoma/n0243.bmp,mask,mask,train
refuge1_train_n0244,refuge,/home/rpotter/hypertower/REFUGE/Train/REFUGE1-train/Training400/Non-Glaucoma/n0244.jpg,/home/rpotter/hypertower/REFUGE/Train/REFUGE1-train/Disc_Cup_Masks/Non-Glaucoma/n0244.bmp,/home/rpotter/hypertower/REFUGE/Train/REFUGE1-train/Disc_Cup_Masks/Non-Glaucoma/n0244.bmp,mask,mask,train
refuge1_train_n0245,refuge,/home/rpotter/hypertower/REFUGE/Train/REFUGE1-train/Training400/Non-Glaucoma/n0245.jpg,/home/rpotter/hypertower/REFUGE/Train/REFUGE1-train/Disc_Cup_Masks/Non-Glaucoma/n0245.bmp,/home/rpotter/hypertower/REFUGE/Train/REFUGE1-train/Disc_Cup_Masks/Non-Glaucoma/n0245.bmp,mask,mask,train
refuge1_train_n0246,refuge,/home/rpotter/hypertower/REFUGE/Train/REFUGE1-train/Training400/Non-Glaucoma/n0246.jpg,/home/rpotter/hypertower/REFUGE/Train/REFUGE1-train/Disc_Cup_Masks/Non-Glaucoma/n0246.bmp,/home/rpotter/hypertower/REFUGE/Train/REFUGE1-train/Disc_Cup_Masks/Non-Glaucoma/n0246.bmp,mask,mask,train
refuge1_train_n0247,refuge,/home/rpotter/hypertower/REFUGE/Train/REFUGE1-train/Training400/Non-Glaucoma/n0247.jpg,/home/rpotter/hypertower/REFUGE/Train/REFUGE1-train/Disc_Cup_Masks/Non-Glaucoma/n0247.bmp,/home/rpotter/hypertower/REFUGE/Train/REFUGE1-train/Disc_Cup_Masks/Non-Glaucoma/n0247.bmp,mask,mask,train
refuge1_train_n0248,refuge,/home/rpotter/hypertower/REFUGE/Train/REFUGE1-train/Training400/Non-Glaucoma/n0248.jpg,/home/rpotter/hypertower/REFUGE/Train/REFUGE1-train/Disc_Cup_Masks/Non-Glaucoma/n0248.bmp,/home/rpotter/hypertower/REFUGE/Train/REFUGE1-train/Disc_Cup_Masks/Non-Glaucoma/n0248.bmp,mask,mask,train
refuge1_train_n0249,refuge,/home/rpotter/hypertower/REFUGE/Train/REFUGE1-train/Training400/Non-Glaucoma/n0249.jpg,/home/rpotter/hypertower/REFUGE/Train/REFUGE1-train/Disc_Cup_Masks/Non-Glaucoma/n0249.bmp,/home/rpotter/hypertower/REFUGE/Train/REFUGE1-train/Disc_Cup_Masks/Non-Glaucoma/n0249.bmp,mask,mask,train
refuge1_train_n0250,refuge,/home/rpotter/hypertower/REFUGE/Train/REFUGE1-train/Training400/Non-Glaucoma/n0250.jpg,/home/rpotter/hypertower/REFUGE/Train/REFUGE1-train/Disc_Cup_Masks/Non-Glaucoma/n0250.bmp,/home/rpotter/hypertower/REFUGE/Train/REFUGE1-train/Disc_Cup_Masks/Non-Glaucoma/n0250.bmp,mask,mask,train
refuge1_train_n0251,refuge,/home/rpotter/hypertower/REFUGE/Train/REFUGE1-train/Training400/Non-Glaucoma/n0251.jpg,/home/rpotter/hypertower/REFUGE/Train/REFUGE1-train/Disc_Cup_Masks/Non-Glaucoma/n0251.bmp,/home/rpotter/hypertower/REFUGE/Train/REFUGE1-train/Disc_Cup_Masks/Non-Glaucoma/n0251.bmp,mask,mask,train
refuge1_train_n0252,refuge,/home/rpotter/hypertower/REFUGE/Train/REFUGE1-train/Training400/Non-Glaucoma/n0252.jpg,/home/rpotter/hypertower/REFUGE/Train/REFUGE1-train/Disc_Cup_Masks/Non-Glaucoma/n0252.bmp,/home/rpotter/hypertower/REFUGE/Train/REFUGE1-train/Disc_Cup_Masks/Non-Glaucoma/n0252.bmp,mask,mask,train
refuge1_train_n0253,refuge,/home/rpotter/hypertower/REFUGE/Train/REFUGE1-train/Training400/Non-Glaucoma/n0253.jpg,/home/rpotter/hypertower/REFUGE/Train/REFUGE1-train/Disc_Cup_Masks/Non-Glaucoma/n0253.bmp,/home/rpotter/hypertower/REFUGE/Train/REFUGE1-train/Disc_Cup_Masks/Non-Glaucoma/n0253.bmp,mask,mask,train
refuge1_train_n0254,refuge,/home/rpotter/hypertower/REFUGE/Train/REFUGE1-train/Training400/Non-Glaucoma/n0254.jpg,/home/rpotter/hypertower/REFUGE/Train/REFUGE1-train/Disc_Cup_Masks/Non-Glaucoma/n0254.bmp,/home/rpotter/hypertower/REFUGE/Train/REFUGE1-train/Disc_Cup_Masks/Non-Glaucoma/n0254.bmp,mask,mask,train
refuge1_train_n0255,refuge,/home/rpotter/hypertower/REFUGE/Train/REFUGE1-train/Training400/Non-Glaucoma/n0255.jpg,/home/rpotter/hypertower/REFUGE/Train/REFUGE1-train/Disc_Cup_Masks/Non-Glaucoma/n0255.bmp,/home/rpotter/hypertower/REFUGE/Train/REFUGE1-train/Disc_Cup_Masks/Non-Glaucoma/n0255.bmp,mask,mask,train
refuge1_train_n0256,refuge,/home/rpotter/hypertower/REFUGE/Train/REFUGE1-train/Training400/Non-Glaucoma/n0256.jpg,/home/rpotter/hypertower/REFUGE/Train/REFUGE1-train/Disc_Cup_Masks/Non-Glaucoma/n0256.bmp,/home/rpotter/hypertower/REFUGE/Train/REFUGE1-train/Disc_Cup_Masks/Non-Glaucoma/n0256.bmp,mask,mask,train
refuge1_train_n0257,refuge,/home/rpotter/hypertower/REFUGE/Train/REFUGE1-train/Training400/Non-Glaucoma/n0257.jpg,/home/rpotter/hypertower/REFUGE/Train/REFUGE1-train/Disc_Cup_Masks/Non-Glaucoma/n0257.bmp,/home/rpotter/hypertower/REFUGE/Train/REFUGE1-train/Disc_Cup_Masks/Non-Glaucoma/n0257.bmp,mask,mask,train
refuge1_train_n0258,refuge,/home/rpotter/hypertower/REFUGE/Train/REFUGE1-train/Training400/Non-Glaucoma/n0258.jpg,/home/rpotter/hypertower/REFUGE/Train/REFUGE1-train/Disc_Cup_Masks/Non-Glaucoma/n0258.bmp,/home/rpotter/hypertower/REFUGE/Train/REFUGE1-train/Disc_Cup_Masks/Non-Glaucoma/n0258.bmp,mask,mask,train
refuge1_train_n0259,refuge,/home/rpotter/hypertower/REFUGE/Train/REFUGE1-train/Training400/Non-Glaucoma/n0259.jpg,/home/rpotter/hypertower/REFUGE/Train/REFUGE1-train/Disc_Cup_Masks/Non-Glaucoma/n0259.bmp,/home/rpotter/hypertower/REFUGE/Train/REFUGE1-train/Disc_Cup_Masks/Non-Glaucoma/n0259.bmp,mask,mask,train
refuge1_train_n0260,refuge,/home/rpotter/hypertower/REFUGE/Train/REFUGE1-train/Training400/Non-Glaucoma/n0260.jpg,/home/rpotter/hypertower/REFUGE/Train/REFUGE1-train/Disc_Cup_Masks/Non-Glaucoma/n0260.bmp,/home/rpotter/hypertower/REFUGE/Train/REFUGE1-train/Disc_Cup_Masks/Non-Glaucoma/n0260.bmp,mask,mask,train
refuge1_train_n0261,refuge,/home/rpotter/hypertower/REFUGE/Train/REFUGE1-train/Training400/Non-Glaucoma/n0261.jpg,/home/rpotter/hypertower/REFUGE/Train/REFUGE1-train/Disc_Cup_Masks/Non-Glaucoma/n0261.bmp,/home/rpotter/hypertower/REFUGE/Train/REFUGE1-train/Disc_Cup_Masks/Non-Glaucoma/n0261.bmp,mask,mask,train
refuge1_train_n0262,refuge,/home/rpotter/hypertower/REFUGE/Train/REFUGE1-train/Training400/Non-Glaucoma/n0262.jpg,/home/rpotter/hypertower/REFUGE/Train/REFUGE1-train/Disc_Cup_Masks/Non-Glaucoma/n0262.bmp,/home/rpotter/hypertower/REFUGE/Train/REFUGE1-train/Disc_Cup_Masks/Non-Glaucoma/n0262.bmp,mask,mask,train
refuge1_train_n0263,refuge,/home/rpotter/hypertower/REFUGE/Train/REFUGE1-train/Training400/Non-Glaucoma/n0263.jpg,/home/rpotter/hypertower/REFUGE/Train/REFUGE1-train/Disc_Cup_Masks/Non-Glaucoma/n0263.bmp,/home/rpotter/hypertower/REFUGE/Train/REFUGE1-train/Disc_Cup_Masks/Non-Glaucoma/n0263.bmp,mask,mask,train
refuge1_train_n0264,refuge,/home/rpotter/hypertower/REFUGE/Train/REFUGE1-train/Training400/Non-Glaucoma/n0264.jpg,/home/rpotter/hypertower/REFUGE/Train/REFUGE1-train/Disc_Cup_Masks/Non-Glaucoma/n0264.bmp,/home/rpotter/hypertower/REFUGE/Train/REFUGE1-train/Disc_Cup_Masks/Non-Glaucoma/n0264.bmp,mask,mask,train
refuge1_train_n0265,refuge,/home/rpotter/hypertower/REFUGE/Train/REFUGE1-train/Training400/Non-Glaucoma/n0265.jpg,/home/rpotter/hypertower/REFUGE/Train/REFUGE1-train/Disc_Cup_Masks/Non-Glaucoma/n0265.bmp,/home/rpotter/hypertower/REFUGE/Train/REFUGE1-train/Disc_Cup_Masks/Non-Glaucoma/n0265.bmp,mask,mask,train
refuge1_train_n0266,refuge,/home/rpotter/hypertower/REFUGE/Train/REFUGE1-train/Training400/Non-Glaucoma/n0266.jpg,/home/rpotter/hypertower/REFUGE/Train/REFUGE1-train/Disc_Cup_Masks/Non-Glaucoma/n0266.bmp,/home/rpotter/hypertower/REFUGE/Train/REFUGE1-train/Disc_Cup_Masks/Non-Glaucoma/n0266.bmp,mask,mask,train
refuge1_train_n0267,refuge,/home/rpotter/hypertower/REFUGE/Train/REFUGE1-train/Training400/Non-Glaucoma/n0267.jpg,/home/rpotter/hypertower/REFUGE/Train/REFUGE1-train/Disc_Cup_Masks/Non-Glaucoma/n0267.bmp,/home/rpotter/hypertower/REFUGE/Train/REFUGE1-train/Disc_Cup_Masks/Non-Glaucoma/n0267.bmp,mask,mask,train
refuge1_train_n0268,refuge,/home/rpotter/hypertower/REFUGE/Train/REFUGE1-train/Training400/Non-Glaucoma/n0268.jpg,/home/rpotter/hypertower/REFUGE/Train/REFUGE1-train/Disc_Cup_Masks/Non-Glaucoma/n0268.bmp,/home/rpotter/hypertower/REFUGE/Train/REFUGE1-train/Disc_Cup_Masks/Non-Glaucoma/n0268.bmp,mask,mask,train
refuge1_train_n0269,refuge,/home/rpotter/hypertower/REFUGE/Train/REFUGE1-train/Training400/Non-Glaucoma/n0269.jpg,/home/rpotter/hypertower/REFUGE/Train/REFUGE1-train/Disc_Cup_Masks/Non-Glaucoma/n0269.bmp,/home/rpotter/hypertower/REFUGE/Train/REFUGE1-train/Disc_Cup_Masks/Non-Glaucoma/n0269.bmp,mask,mask,train
refuge1_train_n0270,refuge,/home/rpotter/hypertower/REFUGE/Train/REFUGE1-train/Training400/Non-Glaucoma/n0270.jpg,/home/rpotter/hypertower/REFUGE/Train/REFUGE1-train/Disc_Cup_Masks/Non-Glaucoma/n0270.bmp,/home/rpotter/hypertower/REFUGE/Train/REFUGE1-train/Disc_Cup_Masks/Non-Glaucoma/n0270.bmp,mask,mask,train
refuge1_train_n0271,refuge,/home/rpotter/hypertower/REFUGE/Train/REFUGE1-train/Training400/Non-Glaucoma/n0271.jpg,/home/rpotter/hypertower/REFUGE/Train/REFUGE1-train/Disc_Cup_Masks/Non-Glaucoma/n0271.bmp,/home/rpotter/hypertower/REFUGE/Train/REFUGE1-train/Disc_Cup_Masks/Non-Glaucoma/n0271.bmp,mask,mask,train
refuge1_train_n0272,refuge,/home/rpotter/hypertower/REFUGE/Train/REFUGE1-train/Training400/Non-Glaucoma/n0272.jpg,/home/rpotter/hypertower/REFUGE/Train/REFUGE1-train/Disc_Cup_Masks/Non-Glaucoma/n0272.bmp,/home/rpotter/hypertower/REFUGE/Train/REFUGE1-train/Disc_Cup_Masks/Non-Glaucoma/n0272.bmp,mask,mask,train
refuge1_train_n0273,refuge,/home/rpotter/hypertower/REFUGE/Train/REFUGE1-train/Training400/Non-Glaucoma/n0273.jpg,/home/rpotter/hypertower/REFUGE/Train/REFUGE1-train/Disc_Cup_Masks/Non-Glaucoma/n0273.bmp,/home/rpotter/hypertower/REFUGE/Train/REFUGE1-train/Disc_Cup_Masks/Non-Glaucoma/n0273.bmp,mask,mask,train
refuge1_train_n0274,refuge,/home/rpotter/hypertower/REFUGE/Train/REFUGE1-train/Training400/Non-Glaucoma/n0274.jpg,/home/rpotter/hypertower/REFUGE/Train/REFUGE1-train/Disc_Cup_Masks/Non-Glaucoma/n0274.bmp,/home/rpotter/hypertower/REFUGE/Train/REFUGE1-train/Disc_Cup_Masks/Non-Glaucoma/n0274.bmp,mask,mask,train
refuge1_train_n0275,refuge,/home/rpotter/hypertower/REFUGE/Train/REFUGE1-train/Training400/Non-Glaucoma/n0275.jpg,/home/rpotter/hypertower/REFUGE/Train/REFUGE1-train/Disc_Cup_Masks/Non-Glaucoma/n0275.bmp,/home/rpotter/hypertower/REFUGE/Train/REFUGE1-train/Disc_Cup_Masks/Non-Glaucoma/n0275.bmp,mask,mask,train
refuge1_train_n0276,refuge,/home/rpotter/hypertower/REFUGE/Train/REFUGE1-train/Training400/Non-Glaucoma/n0276.jpg,/home/rpotter/hypertower/REFUGE/Train/REFUGE1-train/Disc_Cup_Masks/Non-Glaucoma/n0276.bmp,/home/rpotter/hypertower/REFUGE/Train/REFUGE1-train/Disc_Cup_Masks/Non-Glaucoma/n0276.bmp,mask,mask,train
refuge1_train_n0277,refuge,/home/rpotter/hypertower/REFUGE/Train/REFUGE1-train/Training400/Non-Glaucoma/n0277.jpg,/home/rpotter/hypertower/REFUGE/Train/REFUGE1-train/Disc_Cup_Masks/Non-Glaucoma/n0277.bmp,/home/rpotter/hypertower/REFUGE/Train/REFUGE1-train/Disc_Cup_Masks/Non-Glaucoma/n0277.bmp,mask,mask,train
refuge1_train_n0278,refuge,/home/rpotter/hypertower/REFUGE/Train/REFUGE1-train/Training400/Non-Glaucoma/n0278.jpg,/home/rpotter/hypertower/REFUGE/Train/REFUGE1-train/Disc_Cup_Masks/Non-Glaucoma/n0278.bmp,/home/rpotter/hypertower/REFUGE/Train/REFUGE1-train/Disc_Cup_Masks/Non-Glaucoma/n0278.bmp,mask,mask,train
refuge1_train_n0279,refuge,/home/rpotter/hypertower/REFUGE/Train/REFUGE1-train/Training400/Non-Glaucoma/n0279.jpg,/home/rpotter/hypertower/REFUGE/Train/REFUGE1-train/Disc_Cup_Masks/Non-Glaucoma/n0279.bmp,/home/rpotter/hypertower/REFUGE/Train/REFUGE1-train/Disc_Cup_Masks/Non-Glaucoma/n0279.bmp,mask,mask,train
refuge1_train_n0280,refuge,/home/rpotter/hypertower/REFUGE/Train/REFUGE1-train/Training400/Non-Glaucoma/n0280.jpg,/home/rpotter/hypertower/REFUGE/Train/REFUGE1-train/Disc_Cup_Masks/Non-Glaucoma/n0280.bmp,/home/rpotter/hypertower/REFUGE/Train/REFUGE1-train/Disc_Cup_Masks/Non-Glaucoma/n0280.bmp,mask,mask,train
refuge1_train_n0281,refuge,/home/rpotter/hypertower/REFUGE/Train/REFUGE1-train/Training400/Non-Glaucoma/n0281.jpg,/home/rpotter/hypertower/REFUGE/Train/REFUGE1-train/Disc_Cup_Masks/Non-Glaucoma/n0281.bmp,/home/rpotter/hypertower/REFUGE/Train/REFUGE1-train/Disc_Cup_Masks/Non-Glaucoma/n0281.bmp,mask,mask,train
refuge1_train_n0282,refuge,/home/rpotter/hypertower/REFUGE/Train/REFUGE1-train/Training400/Non-Glaucoma/n0282.jpg,/home/rpotter/hypertower/REFUGE/Train/REFUGE1-train/Disc_Cup_Masks/Non-Glaucoma/n0282.bmp,/home/rpotter/hypertower/REFUGE/Train/REFUGE1-train/Disc_Cup_Masks/Non-Glaucoma/n0282.bmp,mask,mask,train
refuge1_train_n0283,refuge,/home/rpotter/hypertower/REFUGE/Train/REFUGE1-train/Training400/Non-Glaucoma/n0283.jpg,/home/rpotter/hypertower/REFUGE/Train/REFUGE1-train/Disc_Cup_Masks/Non-Glaucoma/n0283.bmp,/home/rpotter/hypertower/REFUGE/Train/REFUGE1-train/Disc_Cup_Masks/Non-Glaucoma/n0283.bmp,mask,mask,train
refuge1_train_n0284,refuge,/home/rpotter/hypertower/REFUGE/Train/REFUGE1-train/Training400/Non-Glaucoma/n0284.jpg,/home/rpotter/hypertower/REFUGE/Train/REFUGE1-train/Disc_Cup_Masks/Non-Glaucoma/n0284.bmp,/home/rpotter/hypertower/REFUGE/Train/REFUGE1-train/Disc_Cup_Masks/Non-Glaucoma/n0284.bmp,mask,mask,train
refuge1_train_n0285,refuge,/home/rpotter/hypertower/REFUGE/Train/REFUGE1-train/Training400/Non-Glaucoma/n0285.jpg,/home/rpotter/hypertower/REFUGE/Train/REFUGE1-train/Disc_Cup_Masks/Non-Glaucoma/n0285.bmp,/home/rpotter/hypertower/REFUGE/Train/REFUGE1-train/Disc_Cup_Masks/Non-Glaucoma/n0285.bmp,mask,mask,train
refuge1_train_n0286,refuge,/home/rpotter/hypertower/REFUGE/Train/REFUGE1-train/Training400/Non-Glaucoma/n0286.jpg,/home/rpotter/hypertower/REFUGE/Train/REFUGE1-train/Disc_Cup_Masks/Non-Glaucoma/n0286.bmp,/home/rpotter/hypertower/REFUGE/Train/REFUGE1-train/Disc_Cup_Masks/Non-Glaucoma/n0286.bmp,mask,mask,train
refuge1_train_n0287,refuge,/home/rpotter/hypertower/REFUGE/Train/REFUGE1-train/Training400/Non-Glaucoma/n0287.jpg,/home/rpotter/hypertower/REFUGE/Train/REFUGE1-train/Disc_Cup_Masks/Non-Glaucoma/n0287.bmp,/home/rpotter/hypertower/REFUGE/Train/REFUGE1-train/Disc_Cup_Masks/Non-Glaucoma/n0287.bmp,mask,mask,train
refuge1_train_n0288,refuge,/home/rpotter/hypertower/REFUGE/Train/REFUGE1-train/Training400/Non-Glaucoma/n0288.jpg,/home/rpotter/hypertower/REFUGE/Train/REFUGE1-train/Disc_Cup_Masks/Non-Glaucoma/n0288.bmp,/home/rpotter/hypertower/REFUGE/Train/REFUGE1-train/Disc_Cup_Masks/Non-Glaucoma/n0288.bmp,mask,mask,train
refuge1_train_n0289,refuge,/home/rpotter/hypertower/REFUGE/Train/REFUGE1-train/Training400/Non-Glaucoma/n0289.jpg,/home/rpotter/hypertower/REFUGE/Train/REFUGE1-train/Disc_Cup_Masks/Non-Glaucoma/n0289.bmp,/home/rpotter/hypertower/REFUGE/Train/REFUGE1-train/Disc_Cup_Masks/Non-Glaucoma/n0289.bmp,mask,mask,train
refuge1_train_n0290,refuge,/home/rpotter/hypertower/REFUGE/Train/REFUGE1-train/Training400/Non-Glaucoma/n0290.jpg,/home/rpotter/hypertower/REFUGE/Train/REFUGE1-train/Disc_Cup_Masks/Non-Glaucoma/n0290.bmp,/home/rpotter/hypertower/REFUGE/Train/REFUGE1-train/Disc_Cup_Masks/Non-Glaucoma/n0290.bmp,mask,mask,train
refuge1_train_n0291,refuge,/home/rpotter/hypertower/REFUGE/Train/REFUGE1-train/Training400/Non-Glaucoma/n0291.jpg,/home/rpotter/hypertower/REFUGE/Train/REFUGE1-train/Disc_Cup_Masks/Non-Glaucoma/n0291.bmp,/home/rpotter/hypertower/REFUGE/Train/REFUGE1-train/Disc_Cup_Masks/Non-Glaucoma/n0291.bmp,mask,mask,train
refuge1_train_n0292,refuge,/home/rpotter/hypertower/REFUGE/Train/REFUGE1-train/Training400/Non-Glaucoma/n0292.jpg,/home/rpotter/hypertower/REFUGE/Train/REFUGE1-train/Disc_Cup_Masks/Non-Glaucoma/n0292.bmp,/home/rpotter/hypertower/REFUGE/Train/REFUGE1-train/Disc_Cup_Masks/Non-Glaucoma/n0292.bmp,mask,mask,train
refuge1_train_n0293,refuge,/home/rpotter/hypertower/REFUGE/Train/REFUGE1-train/Training400/Non-Glaucoma/n0293.jpg,/home/rpotter/hypertower/REFUGE/Train/REFUGE1-train/Disc_Cup_Masks/Non-Glaucoma/n0293.bmp,/home/rpotter/hypertower/REFUGE/Train/REFUGE1-train/Disc_Cup_Masks/Non-Glaucoma/n0293.bmp,mask,mask,train
refuge1_train_n0294,refuge,/home/rpotter/hypertower/REFUGE/Train/REFUGE1-train/Training400/Non-Glaucoma/n0294.jpg,/home/rpotter/hypertower/REFUGE/Train/REFUGE1-train/Disc_Cup_Masks/Non-Glaucoma/n0294.bmp,/home/rpotter/hypertower/REFUGE/Train/REFUGE1-train/Disc_Cup_Masks/Non-Glaucoma/n0294.bmp,mask,mask,train
refuge1_train_n0295,refuge,/home/rpotter/hypertower/REFUGE/Train/REFUGE1-train/Training400/Non-Glaucoma/n0295.jpg,/home/rpotter/hypertower/REFUGE/Train/REFUGE1-train/Disc_Cup_Masks/Non-Glaucoma/n0295.bmp,/home/rpotter/hypertower/REFUGE/Train/REFUGE1-train/Disc_Cup_Masks/Non-Glaucoma/n0295.bmp,mask,mask,train
refuge1_train_n0296,refuge,/home/rpotter/hypertower/REFUGE/Train/REFUGE1-train/Training400/Non-Glaucoma/n0296.jpg,/home/rpotter/hypertower/REFUGE/Train/REFUGE1-train/Disc_Cup_Masks/Non-Glaucoma/n0296.bmp,/home/rpotter/hypertower/REFUGE/Train/REFUGE1-train/Disc_Cup_Masks/Non-Glaucoma/n0296.bmp,mask,mask,train
refuge1_train_n0297,refuge,/home/rpotter/hypertower/REFUGE/Train/REFUGE1-train/Training400/Non-Glaucoma/n0297.jpg,/home/rpotter/hypertower/REFUGE/Train/REFUGE1-train/Disc_Cup_Masks/Non-Glaucoma/n0297.bmp,/home/rpotter/hypertower/REFUGE/Train/REFUGE1-train/Disc_Cup_Masks/Non-Glaucoma/n0297.bmp,mask,mask,train
refuge1_train_n0298,refuge,/home/rpotter/hypertower/REFUGE/Train/REFUGE1-train/Training400/Non-Glaucoma/n0298.jpg,/home/rpotter/hypertower/REFUGE/Train/REFUGE1-train/Disc_Cup_Masks/Non-Glaucoma/n0298.bmp,/home/rpotter/hypertower/REFUGE/Train/REFUGE1-train/Disc_Cup_Masks/Non-Glaucoma/n0298.bmp,mask,mask,train
refuge1_train_n0299,refuge,/home/rpotter/hypertower/REFUGE/Train/REFUGE1-train/Training400/Non-Glaucoma/n0299.jpg,/home/rpotter/hypertower/REFUGE/Train/REFUGE1-train/Disc_Cup_Masks/Non-Glaucoma/n0299.bmp,/home/rpotter/hypertower/REFUGE/Train/REFUGE1-train/Disc_Cup_Masks/Non-Glaucoma/n0299.bmp,mask,mask,train
refuge1_train_n0300,refuge,/home/rpotter/hypertower/REFUGE/Train/REFUGE1-train/Training400/Non-Glaucoma/n0300.jpg,/home/rpotter/hypertower/REFUGE/Train/REFUGE1-train/Disc_Cup_Masks/Non-Glaucoma/n0300.bmp,/home/rpotter/hypertower/REFUGE/Train/REFUGE1-train/Disc_Cup_Masks/Non-Glaucoma/n0300.bmp,mask,mask,train
refuge1_train_n0301,refuge,/home/rpotter/hypertower/REFUGE/Train/REFUGE1-train/Training400/Non-Glaucoma/n0301.jpg,/home/rpotter/hypertower/REFUGE/Train/REFUGE1-train/Disc_Cup_Masks/Non-Glaucoma/n0301.bmp,/home/rpotter/hypertower/REFUGE/Train/REFUGE1-train/Disc_Cup_Masks/Non-Glaucoma/n0301.bmp,mask,mask,train
refuge1_train_n0302,refuge,/home/rpotter/hypertower/REFUGE/Train/REFUGE1-train/Training400/Non-Glaucoma/n0302.jpg,/home/rpotter/hypertower/REFUGE/Train/REFUGE1-train/Disc_Cup_Masks/Non-Glaucoma/n0302.bmp,/home/rpotter/hypertower/REFUGE/Train/REFUGE1-train/Disc_Cup_Masks/Non-Glaucoma/n0302.bmp,mask,mask,train
refuge1_train_n0303,refuge,/home/rpotter/hypertower/REFUGE/Train/REFUGE1-train/Training400/Non-Glaucoma/n0303.jpg,/home/rpotter/hypertower/REFUGE/Train/REFUGE1-train/Disc_Cup_Masks/Non-Glaucoma/n0303.bmp,/home/rpotter/hypertower/REFUGE/Train/REFUGE1-train/Disc_Cup_Masks/Non-Glaucoma/n0303.bmp,mask,mask,train
refuge1_train_n0304,refuge,/home/rpotter/hypertower/REFUGE/Train/REFUGE1-train/Training400/Non-Glaucoma/n0304.jpg,/home/rpotter/hypertower/REFUGE/Train/REFUGE1-train/Disc_Cup_Masks/Non-Glaucoma/n0304.bmp,/home/rpotter/hypertower/REFUGE/Train/REFUGE1-train/Disc_Cup_Masks/Non-Glaucoma/n0304.bmp,mask,mask,train
refuge1_train_n0305,refuge,/home/rpotter/hypertower/REFUGE/Train/REFUGE1-train/Training400/Non-Glaucoma/n0305.jpg,/home/rpotter/hypertower/REFUGE/Train/REFUGE1-train/Disc_Cup_Masks/Non-Glaucoma/n0305.bmp,/home/rpotter/hypertower/REFUGE/Train/REFUGE1-train/Disc_Cup_Masks/Non-Glaucoma/n0305.bmp,mask,mask,train
refuge1_train_n0306,refuge,/home/rpotter/hypertower/REFUGE/Train/REFUGE1-train/Training400/Non-Glaucoma/n0306.jpg,/home/rpotter/hypertower/REFUGE/Train/REFUGE1-train/Disc_Cup_Masks/Non-Glaucoma/n0306.bmp,/home/rpotter/hypertower/REFUGE/Train/REFUGE1-train/Disc_Cup_Masks/Non-Glaucoma/n0306.bmp,mask,mask,train
refuge1_train_n0307,refuge,/home/rpotter/hypertower/REFUGE/Train/REFUGE1-train/Training400/Non-Glaucoma/n0307.jpg,/home/rpotter/hypertower/REFUGE/Train/REFUGE1-train/Disc_Cup_Masks/Non-Glaucoma/n0307.bmp,/home/rpotter/hypertower/REFUGE/Train/REFUGE1-train/Disc_Cup_Masks/Non-Glaucoma/n0307.bmp,mask,mask,train
refuge1_train_n0308,refuge,/home/rpotter/hypertower/REFUGE/Train/REFUGE1-train/Training400/Non-Glaucoma/n0308.jpg,/home/rpotter/hypertower/REFUGE/Train/REFUGE1-train/Disc_Cup_Masks/Non-Glaucoma/n0308.bmp,/home/rpotter/hypertower/REFUGE/Train/REFUGE1-train/Disc_Cup_Masks/Non-Glaucoma/n0308.bmp,mask,mask,train
refuge1_train_n0309,refuge,/home/rpotter/hypertower/REFUGE/Train/REFUGE1-train/Training400/Non-Glaucoma/n0309.jpg,/home/rpotter/hypertower/REFUGE/Train/REFUGE1-train/Disc_Cup_Masks/Non-Glaucoma/n0309.bmp,/home/rpotter/hypertower/REFUGE/Train/REFUGE1-train/Disc_Cup_Masks/Non-Glaucoma/n0309.bmp,mask,mask,train
refuge1_train_n0310,refuge,/home/rpotter/hypertower/REFUGE/Train/REFUGE1-train/Training400/Non-Glaucoma/n0310.jpg,/home/rpotter/hypertower/REFUGE/Train/REFUGE1-train/Disc_Cup_Masks/Non-Glaucoma/n0310.bmp,/home/rpotter/hypertower/REFUGE/Train/REFUGE1-train/Disc_Cup_Masks/Non-Glaucoma/n0310.bmp,mask,mask,train
refuge1_train_n0311,refuge,/home/rpotter/hypertower/REFUGE/Train/REFUGE1-train/Training400/Non-Glaucoma/n0311.jpg,/home/rpotter/hypertower/REFUGE/Train/REFUGE1-train/Disc_Cup_Masks/Non-Glaucoma/n0311.bmp,/home/rpotter/hypertower/REFUGE/Train/REFUGE1-train/Disc_Cup_Masks/Non-Glaucoma/n0311.bmp,mask,mask,train
refuge1_train_n0312,refuge,/home/rpotter/hypertower/REFUGE/Train/REFUGE1-train/Training400/Non-Glaucoma/n0312.jpg,/home/rpotter/hypertower/REFUGE/Train/REFUGE1-train/Disc_Cup_Masks/Non-Glaucoma/n0312.bmp,/home/rpotter/hypertower/REFUGE/Train/REFUGE1-train/Disc_Cup_Masks/Non-Glaucoma/n0312.bmp,mask,mask,train
refuge1_train_n0313,refuge,/home/rpotter/hypertower/REFUGE/Train/REFUGE1-train/Training400/Non-Glaucoma/n0313.jpg,/home/rpotter/hypertower/REFUGE/Train/REFUGE1-train/Disc_Cup_Masks/Non-Glaucoma/n0313.bmp,/home/rpotter/hypertower/REFUGE/Train/REFUGE1-train/Disc_Cup_Masks/Non-Glaucoma/n0313.bmp,mask,mask,train
refuge1_train_n0314,refuge,/home/rpotter/hypertower/REFUGE/Train/REFUGE1-train/Training400/Non-Glaucoma/n0314.jpg,/home/rpotter/hypertower/REFUGE/Train/REFUGE1-train/Disc_Cup_Masks/Non-Glaucoma/n0314.bmp,/home/rpotter/hypertower/REFUGE/Train/REFUGE1-train/Disc_Cup_Masks/Non-Glaucoma/n0314.bmp,mask,mask,train
refuge1_train_n0315,refuge,/home/rpotter/hypertower/REFUGE/Train/REFUGE1-train/Training400/Non-Glaucoma/n0315.jpg,/home/rpotter/hypertower/REFUGE/Train/REFUGE1-train/Disc_Cup_Masks/Non-Glaucoma/n0315.bmp,/home/rpotter/hypertower/REFUGE/Train/REFUGE1-train/Disc_Cup_Masks/Non-Glaucoma/n0315.bmp,mask,mask,train
refuge1_train_n0316,refuge,/home/rpotter/hypertower/REFUGE/Train/REFUGE1-train/Training400/Non-Glaucoma/n0316.jpg,/home/rpotter/hypertower/REFUGE/Train/REFUGE1-train/Disc_Cup_Masks/Non-Glaucoma/n0316.bmp,/home/rpotter/hypertower/REFUGE/Train/REFUGE1-train/Disc_Cup_Masks/Non-Glaucoma/n0316.bmp,mask,mask,train
refuge1_train_n0317,refuge,/home/rpotter/hypertower/REFUGE/Train/REFUGE1-train/Training400/Non-Glaucoma/n0317.jpg,/home/rpotter/hypertower/REFUGE/Train/REFUGE1-train/Disc_Cup_Masks/Non-Glaucoma/n0317.bmp,/home/rpotter/hypertower/REFUGE/Train/REFUGE1-train/Disc_Cup_Masks/Non-Glaucoma/n0317.bmp,mask,mask,train
refuge1_train_n0318,refuge,/home/rpotter/hypertower/REFUGE/Train/REFUGE1-train/Training400/Non-Glaucoma/n0318.jpg,/home/rpotter/hypertower/REFUGE/Train/REFUGE1-train/Disc_Cup_Masks/Non-Glaucoma/n0318.bmp,/home/rpotter/hypertower/REFUGE/Train/REFUGE1-train/Disc_Cup_Masks/Non-Glaucoma/n0318.bmp,mask,mask,train
refuge1_train_n0319,refuge,/home/rpotter/hypertower/REFUGE/Train/REFUGE1-train/Training400/Non-Glaucoma/n0319.jpg,/home/rpotter/hypertower/REFUGE/Train/REFUGE1-train/Disc_Cup_Masks/Non-Glaucoma/n0319.bmp,/home/rpotter/hypertower/REFUGE/Train/REFUGE1-train/Disc_Cup_Masks/Non-Glaucoma/n0319.bmp,mask,mask,train
refuge1_train_n0320,refuge,/home/rpotter/hypertower/REFUGE/Train/REFUGE1-train/Training400/Non-Glaucoma/n0320.jpg,/home/rpotter/hypertower/REFUGE/Train/REFUGE1-train/Disc_Cup_Masks/Non-Glaucoma/n0320.bmp,/home/rpotter/hypertower/REFUGE/Train/REFUGE1-train/Disc_Cup_Masks/Non-Glaucoma/n0320.bmp,mask,mask,train
refuge1_train_n0321,refuge,/home/rpotter/hypertower/REFUGE/Train/REFUGE1-train/Training400/Non-Glaucoma/n0321.jpg,/home/rpotter/hypertower/REFUGE/Train/REFUGE1-train/Disc_Cup_Masks/Non-Glaucoma/n0321.bmp,/home/rpotter/hypertower/REFUGE/Train/REFUGE1-train/Disc_Cup_Masks/Non-Glaucoma/n0321.bmp,mask,mask,train
refuge1_train_n0322,refuge,/home/rpotter/hypertower/REFUGE/Train/REFUGE1-train/Training400/Non-Glaucoma/n0322.jpg,/home/rpotter/hypertower/REFUGE/Train/REFUGE1-train/Disc_Cup_Masks/Non-Glaucoma/n0322.bmp,/home/rpotter/hypertower/REFUGE/Train/REFUGE1-train/Disc_Cup_Masks/Non-Glaucoma/n0322.bmp,mask,mask,train
refuge1_train_n0323,refuge,/home/rpotter/hypertower/REFUGE/Train/REFUGE1-train/Training400/Non-Glaucoma/n0323.jpg,/home/rpotter/hypertower/REFUGE/Train/REFUGE1-train/Disc_Cup_Masks/Non-Glaucoma/n0323.bmp,/home/rpotter/hypertower/REFUGE/Train/REFUGE1-train/Disc_Cup_Masks/Non-Glaucoma/n0323.bmp,mask,mask,train
refuge1_train_n0324,refuge,/home/rpotter/hypertower/REFUGE/Train/REFUGE1-train/Training400/Non-Glaucoma/n0324.jpg,/home/rpotter/hypertower/REFUGE/Train/REFUGE1-train/Disc_Cup_Masks/Non-Glaucoma/n0324.bmp,/home/rpotter/hypertower/REFUGE/Train/REFUGE1-train/Disc_Cup_Masks/Non-Glaucoma/n0324.bmp,mask,mask,train
refuge1_train_n0325,refuge,/home/rpotter/hypertower/REFUGE/Train/REFUGE1-train/Training400/Non-Glaucoma/n0325.jpg,/home/rpotter/hypertower/REFUGE/Train/REFUGE1-train/Disc_Cup_Masks/Non-Glaucoma/n0325.bmp,/home/rpotter/hypertower/REFUGE/Train/REFUGE1-train/Disc_Cup_Masks/Non-Glaucoma/n0325.bmp,mask,mask,train
refuge1_train_n0326,refuge,/home/rpotter/hypertower/REFUGE/Train/REFUGE1-train/Training400/Non-Glaucoma/n0326.jpg,/home/rpotter/hypertower/REFUGE/Train/REFUGE1-train/Disc_Cup_Masks/Non-Glaucoma/n0326.bmp,/home/rpotter/hypertower/REFUGE/Train/REFUGE1-train/Disc_Cup_Masks/Non-Glaucoma/n0326.bmp,mask,mask,train
refuge1_train_n0327,refuge,/home/rpotter/hypertower/REFUGE/Train/REFUGE1-train/Training400/Non-Glaucoma/n0327.jpg,/home/rpotter/hypertower/REFUGE/Train/REFUGE1-train/Disc_Cup_Masks/Non-Glaucoma/n0327.bmp,/home/rpotter/hypertower/REFUGE/Train/REFUGE1-train/Disc_Cup_Masks/Non-Glaucoma/n0327.bmp,mask,mask,train
refuge1_train_n0328,refuge,/home/rpotter/hypertower/REFUGE/Train/REFUGE1-train/Training400/Non-Glaucoma/n0328.jpg,/home/rpotter/hypertower/REFUGE/Train/REFUGE1-train/Disc_Cup_Masks/Non-Glaucoma/n0328.bmp,/home/rpotter/hypertower/REFUGE/Train/REFUGE1-train/Disc_Cup_Masks/Non-Glaucoma/n0328.bmp,mask,mask,train
refuge1_train_n0329,refuge,/home/rpotter/hypertower/REFUGE/Train/REFUGE1-train/Training400/Non-Glaucoma/n0329.jpg,/home/rpotter/hypertower/REFUGE/Train/REFUGE1-train/Disc_Cup_Masks/Non-Glaucoma/n0329.bmp,/home/rpotter/hypertower/REFUGE/Train/REFUGE1-train/Disc_Cup_Masks/Non-Glaucoma/n0329.bmp,mask,mask,train
refuge1_train_n0330,refuge,/home/rpotter/hypertower/REFUGE/Train/REFUGE1-train/Training400/Non-Glaucoma/n0330.jpg,/home/rpotter/hypertower/REFUGE/Train/REFUGE1-train/Disc_Cup_Masks/Non-Glaucoma/n0330.bmp,/home/rpotter/hypertower/REFUGE/Train/REFUGE1-train/Disc_Cup_Masks/Non-Glaucoma/n0330.bmp,mask,mask,train
refuge1_train_n0331,refuge,/home/rpotter/hypertower/REFUGE/Train/REFUGE1-train/Training400/Non-Glaucoma/n0331.jpg,/home/rpotter/hypertower/REFUGE/Train/REFUGE1-train/Disc_Cup_Masks/Non-Glaucoma/n0331.bmp,/home/rpotter/hypertower/REFUGE/Train/REFUGE1-train/Disc_Cup_Masks/Non-Glaucoma/n0331.bmp,mask,mask,train
refuge1_train_n0332,refuge,/home/rpotter/hypertower/REFUGE/Train/REFUGE1-train/Training400/Non-Glaucoma/n0332.jpg,/home/rpotter/hypertower/REFUGE/Train/REFUGE1-train/Disc_Cup_Masks/Non-Glaucoma/n0332.bmp,/home/rpotter/hypertower/REFUGE/Train/REFUGE1-train/Disc_Cup_Masks/Non-Glaucoma/n0332.bmp,mask,mask,train
refuge1_train_n0333,refuge,/home/rpotter/hypertower/REFUGE/Train/REFUGE1-train/Training400/Non-Glaucoma/n0333.jpg,/home/rpotter/hypertower/REFUGE/Train/REFUGE1-train/Disc_Cup_Masks/Non-Glaucoma/n0333.bmp,/home/rpotter/hypertower/REFUGE/Train/REFUGE1-train/Disc_Cup_Masks/Non-Glaucoma/n0333.bmp,mask,mask,train
refuge1_train_n0334,refuge,/home/rpotter/hypertower/REFUGE/Train/REFUGE1-train/Training400/Non-Glaucoma/n0334.jpg,/home/rpotter/hypertower/REFUGE/Train/REFUGE1-train/Disc_Cup_Masks/Non-Glaucoma/n0334.bmp,/home/rpotter/hypertower/REFUGE/Train/REFUGE1-train/Disc_Cup_Masks/Non-Glaucoma/n0334.bmp,mask,mask,train
refuge1_train_n0335,refuge,/home/rpotter/hypertower/REFUGE/Train/REFUGE1-train/Training400/Non-Glaucoma/n0335.jpg,/home/rpotter/hypertower/REFUGE/Train/REFUGE1-train/Disc_Cup_Masks/Non-Glaucoma/n0335.bmp,/home/rpotter/hypertower/REFUGE/Train/REFUGE1-train/Disc_Cup_Masks/Non-Glaucoma/n0335.bmp,mask,mask,train
refuge1_train_n0336,refuge,/home/rpotter/hypertower/REFUGE/Train/REFUGE1-train/Training400/Non-Glaucoma/n0336.jpg,/home/rpotter/hypertower/REFUGE/Train/REFUGE1-train/Disc_Cup_Masks/Non-Glaucoma/n0336.bmp,/home/rpotter/hypertower/REFUGE/Train/REFUGE1-train/Disc_Cup_Masks/Non-Glaucoma/n0336.bmp,mask,mask,train
refuge1_train_n0337,refuge,/home/rpotter/hypertower/REFUGE/Train/REFUGE1-train/Training400/Non-Glaucoma/n0337.jpg,/home/rpotter/hypertower/REFUGE/Train/REFUGE1-train/Disc_Cup_Masks/Non-Glaucoma/n0337.bmp,/home/rpotter/hypertower/REFUGE/Train/REFUGE1-train/Disc_Cup_Masks/Non-Glaucoma/n0337.bmp,mask,mask,train
refuge1_train_n0338,refuge,/home/rpotter/hypertower/REFUGE/Train/REFUGE1-train/Training400/Non-Glaucoma/n0338.jpg,/home/rpotter/hypertower/REFUGE/Train/REFUGE1-train/Disc_Cup_Masks/Non-Glaucoma/n0338.bmp,/home/rpotter/hypertower/REFUGE/Train/REFUGE1-train/Disc_Cup_Masks/Non-Glaucoma/n0338.bmp,mask,mask,train
refuge1_train_n0339,refuge,/home/rpotter/hypertower/REFUGE/Train/REFUGE1-train/Training400/Non-Glaucoma/n0339.jpg,/home/rpotter/hypertower/REFUGE/Train/REFUGE1-train/Disc_Cup_Masks/Non-Glaucoma/n0339.bmp,/home/rpotter/hypertower/REFUGE/Train/REFUGE1-train/Disc_Cup_Masks/Non-Glaucoma/n0339.bmp,mask,mask,train
refuge1_train_n0340,refuge,/home/rpotter/hypertower/REFUGE/Train/REFUGE1-train/Training400/Non-Glaucoma/n0340.jpg,/home/rpotter/hypertower/REFUGE/Train/REFUGE1-train/Disc_Cup_Masks/Non-Glaucoma/n0340.bmp,/home/rpotter/hypertower/REFUGE/Train/REFUGE1-train/Disc_Cup_Masks/Non-Glaucoma/n0340.bmp,mask,mask,train
refuge1_train_n0341,refuge,/home/rpotter/hypertower/REFUGE/Train/REFUGE1-train/Training400/Non-Glaucoma/n0341.jpg,/home/rpotter/hypertower/REFUGE/Train/REFUGE1-train/Disc_Cup_Masks/Non-Glaucoma/n0341.bmp,/home/rpotter/hypertower/REFUGE/Train/REFUGE1-train/Disc_Cup_Masks/Non-Glaucoma/n0341.bmp,mask,mask,train
refuge1_train_n0342,refuge,/home/rpotter/hypertower/REFUGE/Train/REFUGE1-train/Training400/Non-Glaucoma/n0342.jpg,/home/rpotter/hypertower/REFUGE/Train/REFUGE1-train/Disc_Cup_Masks/Non-Glaucoma/n0342.bmp,/home/rpotter/hypertower/REFUGE/Train/REFUGE1-train/Disc_Cup_Masks/Non-Glaucoma/n0342.bmp,mask,mask,train
refuge1_train_n0343,refuge,/home/rpotter/hypertower/REFUGE/Train/REFUGE1-train/Training400/Non-Glaucoma/n0343.jpg,/home/rpotter/hypertower/REFUGE/Train/REFUGE1-train/Disc_Cup_Masks/Non-Glaucoma/n0343.bmp,/home/rpotter/hypertower/REFUGE/Train/REFUGE1-train/Disc_Cup_Masks/Non-Glaucoma/n0343.bmp,mask,mask,train
refuge1_train_n0344,refuge,/home/rpotter/hypertower/REFUGE/Train/REFUGE1-train/Training400/Non-Glaucoma/n0344.jpg,/home/rpotter/hypertower/REFUGE/Train/REFUGE1-train/Disc_Cup_Masks/Non-Glaucoma/n0344.bmp,/home/rpotter/hypertower/REFUGE/Train/REFUGE1-train/Disc_Cup_Masks/Non-Glaucoma/n0344.bmp,mask,mask,train
refuge1_train_n0345,refuge,/home/rpotter/hypertower/REFUGE/Train/REFUGE1-train/Training400/Non-Glaucoma/n0345.jpg,/home/rpotter/hypertower/REFUGE/Train/REFUGE1-train/Disc_Cup_Masks/Non-Glaucoma/n0345.bmp,/home/rpotter/hypertower/REFUGE/Train/REFUGE1-train/Disc_Cup_Masks/Non-Glaucoma/n0345.bmp,mask,mask,train
refuge1_train_n0346,refuge,/home/rpotter/hypertower/REFUGE/Train/REFUGE1-train/Training400/Non-Glaucoma/n0346.jpg,/home/rpotter/hypertower/REFUGE/Train/REFUGE1-train/Disc_Cup_Masks/Non-Glaucoma/n0346.bmp,/home/rpotter/hypertower/REFUGE/Train/REFUGE1-train/Disc_Cup_Masks/Non-Glaucoma/n0346.bmp,mask,mask,train
refuge1_train_n0347,refuge,/home/rpotter/hypertower/REFUGE/Train/REFUGE1-train/Training400/Non-Glaucoma/n0347.jpg,/home/rpotter/hypertower/REFUGE/Train/REFUGE1-train/Disc_Cup_Masks/Non-Glaucoma/n0347.bmp,/home/rpotter/hypertower/REFUGE/Train/REFUGE1-train/Disc_Cup_Masks/Non-Glaucoma/n0347.bmp,mask,mask,train
refuge1_train_n0348,refuge,/home/rpotter/hypertower/REFUGE/Train/REFUGE1-train/Training400/Non-Glaucoma/n0348.jpg,/home/rpotter/hypertower/REFUGE/Train/REFUGE1-train/Disc_Cup_Masks/Non-Glaucoma/n0348.bmp,/home/rpotter/hypertower/REFUGE/Train/REFUGE1-train/Disc_Cup_Masks/Non-Glaucoma/n0348.bmp,mask,mask,train
refuge1_train_n0349,refuge,/home/rpotter/hypertower/REFUGE/Train/REFUGE1-train/Training400/Non-Glaucoma/n0349.jpg,/home/rpotter/hypertower/REFUGE/Train/REFUGE1-train/Disc_Cup_Masks/Non-Glaucoma/n0349.bmp,/home/rpotter/hypertower/REFUGE/Train/REFUGE1-train/Disc_Cup_Masks/Non-Glaucoma/n0349.bmp,mask,mask,train
refuge1_train_n0350,refuge,/home/rpotter/hypertower/REFUGE/Train/REFUGE1-train/Training400/Non-Glaucoma/n0350.jpg,/home/rpotter/hypertower/REFUGE/Train/REFUGE1-train/Disc_Cup_Masks/Non-Glaucoma/n0350.bmp,/home/rpotter/hypertower/REFUGE/Train/REFUGE1-train/Disc_Cup_Masks/Non-Glaucoma/n0350.bmp,mask,mask,train
refuge1_train_n0351,refuge,/home/rpotter/hypertower/REFUGE/Train/REFUGE1-train/Training400/Non-Glaucoma/n0351.jpg,/home/rpotter/hypertower/REFUGE/Train/REFUGE1-train/Disc_Cup_Masks/Non-Glaucoma/n0351.bmp,/home/rpotter/hypertower/REFUGE/Train/REFUGE1-train/Disc_Cup_Masks/Non-Glaucoma/n0351.bmp,mask,mask,train
refuge1_train_n0352,refuge,/home/rpotter/hypertower/REFUGE/Train/REFUGE1-train/Training400/Non-Glaucoma/n0352.jpg,/home/rpotter/hypertower/REFUGE/Train/REFUGE1-train/Disc_Cup_Masks/Non-Glaucoma/n0352.bmp,/home/rpotter/hypertower/REFUGE/Train/REFUGE1-train/Disc_Cup_Masks/Non-Glaucoma/n0352.bmp,mask,mask,train
refuge1_train_n0353,refuge,/home/rpotter/hypertower/REFUGE/Train/REFUGE1-train/Training400/Non-Glaucoma/n0353.jpg,/home/rpotter/hypertower/REFUGE/Train/REFUGE1-train/Disc_Cup_Masks/Non-Glaucoma/n0353.bmp,/home/rpotter/hypertower/REFUGE/Train/REFUGE1-train/Disc_Cup_Masks/Non-Glaucoma/n0353.bmp,mask,mask,train
refuge1_train_n0354,refuge,/home/rpotter/hypertower/REFUGE/Train/REFUGE1-train/Training400/Non-Glaucoma/n0354.jpg,/home/rpotter/hypertower/REFUGE/Train/REFUGE1-train/Disc_Cup_Masks/Non-Glaucoma/n0354.bmp,/home/rpotter/hypertower/REFUGE/Train/REFUGE1-train/Disc_Cup_Masks/Non-Glaucoma/n0354.bmp,mask,mask,train
refuge1_train_n0355,refuge,/home/rpotter/hypertower/REFUGE/Train/REFUGE1-train/Training400/Non-Glaucoma/n0355.jpg,/home/rpotter/hypertower/REFUGE/Train/REFUGE1-train/Disc_Cup_Masks/Non-Glaucoma/n0355.bmp,/home/rpotter/hypertower/REFUGE/Train/REFUGE1-train/Disc_Cup_Masks/Non-Glaucoma/n0355.bmp,mask,mask,train
refuge1_train_n0356,refuge,/home/rpotter/hypertower/REFUGE/Train/REFUGE1-train/Training400/Non-Glaucoma/n0356.jpg,/home/rpotter/hypertower/REFUGE/Train/REFUGE1-train/Disc_Cup_Masks/Non-Glaucoma/n0356.bmp,/home/rpotter/hypertower/REFUGE/Train/REFUGE1-train/Disc_Cup_Masks/Non-Glaucoma/n0356.bmp,mask,mask,train
refuge1_train_n0357,refuge,/home/rpotter/hypertower/REFUGE/Train/REFUGE1-train/Training400/Non-Glaucoma/n0357.jpg,/home/rpotter/hypertower/REFUGE/Train/REFUGE1-train/Disc_Cup_Masks/Non-Glaucoma/n0357.bmp,/home/rpotter/hypertower/REFUGE/Train/REFUGE1-train/Disc_Cup_Masks/Non-Glaucoma/n0357.bmp,mask,mask,train
refuge1_train_n0358,refuge,/home/rpotter/hypertower/REFUGE/Train/REFUGE1-train/Training400/Non-Glaucoma/n0358.jpg,/home/rpotter/hypertower/REFUGE/Train/REFUGE1-train/Disc_Cup_Masks/Non-Glaucoma/n0358.bmp,/home/rpotter/hypertower/REFUGE/Train/REFUGE1-train/Disc_Cup_Masks/Non-Glaucoma/n0358.bmp,mask,mask,train
refuge1_train_n0359,refuge,/home/rpotter/hypertower/REFUGE/Train/REFUGE1-train/Training400/Non-Glaucoma/n0359.jpg,/home/rpotter/hypertower/REFUGE/Train/REFUGE1-train/Disc_Cup_Masks/Non-Glaucoma/n0359.bmp,/home/rpotter/hypertower/REFUGE/Train/REFUGE1-train/Disc_Cup_Masks/Non-Glaucoma/n0359.bmp,mask,mask,train
refuge1_train_n0360,refuge,/home/rpotter/hypertower/REFUGE/Train/REFUGE1-train/Training400/Non-Glaucoma/n0360.jpg,/home/rpotter/hypertower/REFUGE/Train/REFUGE1-train/Disc_Cup_Masks/Non-Glaucoma/n0360.bmp,/home/rpotter/hypertower/REFUGE/Train/REFUGE1-train/Disc_Cup_Masks/Non-Glaucoma/n0360.bmp,mask,mask,train
refuge1_val_V0001,refuge,/home/rpotter/hypertower/REFUGE/Train/REFUGE1-val/REFUGE-Validation400/V0001.jpg,/home/rpotter/hypertower/REFUGE/Train/REFUGE1-val/Disc_Cup_Masks/V0001.bmp,/home/rpotter/hypertower/REFUGE/Train/REFUGE1-val/Disc_Cup_Masks/V0001.bmp,mask,mask,val
refuge1_val_V0002,refuge,/home/rpotter/hypertower/REFUGE/Train/REFUGE1-val/REFUGE-Validation400/V0002.jpg,/home/rpotter/hypertower/REFUGE/Train/REFUGE1-val/Disc_Cup_Masks/V0002.bmp,/home/rpotter/hypertower/REFUGE/Train/REFUGE1-val/Disc_Cup_Masks/V0002.bmp,mask,mask,val
refuge1_val_V0003,refuge,/home/rpotter/hypertower/REFUGE/Train/REFUGE1-val/REFUGE-Validation400/V0003.jpg,/home/rpotter/hypertower/REFUGE/Train/REFUGE1-val/Disc_Cup_Masks/V0003.bmp,/home/rpotter/hypertower/REFUGE/Train/REFUGE1-val/Disc_Cup_Masks/V0003.bmp,mask,mask,val
refuge1_val_V0004,refuge,/home/rpotter/hypertower/REFUGE/Train/REFUGE1-val/REFUGE-Validation400/V0004.jpg,/home/rpotter/hypertower/REFUGE/Train/REFUGE1-val/Disc_Cup_Masks/V0004.bmp,/home/rpotter/hypertower/REFUGE/Train/REFUGE1-val/Disc_Cup_Masks/V0004.bmp,mask,mask,val
refuge1_val_V0005,refuge,/home/rpotter/hypertower/REFUGE/Train/REFUGE1-val/REFUGE-Validation400/V0005.jpg,/home/rpotter/hypertower/REFUGE/Train/REFUGE1-val/Disc_Cup_Masks/V0005.bmp,/home/rpotter/hypertower/REFUGE/Train/REFUGE1-val/Disc_Cup_Masks/V0005.bmp,mask,mask,val
refuge1_val_V0006,refuge,/home/rpotter/hypertower/REFUGE/Train/REFUGE1-val/REFUGE-Validation400/V0006.jpg,/home/rpotter/hypertower/REFUGE/Train/REFUGE1-val/Disc_Cup_Masks/V0006.bmp,/home/rpotter/hypertower/REFUGE/Train/REFUGE1-val/Disc_Cup_Masks/V0006.bmp,mask,mask,val
refuge1_val_V0007,refuge,/home/rpotter/hypertower/REFUGE/Train/REFUGE1-val/REFUGE-Validation400/V0007.jpg,/home/rpotter/hypertower/REFUGE/Train/REFUGE1-val/Disc_Cup_Masks/V0007.bmp,/home/rpotter/hypertower/REFUGE/Train/REFUGE1-val/Disc_Cup_Masks/V0007.bmp,mask,mask,val
refuge1_val_V0008,refuge,/home/rpotter/hypertower/REFUGE/Train/REFUGE1-val/REFUGE-Validation400/V0008.jpg,/home/rpotter/hypertower/REFUGE/Train/REFUGE1-val/Disc_Cup_Masks/V0008.bmp,/home/rpotter/hypertower/REFUGE/Train/REFUGE1-val/Disc_Cup_Masks/V0008.bmp,mask,mask,val
refuge1_val_V0009,refuge,/home/rpotter/hypertower/REFUGE/Train/REFUGE1-val/REFUGE-Validation400/V0009.jpg,/home/rpotter/hypertower/REFUGE/Train/REFUGE1-val/Disc_Cup_Masks/V0009.bmp,/home/rpotter/hypertower/REFUGE/Train/REFUGE1-val/Disc_Cup_Masks/V0009.bmp,mask,mask,val
refuge1_val_V0010,refuge,/home/rpotter/hypertower/REFUGE/Train/REFUGE1-val/REFUGE-Validation400/V0010.jpg,/home/rpotter/hypertower/REFUGE/Train/REFUGE1-val/Disc_Cup_Masks/V0010.bmp,/home/rpotter/hypertower/REFUGE/Train/REFUGE1-val/Disc_Cup_Masks/V0010.bmp,mask,mask,val
refuge1_val_V0011,refuge,/home/rpotter/hypertower/REFUGE/Train/REFUGE1-val/REFUGE-Validation400/V0011.jpg,/home/rpotter/hypertower/REFUGE/Train/REFUGE1-val/Disc_Cup_Masks/V0011.bmp,/home/rpotter/hypertower/REFUGE/Train/REFUGE1-val/Disc_Cup_Masks/V0011.bmp,mask,mask,val
refuge1_val_V0012,refuge,/home/rpotter/hypertower/REFUGE/Train/REFUGE1-val/REFUGE-Validation400/V0012.jpg,/home/rpotter/hypertower/REFUGE/Train/REFUGE1-val/Disc_Cup_Masks/V0012.bmp,/home/rpotter/hypertower/REFUGE/Train/REFUGE1-val/Disc_Cup_Masks/V0012.bmp,mask,mask,val
refuge1_val_V0013,refuge,/home/rpotter/hypertower/REFUGE/Train/REFUGE1-val/REFUGE-Validation400/V0013.jpg,/home/rpotter/hypertower/REFUGE/Train/REFUGE1-val/Disc_Cup_Masks/V0013.bmp,/home/rpotter/hypertower/REFUGE/Train/REFUGE1-val/Disc_Cup_Masks/V0013.bmp,mask,mask,val
refuge1_val_V0014,refuge,/home/rpotter/hypertower/REFUGE/Train/REFUGE1-val/REFUGE-Validation400/V0014.jpg,/home/rpotter/hypertower/REFUGE/Train/REFUGE1-val/Disc_Cup_Masks/V0014.bmp,/home/rpotter/hypertower/REFUGE/Train/REFUGE1-val/Disc_Cup_Masks/V0014.bmp,mask,mask,val
refuge1_val_V0015,refuge,/home/rpotter/hypertower/REFUGE/Train/REFUGE1-val/REFUGE-Validation400/V0015.jpg,/home/rpotter/hypertower/REFUGE/Train/REFUGE1-val/Disc_Cup_Masks/V0015.bmp,/home/rpotter/hypertower/REFUGE/Train/REFUGE1-val/Disc_Cup_Masks/V0015.bmp,mask,mask,val
refuge1_val_V0016,refuge,/home/rpotter/hypertower/REFUGE/Train/REFUGE1-val/REFUGE-Validation400/V0016.jpg,/home/rpotter/hypertower/REFUGE/Train/REFUGE1-val/Disc_Cup_Masks/V0016.bmp,/home/rpotter/hypertower/REFUGE/Train/REFUGE1-val/Disc_Cup_Masks/V0016.bmp,mask,mask,val
refuge1_val_V0017,refuge,/home/rpotter/hypertower/REFUGE/Train/REFUGE1-val/REFUGE-Validation400/V0017.jpg,/home/rpotter/hypertower/REFUGE/Train/REFUGE1-val/Disc_Cup_Masks/V0017.bmp,/home/rpotter/hypertower/REFUGE/Train/REFUGE1-val/Disc_Cup_Masks/V0017.bmp,mask,mask,val
refuge1_val_V0018,refuge,/home/rpotter/hypertower/REFUGE/Train/REFUGE1-val/REFUGE-Validation400/V0018.jpg,/home/rpotter/hypertower/REFUGE/Train/REFUGE1-val/Disc_Cup_Masks/V0018.bmp,/home/rpotter/hypertower/REFUGE/Train/REFUGE1-val/Disc_Cup_Masks/V0018.bmp,mask,mask,val
refuge1_val_V0019,refuge,/home/rpotter/hypertower/REFUGE/Train/REFUGE1-val/REFUGE-Validation400/V0019.jpg,/home/rpotter/hypertower/REFUGE/Train/REFUGE1-val/Disc_Cup_Masks/V0019.bmp,/home/rpotter/hypertower/REFUGE/Train/REFUGE1-val/Disc_Cup_Masks/V0019.bmp,mask,mask,val
refuge1_val_V0020,refuge,/home/rpotter/hypertower/REFUGE/Train/REFUGE1-val/REFUGE-Validation400/V0020.jpg,/home/rpotter/hypertower/REFUGE/Train/REFUGE1-val/Disc_Cup_Masks/V0020.bmp,/home/rpotter/hypertower/REFUGE/Train/REFUGE1-val/Disc_Cup_Masks/V0020.bmp,mask,mask,val
refuge1_val_V0021,refuge,/home/rpotter/hypertower/REFUGE/Train/REFUGE1-val/REFUGE-Validation400/V0021.jpg,/home/rpotter/hypertower/REFUGE/Train/REFUGE1-val/Disc_Cup_Masks/V0021.bmp,/home/rpotter/hypertower/REFUGE/Train/REFUGE1-val/Disc_Cup_Masks/V0021.bmp,mask,mask,val
refuge1_val_V0022,refuge,/home/rpotter/hypertower/REFUGE/Train/REFUGE1-val/REFUGE-Validation400/V0022.jpg,/home/rpotter/hypertower/REFUGE/Train/REFUGE1-val/Disc_Cup_Masks/V0022.bmp,/home/rpotter/hypertower/REFUGE/Train/REFUGE1-val/Disc_Cup_Masks/V0022.bmp,mask,mask,val
refuge1_val_V0023,refuge,/home/rpotter/hypertower/REFUGE/Train/REFUGE1-val/REFUGE-Validation400/V0023.jpg,/home/rpotter/hypertower/REFUGE/Train/REFUGE1-val/Disc_Cup_Masks/V0023.bmp,/home/rpotter/hypertower/REFUGE/Train/REFUGE1-val/Disc_Cup_Masks/V0023.bmp,mask,mask,val
refuge1_val_V0024,refuge,/home/rpotter/hypertower/REFUGE/Train/REFUGE1-val/REFUGE-Validation400/V0024.jpg,/home/rpotter/hypertower/REFUGE/Train/REFUGE1-val/Disc_Cup_Masks/V0024.bmp,/home/rpotter/hypertower/REFUGE/Train/REFUGE1-val/Disc_Cup_Masks/V0024.bmp,mask,mask,val
refuge1_val_V0025,refuge,/home/rpotter/hypertower/REFUGE/Train/REFUGE1-val/REFUGE-Validation400/V0025.jpg,/home/rpotter/hypertower/REFUGE/Train/REFUGE1-val/Disc_Cup_Masks/V0025.bmp,/home/rpotter/hypertower/REFUGE/Train/REFUGE1-val/Disc_Cup_Masks/V0025.bmp,mask,mask,val
refuge1_val_V0026,refuge,/home/rpotter/hypertower/REFUGE/Train/REFUGE1-val/REFUGE-Validation400/V0026.jpg,/home/rpotter/hypertower/REFUGE/Train/REFUGE1-val/Disc_Cup_Masks/V0026.bmp,/home/rpotter/hypertower/REFUGE/Train/REFUGE1-val/Disc_Cup_Masks/V0026.bmp,mask,mask,val
refuge1_val_V0027,refuge,/home/rpotter/hypertower/REFUGE/Train/REFUGE1-val/REFUGE-Validation400/V0027.jpg,/home/rpotter/hypertower/REFUGE/Train/REFUGE1-val/Disc_Cup_Masks/V0027.bmp,/home/rpotter/hypertower/REFUGE/Train/REFUGE1-val/Disc_Cup_Masks/V0027.bmp,mask,mask,val
refuge1_val_V0028,refuge,/home/rpotter/hypertower/REFUGE/Train/REFUGE1-val/REFUGE-Validation400/V0028.jpg,/home/rpotter/hypertower/REFUGE/Train/REFUGE1-val/Disc_Cup_Masks/V0028.bmp,/home/rpotter/hypertower/REFUGE/Train/REFUGE1-val/Disc_Cup_Masks/V0028.bmp,mask,mask,val
refuge1_val_V0029,refuge,/home/rpotter/hypertower/REFUGE/Train/REFUGE1-val/REFUGE-Validation400/V0029.jpg,/home/rpotter/hypertower/REFUGE/Train/REFUGE1-val/Disc_Cup_Masks/V0029.bmp,/home/rpotter/hypertower/REFUGE/Train/REFUGE1-val/Disc_Cup_Masks/V0029.bmp,mask,mask,val
refuge1_val_V0030,refuge,/home/rpotter/hypertower/REFUGE/Train/REFUGE1-val/REFUGE-Validation400/V0030.jpg,/home/rpotter/hypertower/REFUGE/Train/REFUGE1-val/Disc_Cup_Masks/V0030.bmp,/home/rpotter/hypertower/REFUGE/Train/REFUGE1-val/Disc_Cup_Masks/V0030.bmp,mask,mask,val
refuge1_val_V0031,refuge,/home/rpotter/hypertower/REFUGE/Train/REFUGE1-val/REFUGE-Validation400/V0031.jpg,/home/rpotter/hypertower/REFUGE/Train/REFUGE1-val/Disc_Cup_Masks/V0031.bmp,/home/rpotter/hypertower/REFUGE/Train/REFUGE1-val/Disc_Cup_Masks/V0031.bmp,mask,mask,val
refuge1_val_V0032,refuge,/home/rpotter/hypertower/REFUGE/Train/REFUGE1-val/REFUGE-Validation400/V0032.jpg,/home/rpotter/hypertower/REFUGE/Train/REFUGE1-val/Disc_Cup_Masks/V0032.bmp,/home/rpotter/hypertower/REFUGE/Train/REFUGE1-val/Disc_Cup_Masks/V0032.bmp,mask,mask,val
refuge1_val_V0033,refuge,/home/rpotter/hypertower/REFUGE/Train/REFUGE1-val/REFUGE-Validation400/V0033.jpg,/home/rpotter/hypertower/REFUGE/Train/REFUGE1-val/Disc_Cup_Masks/V0033.bmp,/home/rpotter/hypertower/REFUGE/Train/REFUGE1-val/Disc_Cup_Masks/V0033.bmp,mask,mask,val
refuge1_val_V0034,refuge,/home/rpotter/hypertower/REFUGE/Train/REFUGE1-val/REFUGE-Validation400/V0034.jpg,/home/rpotter/hypertower/REFUGE/Train/REFUGE1-val/Disc_Cup_Masks/V0034.bmp,/home/rpotter/hypertower/REFUGE/Train/REFUGE1-val/Disc_Cup_Masks/V0034.bmp,mask,mask,val
refuge1_val_V0035,refuge,/home/rpotter/hypertower/REFUGE/Train/REFUGE1-val/REFUGE-Validation400/V0035.jpg,/home/rpotter/hypertower/REFUGE/Train/REFUGE1-val/Disc_Cup_Masks/V0035.bmp,/home/rpotter/hypertower/REFUGE/Train/REFUGE1-val/Disc_Cup_Masks/V0035.bmp,mask,mask,val
refuge1_val_V0036,refuge,/home/rpotter/hypertower/REFUGE/Train/REFUGE1-val/REFUGE-Validation400/V0036.jpg,/home/rpotter/hypertower/REFUGE/Train/REFUGE1-val/Disc_Cup_Masks/V0036.bmp,/home/rpotter/hypertower/REFUGE/Train/REFUGE1-val/Disc_Cup_Masks/V0036.bmp,mask,mask,val
refuge1_val_V0037,refuge,/home/rpotter/hypertower/REFUGE/Train/REFUGE1-val/REFUGE-Validation400/V0037.jpg,/home/rpotter/hypertower/REFUGE/Train/REFUGE1-val/Disc_Cup_Masks/V0037.bmp,/home/rpotter/hypertower/REFUGE/Train/REFUGE1-val/Disc_Cup_Masks/V0037.bmp,mask,mask,val
refuge1_val_V0038,refuge,/home/rpotter/hypertower/REFUGE/Train/REFUGE1-val/REFUGE-Validation400/V0038.jpg,/home/rpotter/hypertower/REFUGE/Train/REFUGE1-val/Disc_Cup_Masks/V0038.bmp,/home/rpotter/hypertower/REFUGE/Train/REFUGE1-val/Disc_Cup_Masks/V0038.bmp,mask,mask,val
refuge1_val_V0039,refuge,/home/rpotter/hypertower/REFUGE/Train/REFUGE1-val/REFUGE-Validation400/V0039.jpg,/home/rpotter/hypertower/REFUGE/Train/REFUGE1-val/Disc_Cup_Masks/V0039.bmp,/home/rpotter/hypertower/REFUGE/Train/REFUGE1-val/Disc_Cup_Masks/V0039.bmp,mask,mask,val
refuge1_val_V0040,refuge,/home/rpotter/hypertower/REFUGE/Train/REFUGE1-val/REFUGE-Validation400/V0040.jpg,/home/rpotter/hypertower/REFUGE/Train/REFUGE1-val/Disc_Cup_Masks/V0040.bmp,/home/rpotter/hypertower/REFUGE/Train/REFUGE1-val/Disc_Cup_Masks/V0040.bmp,mask,mask,val
refuge1_val_V0041,refuge,/home/rpotter/hypertower/REFUGE/Train/REFUGE1-val/REFUGE-Validation400/V0041.jpg,/home/rpotter/hypertower/REFUGE/Train/REFUGE1-val/Disc_Cup_Masks/V0041.bmp,/home/rpotter/hypertower/REFUGE/Train/REFUGE1-val/Disc_Cup_Masks/V0041.bmp,mask,mask,val
refuge1_val_V0042,refuge,/home/rpotter/hypertower/REFUGE/Train/REFUGE1-val/REFUGE-Validation400/V0042.jpg,/home/rpotter/hypertower/REFUGE/Train/REFUGE1-val/Disc_Cup_Masks/V0042.bmp,/home/rpotter/hypertower/REFUGE/Train/REFUGE1-val/Disc_Cup_Masks/V0042.bmp,mask,mask,val
refuge1_val_V0043,refuge,/home/rpotter/hypertower/REFUGE/Train/REFUGE1-val/REFUGE-Validation400/V0043.jpg,/home/rpotter/hypertower/REFUGE/Train/REFUGE1-val/Disc_Cup_Masks/V0043.bmp,/home/rpotter/hypertower/REFUGE/Train/REFUGE1-val/Disc_Cup_Masks/V0043.bmp,mask,mask,val
refuge1_val_V0044,refuge,/home/rpotter/hypertower/REFUGE/Train/REFUGE1-val/REFUGE-Validation400/V0044.jpg,/home/rpotter/hypertower/REFUGE/Train/REFUGE1-val/Disc_Cup_Masks/V0044.bmp,/home/rpotter/hypertower/REFUGE/Train/REFUGE1-val/Disc_Cup_Masks/V0044.bmp,mask,mask,val
refuge1_val_V0045,refuge,/home/rpotter/hypertower/REFUGE/Train/REFUGE1-val/REFUGE-Validation400/V0045.jpg,/home/rpotter/hypertower/REFUGE/Train/REFUGE1-val/Disc_Cup_Masks/V0045.bmp,/home/rpotter/hypertower/REFUGE/Train/REFUGE1-val/Disc_Cup_Masks/V0045.bmp,mask,mask,val
refuge1_val_V0046,refuge,/home/rpotter/hypertower/REFUGE/Train/REFUGE1-val/REFUGE-Validation400/V0046.jpg,/home/rpotter/hypertower/REFUGE/Train/REFUGE1-val/Disc_Cup_Masks/V0046.bmp,/home/rpotter/hypertower/REFUGE/Train/REFUGE1-val/Disc_Cup_Masks/V0046.bmp,mask,mask,val
refuge1_val_V0047,refuge,/home/rpotter/hypertower/REFUGE/Train/REFUGE1-val/REFUGE-Validation400/V0047.jpg,/home/rpotter/hypertower/REFUGE/Train/REFUGE1-val/Disc_Cup_Masks/V0047.bmp,/home/rpotter/hypertower/REFUGE/Train/REFUGE1-val/Disc_Cup_Masks/V0047.bmp,mask,mask,val
refuge1_val_V0048,refuge,/home/rpotter/hypertower/REFUGE/Train/REFUGE1-val/REFUGE-Validation400/V0048.jpg,/home/rpotter/hypertower/REFUGE/Train/REFUGE1-val/Disc_Cup_Masks/V0048.bmp,/home/rpotter/hypertower/REFUGE/Train/REFUGE1-val/Disc_Cup_Masks/V0048.bmp,mask,mask,val
refuge1_val_V0049,refuge,/home/rpotter/hypertower/REFUGE/Train/REFUGE1-val/REFUGE-Validation400/V0049.jpg,/home/rpotter/hypertower/REFUGE/Train/REFUGE1-val/Disc_Cup_Masks/V0049.bmp,/home/rpotter/hypertower/REFUGE/Train/REFUGE1-val/Disc_Cup_Masks/V0049.bmp,mask,mask,val
refuge1_val_V0050,refuge,/home/rpotter/hypertower/REFUGE/Train/REFUGE1-val/REFUGE-Validation400/V0050.jpg,/home/rpotter/hypertower/REFUGE/Train/REFUGE1-val/Disc_Cup_Masks/V0050.bmp,/home/rpotter/hypertower/REFUGE/Train/REFUGE1-val/Disc_Cup_Masks/V0050.bmp,mask,mask,val
refuge1_val_V0051,refuge,/home/rpotter/hypertower/REFUGE/Train/REFUGE1-val/REFUGE-Validation400/V0051.jpg,/home/rpotter/hypertower/REFUGE/Train/REFUGE1-val/Disc_Cup_Masks/V0051.bmp,/home/rpotter/hypertower/REFUGE/Train/REFUGE1-val/Disc_Cup_Masks/V0051.bmp,mask,mask,val
refuge1_val_V0052,refuge,/home/rpotter/hypertower/REFUGE/Train/REFUGE1-val/REFUGE-Validation400/V0052.jpg,/home/rpotter/hypertower/REFUGE/Train/REFUGE1-val/Disc_Cup_Masks/V0052.bmp,/home/rpotter/hypertower/REFUGE/Train/REFUGE1-val/Disc_Cup_Masks/V0052.bmp,mask,mask,val
refuge1_val_V0053,refuge,/home/rpotter/hypertower/REFUGE/Train/REFUGE1-val/REFUGE-Validation400/V0053.jpg,/home/rpotter/hypertower/REFUGE/Train/REFUGE1-val/Disc_Cup_Masks/V0053.bmp,/home/rpotter/hypertower/REFUGE/Train/REFUGE1-val/Disc_Cup_Masks/V0053.bmp,mask,mask,val
refuge1_val_V0054,refuge,/home/rpotter/hypertower/REFUGE/Train/REFUGE1-val/REFUGE-Validation400/V0054.jpg,/home/rpotter/hypertower/REFUGE/Train/REFUGE1-val/Disc_Cup_Masks/V0054.bmp,/home/rpotter/hypertower/REFUGE/Train/REFUGE1-val/Disc_Cup_Masks/V0054.bmp,mask,mask,val
refuge1_val_V0055,refuge,/home/rpotter/hypertower/REFUGE/Train/REFUGE1-val/REFUGE-Validation400/V0055.jpg,/home/rpotter/hypertower/REFUGE/Train/REFUGE1-val/Disc_Cup_Masks/V0055.bmp,/home/rpotter/hypertower/REFUGE/Train/REFUGE1-val/Disc_Cup_Masks/V0055.bmp,mask,mask,val
refuge1_val_V0056,refuge,/home/rpotter/hypertower/REFUGE/Train/REFUGE1-val/REFUGE-Validation400/V0056.jpg,/home/rpotter/hypertower/REFUGE/Train/REFUGE1-val/Disc_Cup_Masks/V0056.bmp,/home/rpotter/hypertower/REFUGE/Train/REFUGE1-val/Disc_Cup_Masks/V0056.bmp,mask,mask,val
refuge1_val_V0057,refuge,/home/rpotter/hypertower/REFUGE/Train/REFUGE1-val/REFUGE-Validation400/V0057.jpg,/home/rpotter/hypertower/REFUGE/Train/REFUGE1-val/Disc_Cup_Masks/V0057.bmp,/home/rpotter/hypertower/REFUGE/Train/REFUGE1-val/Disc_Cup_Masks/V0057.bmp,mask,mask,val
refuge1_val_V0058,refuge,/home/rpotter/hypertower/REFUGE/Train/REFUGE1-val/REFUGE-Validation400/V0058.jpg,/home/rpotter/hypertower/REFUGE/Train/REFUGE1-val/Disc_Cup_Masks/V0058.bmp,/home/rpotter/hypertower/REFUGE/Train/REFUGE1-val/Disc_Cup_Masks/V0058.bmp,mask,mask,val
refuge1_val_V0059,refuge,/home/rpotter/hypertower/REFUGE/Train/REFUGE1-val/REFUGE-Validation400/V0059.jpg,/home/rpotter/hypertower/REFUGE/Train/REFUGE1-val/Disc_Cup_Masks/V0059.bmp,/home/rpotter/hypertower/REFUGE/Train/REFUGE1-val/Disc_Cup_Masks/V0059.bmp,mask,mask,val
refuge1_val_V0060,refuge,/home/rpotter/hypertower/REFUGE/Train/REFUGE1-val/REFUGE-Validation400/V0060.jpg,/home/rpotter/hypertower/REFUGE/Train/REFUGE1-val/Disc_Cup_Masks/V0060.bmp,/home/rpotter/hypertower/REFUGE/Train/REFUGE1-val/Disc_Cup_Masks/V0060.bmp,mask,mask,val
refuge1_val_V0061,refuge,/home/rpotter/hypertower/REFUGE/Train/REFUGE1-val/REFUGE-Validation400/V0061.jpg,/home/rpotter/hypertower/REFUGE/Train/REFUGE1-val/Disc_Cup_Masks/V0061.bmp,/home/rpotter/hypertower/REFUGE/Train/REFUGE1-val/Disc_Cup_Masks/V0061.bmp,mask,mask,val
refuge1_val_V0062,refuge,/home/rpotter/hypertower/REFUGE/Train/REFUGE1-val/REFUGE-Validation400/V0062.jpg,/home/rpotter/hypertower/REFUGE/Train/REFUGE1-val/Disc_Cup_Masks/V0062.bmp,/home/rpotter/hypertower/REFUGE/Train/REFUGE1-val/Disc_Cup_Masks/V0062.bmp,mask,mask,val
refuge1_val_V0063,refuge,/home/rpotter/hypertower/REFUGE/Train/REFUGE1-val/REFUGE-Validation400/V0063.jpg,/home/rpotter/hypertower/REFUGE/Train/REFUGE1-val/Disc_Cup_Masks/V0063.bmp,/home/rpotter/hypertower/REFUGE/Train/REFUGE1-val/Disc_Cup_Masks/V0063.bmp,mask,mask,val
refuge1_val_V0064,refuge,/home/rpotter/hypertower/REFUGE/Train/REFUGE1-val/REFUGE-Validation400/V0064.jpg,/home/rpotter/hypertower/REFUGE/Train/REFUGE1-val/Disc_Cup_Masks/V0064.bmp,/home/rpotter/hypertower/REFUGE/Train/REFUGE1-val/Disc_Cup_Masks/V0064.bmp,mask,mask,val
refuge1_val_V0065,refuge,/home/rpotter/hypertower/REFUGE/Train/REFUGE1-val/REFUGE-Validation400/V0065.jpg,/home/rpotter/hypertower/REFUGE/Train/REFUGE1-val/Disc_Cup_Masks/V0065.bmp,/home/rpotter/hypertower/REFUGE/Train/REFUGE1-val/Disc_Cup_Masks/V0065.bmp,mask,mask,val
refuge1_val_V0066,refuge,/home/rpotter/hypertower/REFUGE/Train/REFUGE1-val/REFUGE-Validation400/V0066.jpg,/home/rpotter/hypertower/REFUGE/Train/REFUGE1-val/Disc_Cup_Masks/V0066.bmp,/home/rpotter/hypertower/REFUGE/Train/REFUGE1-val/Disc_Cup_Masks/V0066.bmp,mask,mask,val
refuge1_val_V0067,refuge,/home/rpotter/hypertower/REFUGE/Train/REFUGE1-val/REFUGE-Validation400/V0067.jpg,/home/rpotter/hypertower/REFUGE/Train/REFUGE1-val/Disc_Cup_Masks/V0067.bmp,/home/rpotter/hypertower/REFUGE/Train/REFUGE1-val/Disc_Cup_Masks/V0067.bmp,mask,mask,val
refuge1_val_V0068,refuge,/home/rpotter/hypertower/REFUGE/Train/REFUGE1-val/REFUGE-Validation400/V0068.jpg,/home/rpotter/hypertower/REFUGE/Train/REFUGE1-val/Disc_Cup_Masks/V0068.bmp,/home/rpotter/hypertower/REFUGE/Train/REFUGE1-val/Disc_Cup_Masks/V0068.bmp,mask,mask,val
refuge1_val_V0069,refuge,/home/rpotter/hypertower/REFUGE/Train/REFUGE1-val/REFUGE-Validation400/V0069.jpg,/home/rpotter/hypertower/REFUGE/Train/REFUGE1-val/Disc_Cup_Masks/V0069.bmp,/home/rpotter/hypertower/REFUGE/Train/REFUGE1-val/Disc_Cup_Masks/V0069.bmp,mask,mask,val
refuge1_val_V0070,refuge,/home/rpotter/hypertower/REFUGE/Train/REFUGE1-val/REFUGE-Validation400/V0070.jpg,/home/rpotter/hypertower/REFUGE/Train/REFUGE1-val/Disc_Cup_Masks/V0070.bmp,/home/rpotter/hypertower/REFUGE/Train/REFUGE1-val/Disc_Cup_Masks/V0070.bmp,mask,mask,val
refuge1_val_V0071,refuge,/home/rpotter/hypertower/REFUGE/Train/REFUGE1-val/REFUGE-Validation400/V0071.jpg,/home/rpotter/hypertower/REFUGE/Train/REFUGE1-val/Disc_Cup_Masks/V0071.bmp,/home/rpotter/hypertower/REFUGE/Train/REFUGE1-val/Disc_Cup_Masks/V0071.bmp,mask,mask,val
refuge1_val_V0072,refuge,/home/rpotter/hypertower/REFUGE/Train/REFUGE1-val/REFUGE-Validation400/V0072.jpg,/home/rpotter/hypertower/REFUGE/Train/REFUGE1-val/Disc_Cup_Masks/V0072.bmp,/home/rpotter/hypertower/REFUGE/Train/REFUGE1-val/Disc_Cup_Masks/V0072.bmp,mask,mask,val
refuge1_val_V0073,refuge,/home/rpotter/hypertower/REFUGE/Train/REFUGE1-val/REFUGE-Validation400/V0073.jpg,/home/rpotter/hypertower/REFUGE/Train/REFUGE1-val/Disc_Cup_Masks/V0073.bmp,/home/rpotter/hypertower/REFUGE/Train/REFUGE1-val/Disc_Cup_Masks/V0073.bmp,mask,mask,val
refuge1_val_V0074,refuge,/home/rpotter/hypertower/REFUGE/Train/REFUGE1-val/REFUGE-Validation400/V0074.jpg,/home/rpotter/hypertower/REFUGE/Train/REFUGE1-val/Disc_Cup_Masks/V0074.bmp,/home/rpotter/hypertower/REFUGE/Train/REFUGE1-val/Disc_Cup_Masks/V0074.bmp,mask,mask,val
refuge1_val_V0075,refuge,/home/rpotter/hypertower/REFUGE/Train/REFUGE1-val/REFUGE-Validation400/V0075.jpg,/home/rpotter/hypertower/REFUGE/Train/REFUGE1-val/Disc_Cup_Masks/V0075.bmp,/home/rpotter/hypertower/REFUGE/Train/REFUGE1-val/Disc_Cup_Masks/V0075.bmp,mask,mask,val
refuge1_val_V0076,refuge,/home/rpotter/hypertower/REFUGE/Train/REFUGE1-val/REFUGE-Validation400/V0076.jpg,/home/rpotter/hypertower/REFUGE/Train/REFUGE1-val/Disc_Cup_Masks/V0076.bmp,/home/rpotter/hypertower/REFUGE/Train/REFUGE1-val/Disc_Cup_Masks/V0076.bmp,mask,mask,val
refuge1_val_V0077,refuge,/home/rpotter/hypertower/REFUGE/Train/REFUGE1-val/REFUGE-Validation400/V0077.jpg,/home/rpotter/hypertower/REFUGE/Train/REFUGE1-val/Disc_Cup_Masks/V0077.bmp,/home/rpotter/hypertower/REFUGE/Train/REFUGE1-val/Disc_Cup_Masks/V0077.bmp,mask,mask,val
refuge1_val_V0078,refuge,/home/rpotter/hypertower/REFUGE/Train/REFUGE1-val/REFUGE-Validation400/V0078.jpg,/home/rpotter/hypertower/REFUGE/Train/REFUGE1-val/Disc_Cup_Masks/V0078.bmp,/home/rpotter/hypertower/REFUGE/Train/REFUGE1-val/Disc_Cup_Masks/V0078.bmp,mask,mask,val
refuge1_val_V0079,refuge,/home/rpotter/hypertower/REFUGE/Train/REFUGE1-val/REFUGE-Validation400/V0079.jpg,/home/rpotter/hypertower/REFUGE/Train/REFUGE1-val/Disc_Cup_Masks/V0079.bmp,/home/rpotter/hypertower/REFUGE/Train/REFUGE1-val/Disc_Cup_Masks/V0079.bmp,mask,mask,val
refuge1_val_V0080,refuge,/home/rpotter/hypertower/REFUGE/Train/REFUGE1-val/REFUGE-Validation400/V0080.jpg,/home/rpotter/hypertower/REFUGE/Train/REFUGE1-val/Disc_Cup_Masks/V0080.bmp,/home/rpotter/hypertower/REFUGE/Train/REFUGE1-val/Disc_Cup_Masks/V0080.bmp,mask,mask,val
refuge1_val_V0081,refuge,/home/rpotter/hypertower/REFUGE/Train/REFUGE1-val/REFUGE-Validation400/V0081.jpg,/home/rpotter/hypertower/REFUGE/Train/REFUGE1-val/Disc_Cup_Masks/V0081.bmp,/home/rpotter/hypertower/REFUGE/Train/REFUGE1-val/Disc_Cup_Masks/V0081.bmp,mask,mask,val
refuge1_val_V0082,refuge,/home/rpotter/hypertower/REFUGE/Train/REFUGE1-val/REFUGE-Validation400/V0082.jpg,/home/rpotter/hypertower/REFUGE/Train/REFUGE1-val/Disc_Cup_Masks/V0082.bmp,/home/rpotter/hypertower/REFUGE/Train/REFUGE1-val/Disc_Cup_Masks/V0082.bmp,mask,mask,val
refuge1_val_V0083,refuge,/home/rpotter/hypertower/REFUGE/Train/REFUGE1-val/REFUGE-Validation400/V0083.jpg,/home/rpotter/hypertower/REFUGE/Train/REFUGE1-val/Disc_Cup_Masks/V0083.bmp,/home/rpotter/hypertower/REFUGE/Train/REFUGE1-val/Disc_Cup_Masks/V0083.bmp,mask,mask,val
refuge1_val_V0084,refuge,/home/rpotter/hypertower/REFUGE/Train/REFUGE1-val/REFUGE-Validation400/V0084.jpg,/home/rpotter/hypertower/REFUGE/Train/REFUGE1-val/Disc_Cup_Masks/V0084.bmp,/home/rpotter/hypertower/REFUGE/Train/REFUGE1-val/Disc_Cup_Masks/V0084.bmp,mask,mask,val
refuge1_val_V0085,refuge,/home/rpotter/hypertower/REFUGE/Train/REFUGE1-val/REFUGE-Validation400/V0085.jpg,/home/rpotter/hypertower/REFUGE/Train/REFUGE1-val/Disc_Cup_Masks/V0085.bmp,/home/rpotter/hypertower/REFUGE/Train/REFUGE1-val/Disc_Cup_Masks/V0085.bmp,mask,mask,val
refuge1_val_V0086,refuge,/home/rpotter/hypertower/REFUGE/Train/REFUGE1-val/REFUGE-Validation400/V0086.jpg,/home/rpotter/hypertower/REFUGE/Train/REFUGE1-val/Disc_Cup_Masks/V0086.bmp,/home/rpotter/hypertower/REFUGE/Train/REFUGE1-val/Disc_Cup_Masks/V0086.bmp,mask,mask,val
refuge1_val_V0087,refuge,/home/rpotter/hypertower/REFUGE/Train/REFUGE1-val/REFUGE-Validation400/V0087.jpg,/home/rpotter/hypertower/REFUGE/Train/REFUGE1-val/Disc_Cup_Masks/V0087.bmp,/home/rpotter/hypertower/REFUGE/Train/REFUGE1-val/Disc_Cup_Masks/V0087.bmp,mask,mask,val
refuge1_val_V0088,refuge,/home/rpotter/hypertower/REFUGE/Train/REFUGE1-val/REFUGE-Validation400/V0088.jpg,/home/rpotter/hypertower/REFUGE/Train/REFUGE1-val/Disc_Cup_Masks/V0088.bmp,/home/rpotter/hypertower/REFUGE/Train/REFUGE1-val/Disc_Cup_Masks/V0088.bmp,mask,mask,val
refuge1_val_V0089,refuge,/home/rpotter/hypertower/REFUGE/Train/REFUGE1-val/REFUGE-Validation400/V0089.jpg,/home/rpotter/hypertower/REFUGE/Train/REFUGE1-val/Disc_Cup_Masks/V0089.bmp,/home/rpotter/hypertower/REFUGE/Train/REFUGE1-val/Disc_Cup_Masks/V0089.bmp,mask,mask,val
refuge1_val_V0090,refuge,/home/rpotter/hypertower/REFUGE/Train/REFUGE1-val/REFUGE-Validation400/V0090.jpg,/home/rpotter/hypertower/REFUGE/Train/REFUGE1-val/Disc_Cup_Masks/V0090.bmp,/home/rpotter/hypertower/REFUGE/Train/REFUGE1-val/Disc_Cup_Masks/V0090.bmp,mask,mask,val
refuge1_val_V0091,refuge,/home/rpotter/hypertower/REFUGE/Train/REFUGE1-val/REFUGE-Validation400/V0091.jpg,/home/rpotter/hypertower/REFUGE/Train/REFUGE1-val/Disc_Cup_Masks/V0091.bmp,/home/rpotter/hypertower/REFUGE/Train/REFUGE1-val/Disc_Cup_Masks/V0091.bmp,mask,mask,val
refuge1_val_V0092,refuge,/home/rpotter/hypertower/REFUGE/Train/REFUGE1-val/REFUGE-Validation400/V0092.jpg,/home/rpotter/hypertower/REFUGE/Train/REFUGE1-val/Disc_Cup_Masks/V0092.bmp,/home/rpotter/hypertower/REFUGE/Train/REFUGE1-val/Disc_Cup_Masks/V0092.bmp,mask,mask,val
refuge1_val_V0093,refuge,/home/rpotter/hypertower/REFUGE/Train/REFUGE1-val/REFUGE-Validation400/V0093.jpg,/home/rpotter/hypertower/REFUGE/Train/REFUGE1-val/Disc_Cup_Masks/V0093.bmp,/home/rpotter/hypertower/REFUGE/Train/REFUGE1-val/Disc_Cup_Masks/V0093.bmp,mask,mask,val
refuge1_val_V0094,refuge,/home/rpotter/hypertower/REFUGE/Train/REFUGE1-val/REFUGE-Validation400/V0094.jpg,/home/rpotter/hypertower/REFUGE/Train/REFUGE1-val/Disc_Cup_Masks/V0094.bmp,/home/rpotter/hypertower/REFUGE/Train/REFUGE1-val/Disc_Cup_Masks/V0094.bmp,mask,mask,val
refuge1_val_V0095,refuge,/home/rpotter/hypertower/REFUGE/Train/REFUGE1-val/REFUGE-Validation400/V0095.jpg,/home/rpotter/hypertower/REFUGE/Train/REFUGE1-val/Disc_Cup_Masks/V0095.bmp,/home/rpotter/hypertower/REFUGE/Train/REFUGE1-val/Disc_Cup_Masks/V0095.bmp,mask,mask,val
refuge1_val_V0096,refuge,/home/rpotter/hypertower/REFUGE/Train/REFUGE1-val/REFUGE-Validation400/V0096.jpg,/home/rpotter/hypertower/REFUGE/Train/REFUGE1-val/Disc_Cup_Masks/V0096.bmp,/home/rpotter/hypertower/REFUGE/Train/REFUGE1-val/Disc_Cup_Masks/V0096.bmp,mask,mask,val
refuge1_val_V0097,refuge,/home/rpotter/hypertower/REFUGE/Train/REFUGE1-val/REFUGE-Validation400/V0097.jpg,/home/rpotter/hypertower/REFUGE/Train/REFUGE1-val/Disc_Cup_Masks/V0097.bmp,/home/rpotter/hypertower/REFUGE/Train/REFUGE1-val/Disc_Cup_Masks/V0097.bmp,mask,mask,val
refuge1_val_V0098,refuge,/home/rpotter/hypertower/REFUGE/Train/REFUGE1-val/REFUGE-Validation400/V0098.jpg,/home/rpotter/hypertower/REFUGE/Train/REFUGE1-val/Disc_Cup_Masks/V0098.bmp,/home/rpotter/hypertower/REFUGE/Train/REFUGE1-val/Disc_Cup_Masks/V0098.bmp,mask,mask,val
refuge1_val_V0099,refuge,/home/rpotter/hypertower/REFUGE/Train/REFUGE1-val/REFUGE-Validation400/V0099.jpg,/home/rpotter/hypertower/REFUGE/Train/REFUGE1-val/Disc_Cup_Masks/V0099.bmp,/home/rpotter/hypertower/REFUGE/Train/REFUGE1-val/Disc_Cup_Masks/V0099.bmp,mask,mask,val
refuge1_val_V0100,refuge,/home/rpotter/hypertower/REFUGE/Train/REFUGE1-val/REFUGE-Validation400/V0100.jpg,/home/rpotter/hypertower/REFUGE/Train/REFUGE1-val/Disc_Cup_Masks/V0100.bmp,/home/rpotter/hypertower/REFUGE/Train/REFUGE1-val/Disc_Cup_Masks/V0100.bmp,mask,mask,val
refuge1_val_V0101,refuge,/home/rpotter/hypertower/REFUGE/Train/REFUGE1-val/REFUGE-Validation400/V0101.jpg,/home/rpotter/hypertower/REFUGE/Train/REFUGE1-val/Disc_Cup_Masks/V0101.bmp,/home/rpotter/hypertower/REFUGE/Train/REFUGE1-val/Disc_Cup_Masks/V0101.bmp,mask,mask,val
refuge1_val_V0102,refuge,/home/rpotter/hypertower/REFUGE/Train/REFUGE1-val/REFUGE-Validation400/V0102.jpg,/home/rpotter/hypertower/REFUGE/Train/REFUGE1-val/Disc_Cup_Masks/V0102.bmp,/home/rpotter/hypertower/REFUGE/Train/REFUGE1-val/Disc_Cup_Masks/V0102.bmp,mask,mask,val
refuge1_val_V0103,refuge,/home/rpotter/hypertower/REFUGE/Train/REFUGE1-val/REFUGE-Validation400/V0103.jpg,/home/rpotter/hypertower/REFUGE/Train/REFUGE1-val/Disc_Cup_Masks/V0103.bmp,/home/rpotter/hypertower/REFUGE/Train/REFUGE1-val/Disc_Cup_Masks/V0103.bmp,mask,mask,val
refuge1_val_V0104,refuge,/home/rpotter/hypertower/REFUGE/Train/REFUGE1-val/REFUGE-Validation400/V0104.jpg,/home/rpotter/hypertower/REFUGE/Train/REFUGE1-val/Disc_Cup_Masks/V0104.bmp,/home/rpotter/hypertower/REFUGE/Train/REFUGE1-val/Disc_Cup_Masks/V0104.bmp,mask,mask,val
refuge1_val_V0105,refuge,/home/rpotter/hypertower/REFUGE/Train/REFUGE1-val/REFUGE-Validation400/V0105.jpg,/home/rpotter/hypertower/REFUGE/Train/REFUGE1-val/Disc_Cup_Masks/V0105.bmp,/home/rpotter/hypertower/REFUGE/Train/REFUGE1-val/Disc_Cup_Masks/V0105.bmp,mask,mask,val
refuge1_val_V0106,refuge,/home/rpotter/hypertower/REFUGE/Train/REFUGE1-val/REFUGE-Validation400/V0106.jpg,/home/rpotter/hypertower/REFUGE/Train/REFUGE1-val/Disc_Cup_Masks/V0106.bmp,/home/rpotter/hypertower/REFUGE/Train/REFUGE1-val/Disc_Cup_Masks/V0106.bmp,mask,mask,val
refuge1_val_V0107,refuge,/home/rpotter/hypertower/REFUGE/Train/REFUGE1-val/REFUGE-Validation400/V0107.jpg,/home/rpotter/hypertower/REFUGE/Train/REFUGE1-val/Disc_Cup_Masks/V0107.bmp,/home/rpotter/hypertower/REFUGE/Train/REFUGE1-val/Disc_Cup_Masks/V0107.bmp,mask,mask,val
refuge1_val_V0108,refuge,/home/rpotter/hypertower/REFUGE/Train/REFUGE1-val/REFUGE-Validation400/V0108.jpg,/home/rpotter/hypertower/REFUGE/Train/REFUGE1-val/Disc_Cup_Masks/V0108.bmp,/home/rpotter/hypertower/REFUGE/Train/REFUGE1-val/Disc_Cup_Masks/V0108.bmp,mask,mask,val
refuge1_val_V0109,refuge,/home/rpotter/hypertower/REFUGE/Train/REFUGE1-val/REFUGE-Validation400/V0109.jpg,/home/rpotter/hypertower/REFUGE/Train/REFUGE1-val/Disc_Cup_Masks/V0109.bmp,/home/rpotter/hypertower/REFUGE/Train/REFUGE1-val/Disc_Cup_Masks/V0109.bmp,mask,mask,val
refuge1_val_V0110,refuge,/home/rpotter/hypertower/REFUGE/Train/REFUGE1-val/REFUGE-Validation400/V0110.jpg,/home/rpotter/hypertower/REFUGE/Train/REFUGE1-val/Disc_Cup_Masks/V0110.bmp,/home/rpotter/hypertower/REFUGE/Train/REFUGE1-val/Disc_Cup_Masks/V0110.bmp,mask,mask,val
refuge1_val_V0111,refuge,/home/rpotter/hypertower/REFUGE/Train/REFUGE1-val/REFUGE-Validation400/V0111.jpg,/home/rpotter/hypertower/REFUGE/Train/REFUGE1-val/Disc_Cup_Masks/V0111.bmp,/home/rpotter/hypertower/REFUGE/Train/REFUGE1-val/Disc_Cup_Masks/V0111.bmp,mask,mask,val
refuge1_val_V0112,refuge,/home/rpotter/hypertower/REFUGE/Train/REFUGE1-val/REFUGE-Validation400/V0112.jpg,/home/rpotter/hypertower/REFUGE/Train/REFUGE1-val/Disc_Cup_Masks/V0112.bmp,/home/rpotter/hypertower/REFUGE/Train/REFUGE1-val/Disc_Cup_Masks/V0112.bmp,mask,mask,val
refuge1_val_V0113,refuge,/home/rpotter/hypertower/REFUGE/Train/REFUGE1-val/REFUGE-Validation400/V0113.jpg,/home/rpotter/hypertower/REFUGE/Train/REFUGE1-val/Disc_Cup_Masks/V0113.bmp,/home/rpotter/hypertower/REFUGE/Train/REFUGE1-val/Disc_Cup_Masks/V0113.bmp,mask,mask,val
refuge1_val_V0114,refuge,/home/rpotter/hypertower/REFUGE/Train/REFUGE1-val/REFUGE-Validation400/V0114.jpg,/home/rpotter/hypertower/REFUGE/Train/REFUGE1-val/Disc_Cup_Masks/V0114.bmp,/home/rpotter/hypertower/REFUGE/Train/REFUGE1-val/Disc_Cup_Masks/V0114.bmp,mask,mask,val
refuge1_val_V0115,refuge,/home/rpotter/hypertower/REFUGE/Train/REFUGE1-val/REFUGE-Validation400/V0115.jpg,/home/rpotter/hypertower/REFUGE/Train/REFUGE1-val/Disc_Cup_Masks/V0115.bmp,/home/rpotter/hypertower/REFUGE/Train/REFUGE1-val/Disc_Cup_Masks/V0115.bmp,mask,mask,val
refuge1_val_V0116,refuge,/home/rpotter/hypertower/REFUGE/Train/REFUGE1-val/REFUGE-Validation400/V0116.jpg,/home/rpotter/hypertower/REFUGE/Train/REFUGE1-val/Disc_Cup_Masks/V0116.bmp,/home/rpotter/hypertower/REFUGE/Train/REFUGE1-val/Disc_Cup_Masks/V0116.bmp,mask,mask,val
refuge1_val_V0117,refuge,/home/rpotter/hypertower/REFUGE/Train/REFUGE1-val/REFUGE-Validation400/V0117.jpg,/home/rpotter/hypertower/REFUGE/Train/REFUGE1-val/Disc_Cup_Masks/V0117.bmp,/home/rpotter/hypertower/REFUGE/Train/REFUGE1-val/Disc_Cup_Masks/V0117.bmp,mask,mask,val
refuge1_val_V0118,refuge,/home/rpotter/hypertower/REFUGE/Train/REFUGE1-val/REFUGE-Validation400/V0118.jpg,/home/rpotter/hypertower/REFUGE/Train/REFUGE1-val/Disc_Cup_Masks/V0118.bmp,/home/rpotter/hypertower/REFUGE/Train/REFUGE1-val/Disc_Cup_Masks/V0118.bmp,mask,mask,val
refuge1_val_V0119,refuge,/home/rpotter/hypertower/REFUGE/Train/REFUGE1-val/REFUGE-Validation400/V0119.jpg,/home/rpotter/hypertower/REFUGE/Train/REFUGE1-val/Disc_Cup_Masks/V0119.bmp,/home/rpotter/hypertower/REFUGE/Train/REFUGE1-val/Disc_Cup_Masks/V0119.bmp,mask,mask,val
refuge1_val_V0120,refuge,/home/rpotter/hypertower/REFUGE/Train/REFUGE1-val/REFUGE-Validation400/V0120.jpg,/home/rpotter/hypertower/REFUGE/Train/REFUGE1-val/Disc_Cup_Masks/V0120.bmp,/home/rpotter/hypertower/REFUGE/Train/REFUGE1-val/Disc_Cup_Masks/V0120.bmp,mask,mask,val
refuge1_val_V0121,refuge,/home/rpotter/hypertower/REFUGE/Train/REFUGE1-val/REFUGE-Validation400/V0121.jpg,/home/rpotter/hypertower/REFUGE/Train/REFUGE1-val/Disc_Cup_Masks/V0121.bmp,/home/rpotter/hypertower/REFUGE/Train/REFUGE1-val/Disc_Cup_Masks/V0121.bmp,mask,mask,val
refuge1_val_V0122,refuge,/home/rpotter/hypertower/REFUGE/Train/REFUGE1-val/REFUGE-Validation400/V0122.jpg,/home/rpotter/hypertower/REFUGE/Train/REFUGE1-val/Disc_Cup_Masks/V0122.bmp,/home/rpotter/hypertower/REFUGE/Train/REFUGE1-val/Disc_Cup_Masks/V0122.bmp,mask,mask,val
refuge1_val_V0123,refuge,/home/rpotter/hypertower/REFUGE/Train/REFUGE1-val/REFUGE-Validation400/V0123.jpg,/home/rpotter/hypertower/REFUGE/Train/REFUGE1-val/Disc_Cup_Masks/V0123.bmp,/home/rpotter/hypertower/REFUGE/Train/REFUGE1-val/Disc_Cup_Masks/V0123.bmp,mask,mask,val
refuge1_val_V0124,refuge,/home/rpotter/hypertower/REFUGE/Train/REFUGE1-val/REFUGE-Validation400/V0124.jpg,/home/rpotter/hypertower/REFUGE/Train/REFUGE1-val/Disc_Cup_Masks/V0124.bmp,/home/rpotter/hypertower/REFUGE/Train/REFUGE1-val/Disc_Cup_Masks/V0124.bmp,mask,mask,val
refuge1_val_V0125,refuge,/home/rpotter/hypertower/REFUGE/Train/REFUGE1-val/REFUGE-Validation400/V0125.jpg,/home/rpotter/hypertower/REFUGE/Train/REFUGE1-val/Disc_Cup_Masks/V0125.bmp,/home/rpotter/hypertower/REFUGE/Train/REFUGE1-val/Disc_Cup_Masks/V0125.bmp,mask,mask,val
refuge1_val_V0126,refuge,/home/rpotter/hypertower/REFUGE/Train/REFUGE1-val/REFUGE-Validation400/V0126.jpg,/home/rpotter/hypertower/REFUGE/Train/REFUGE1-val/Disc_Cup_Masks/V0126.bmp,/home/rpotter/hypertower/REFUGE/Train/REFUGE1-val/Disc_Cup_Masks/V0126.bmp,mask,mask,val
refuge1_val_V0127,refuge,/home/rpotter/hypertower/REFUGE/Train/REFUGE1-val/REFUGE-Validation400/V0127.jpg,/home/rpotter/hypertower/REFUGE/Train/REFUGE1-val/Disc_Cup_Masks/V0127.bmp,/home/rpotter/hypertower/REFUGE/Train/REFUGE1-val/Disc_Cup_Masks/V0127.bmp,mask,mask,val
refuge1_val_V0128,refuge,/home/rpotter/hypertower/REFUGE/Train/REFUGE1-val/REFUGE-Validation400/V0128.jpg,/home/rpotter/hypertower/REFUGE/Train/REFUGE1-val/Disc_Cup_Masks/V0128.bmp,/home/rpotter/hypertower/REFUGE/Train/REFUGE1-val/Disc_Cup_Masks/V0128.bmp,mask,mask,val
refuge1_val_V0129,refuge,/home/rpotter/hypertower/REFUGE/Train/REFUGE1-val/REFUGE-Validation400/V0129.jpg,/home/rpotter/hypertower/REFUGE/Train/REFUGE1-val/Disc_Cup_Masks/V0129.bmp,/home/rpotter/hypertower/REFUGE/Train/REFUGE1-val/Disc_Cup_Masks/V0129.bmp,mask,mask,val
refuge1_val_V0130,refuge,/home/rpotter/hypertower/REFUGE/Train/REFUGE1-val/REFUGE-Validation400/V0130.jpg,/home/rpotter/hypertower/REFUGE/Train/REFUGE1-val/Disc_Cup_Masks/V0130.bmp,/home/rpotter/hypertower/REFUGE/Train/REFUGE1-val/Disc_Cup_Masks/V0130.bmp,mask,mask,val
refuge1_val_V0131,refuge,/home/rpotter/hypertower/REFUGE/Train/REFUGE1-val/REFUGE-Validation400/V0131.jpg,/home/rpotter/hypertower/REFUGE/Train/REFUGE1-val/Disc_Cup_Masks/V0131.bmp,/home/rpotter/hypertower/REFUGE/Train/REFUGE1-val/Disc_Cup_Masks/V0131.bmp,mask,mask,val
refuge1_val_V0132,refuge,/home/rpotter/hypertower/REFUGE/Train/REFUGE1-val/REFUGE-Validation400/V0132.jpg,/home/rpotter/hypertower/REFUGE/Train/REFUGE1-val/Disc_Cup_Masks/V0132.bmp,/home/rpotter/hypertower/REFUGE/Train/REFUGE1-val/Disc_Cup_Masks/V0132.bmp,mask,mask,val
refuge1_val_V0133,refuge,/home/rpotter/hypertower/REFUGE/Train/REFUGE1-val/REFUGE-Validation400/V0133.jpg,/home/rpotter/hypertower/REFUGE/Train/REFUGE1-val/Disc_Cup_Masks/V0133.bmp,/home/rpotter/hypertower/REFUGE/Train/REFUGE1-val/Disc_Cup_Masks/V0133.bmp,mask,mask,val
refuge1_val_V0134,refuge,/home/rpotter/hypertower/REFUGE/Train/REFUGE1-val/REFUGE-Validation400/V0134.jpg,/home/rpotter/hypertower/REFUGE/Train/REFUGE1-val/Disc_Cup_Masks/V0134.bmp,/home/rpotter/hypertower/REFUGE/Train/REFUGE1-val/Disc_Cup_Masks/V0134.bmp,mask,mask,val
refuge1_val_V0135,refuge,/home/rpotter/hypertower/REFUGE/Train/REFUGE1-val/REFUGE-Validation400/V0135.jpg,/home/rpotter/hypertower/REFUGE/Train/REFUGE1-val/Disc_Cup_Masks/V0135.bmp,/home/rpotter/hypertower/REFUGE/Train/REFUGE1-val/Disc_Cup_Masks/V0135.bmp,mask,mask,val
refuge1_val_V0136,refuge,/home/rpotter/hypertower/REFUGE/Train/REFUGE1-val/REFUGE-Validation400/V0136.jpg,/home/rpotter/hypertower/REFUGE/Train/REFUGE1-val/Disc_Cup_Masks/V0136.bmp,/home/rpotter/hypertower/REFUGE/Train/REFUGE1-val/Disc_Cup_Masks/V0136.bmp,mask,mask,val
refuge1_val_V0137,refuge,/home/rpotter/hypertower/REFUGE/Train/REFUGE1-val/REFUGE-Validation400/V0137.jpg,/home/rpotter/hypertower/REFUGE/Train/REFUGE1-val/Disc_Cup_Masks/V0137.bmp,/home/rpotter/hypertower/REFUGE/Train/REFUGE1-val/Disc_Cup_Masks/V0137.bmp,mask,mask,val
refuge1_val_V0138,refuge,/home/rpotter/hypertower/REFUGE/Train/REFUGE1-val/REFUGE-Validation400/V0138.jpg,/home/rpotter/hypertower/REFUGE/Train/REFUGE1-val/Disc_Cup_Masks/V0138.bmp,/home/rpotter/hypertower/REFUGE/Train/REFUGE1-val/Disc_Cup_Masks/V0138.bmp,mask,mask,val
refuge1_val_V0139,refuge,/home/rpotter/hypertower/REFUGE/Train/REFUGE1-val/REFUGE-Validation400/V0139.jpg,/home/rpotter/hypertower/REFUGE/Train/REFUGE1-val/Disc_Cup_Masks/V0139.bmp,/home/rpotter/hypertower/REFUGE/Train/REFUGE1-val/Disc_Cup_Masks/V0139.bmp,mask,mask,val
refuge1_val_V0140,refuge,/home/rpotter/hypertower/REFUGE/Train/REFUGE1-val/REFUGE-Validation400/V0140.jpg,/home/rpotter/hypertower/REFUGE/Train/REFUGE1-val/Disc_Cup_Masks/V0140.bmp,/home/rpotter/hypertower/REFUGE/Train/REFUGE1-val/Disc_Cup_Masks/V0140.bmp,mask,mask,val
refuge1_val_V0141,refuge,/home/rpotter/hypertower/REFUGE/Train/REFUGE1-val/REFUGE-Validation400/V0141.jpg,/home/rpotter/hypertower/REFUGE/Train/REFUGE1-val/Disc_Cup_Masks/V0141.bmp,/home/rpotter/hypertower/REFUGE/Train/REFUGE1-val/Disc_Cup_Masks/V0141.bmp,mask,mask,val
refuge1_val_V0142,refuge,/home/rpotter/hypertower/REFUGE/Train/REFUGE1-val/REFUGE-Validation400/V0142.jpg,/home/rpotter/hypertower/REFUGE/Train/REFUGE1-val/Disc_Cup_Masks/V0142.bmp,/home/rpotter/hypertower/REFUGE/Train/REFUGE1-val/Disc_Cup_Masks/V0142.bmp,mask,mask,val
refuge1_val_V0143,refuge,/home/rpotter/hypertower/REFUGE/Train/REFUGE1-val/REFUGE-Validation400/V0143.jpg,/home/rpotter/hypertower/REFUGE/Train/REFUGE1-val/Disc_Cup_Masks/V0143.bmp,/home/rpotter/hypertower/REFUGE/Train/REFUGE1-val/Disc_Cup_Masks/V0143.bmp,mask,mask,val
refuge1_val_V0144,refuge,/home/rpotter/hypertower/REFUGE/Train/REFUGE1-val/REFUGE-Validation400/V0144.jpg,/home/rpotter/hypertower/REFUGE/Train/REFUGE1-val/Disc_Cup_Masks/V0144.bmp,/home/rpotter/hypertower/REFUGE/Train/REFUGE1-val/Disc_Cup_Masks/V0144.bmp,mask,mask,val
refuge1_val_V0145,refuge,/home/rpotter/hypertower/REFUGE/Train/REFUGE1-val/REFUGE-Validation400/V0145.jpg,/home/rpotter/hypertower/REFUGE/Train/REFUGE1-val/Disc_Cup_Masks/V0145.bmp,/home/rpotter/hypertower/REFUGE/Train/REFUGE1-val/Disc_Cup_Masks/V0145.bmp,mask,mask,val
refuge1_val_V0146,refuge,/home/rpotter/hypertower/REFUGE/Train/REFUGE1-val/REFUGE-Validation400/V0146.jpg,/home/rpotter/hypertower/REFUGE/Train/REFUGE1-val/Disc_Cup_Masks/V0146.bmp,/home/rpotter/hypertower/REFUGE/Train/REFUGE1-val/Disc_Cup_Masks/V0146.bmp,mask,mask,val
refuge1_val_V0147,refuge,/home/rpotter/hypertower/REFUGE/Train/REFUGE1-val/REFUGE-Validation400/V0147.jpg,/home/rpotter/hypertower/REFUGE/Train/REFUGE1-val/Disc_Cup_Masks/V0147.bmp,/home/rpotter/hypertower/REFUGE/Train/REFUGE1-val/Disc_Cup_Masks/V0147.bmp,mask,mask,val
refuge1_val_V0148,refuge,/home/rpotter/hypertower/REFUGE/Train/REFUGE1-val/REFUGE-Validation400/V0148.jpg,/home/rpotter/hypertower/REFUGE/Train/REFUGE1-val/Disc_Cup_Masks/V0148.bmp,/home/rpotter/hypertower/REFUGE/Train/REFUGE1-val/Disc_Cup_Masks/V0148.bmp,mask,mask,val
refuge1_val_V0149,refuge,/home/rpotter/hypertower/REFUGE/Train/REFUGE1-val/REFUGE-Validation400/V0149.jpg,/home/rpotter/hypertower/REFUGE/Train/REFUGE1-val/Disc_Cup_Masks/V0149.bmp,/home/rpotter/hypertower/REFUGE/Train/REFUGE1-val/Disc_Cup_Masks/V0149.bmp,mask,mask,val
refuge1_val_V0150,refuge,/home/rpotter/hypertower/REFUGE/Train/REFUGE1-val/REFUGE-Validation400/V0150.jpg,/home/rpotter/hypertower/REFUGE/Train/REFUGE1-val/Disc_Cup_Masks/V0150.bmp,/home/rpotter/hypertower/REFUGE/Train/REFUGE1-val/Disc_Cup_Masks/V0150.bmp,mask,mask,val
refuge1_val_V0151,refuge,/home/rpotter/hypertower/REFUGE/Train/REFUGE1-val/REFUGE-Validation400/V0151.jpg,/home/rpotter/hypertower/REFUGE/Train/REFUGE1-val/Disc_Cup_Masks/V0151.bmp,/home/rpotter/hypertower/REFUGE/Train/REFUGE1-val/Disc_Cup_Masks/V0151.bmp,mask,mask,val
refuge1_val_V0152,refuge,/home/rpotter/hypertower/REFUGE/Train/REFUGE1-val/REFUGE-Validation400/V0152.jpg,/home/rpotter/hypertower/REFUGE/Train/REFUGE1-val/Disc_Cup_Masks/V0152.bmp,/home/rpotter/hypertower/REFUGE/Train/REFUGE1-val/Disc_Cup_Masks/V0152.bmp,mask,mask,val
refuge1_val_V0153,refuge,/home/rpotter/hypertower/REFUGE/Train/REFUGE1-val/REFUGE-Validation400/V0153.jpg,/home/rpotter/hypertower/REFUGE/Train/REFUGE1-val/Disc_Cup_Masks/V0153.bmp,/home/rpotter/hypertower/REFUGE/Train/REFUGE1-val/Disc_Cup_Masks/V0153.bmp,mask,mask,val
refuge1_val_V0154,refuge,/home/rpotter/hypertower/REFUGE/Train/REFUGE1-val/REFUGE-Validation400/V0154.jpg,/home/rpotter/hypertower/REFUGE/Train/REFUGE1-val/Disc_Cup_Masks/V0154.bmp,/home/rpotter/hypertower/REFUGE/Train/REFUGE1-val/Disc_Cup_Masks/V0154.bmp,mask,mask,val
refuge1_val_V0155,refuge,/home/rpotter/hypertower/REFUGE/Train/REFUGE1-val/REFUGE-Validation400/V0155.jpg,/home/rpotter/hypertower/REFUGE/Train/REFUGE1-val/Disc_Cup_Masks/V0155.bmp,/home/rpotter/hypertower/REFUGE/Train/REFUGE1-val/Disc_Cup_Masks/V0155.bmp,mask,mask,val
refuge1_val_V0156,refuge,/home/rpotter/hypertower/REFUGE/Train/REFUGE1-val/REFUGE-Validation400/V0156.jpg,/home/rpotter/hypertower/REFUGE/Train/REFUGE1-val/Disc_Cup_Masks/V0156.bmp,/home/rpotter/hypertower/REFUGE/Train/REFUGE1-val/Disc_Cup_Masks/V0156.bmp,mask,mask,val
refuge1_val_V0157,refuge,/home/rpotter/hypertower/REFUGE/Train/REFUGE1-val/REFUGE-Validation400/V0157.jpg,/home/rpotter/hypertower/REFUGE/Train/REFUGE1-val/Disc_Cup_Masks/V0157.bmp,/home/rpotter/hypertower/REFUGE/Train/REFUGE1-val/Disc_Cup_Masks/V0157.bmp,mask,mask,val
refuge1_val_V0158,refuge,/home/rpotter/hypertower/REFUGE/Train/REFUGE1-val/REFUGE-Validation400/V0158.jpg,/home/rpotter/hypertower/REFUGE/Train/REFUGE1-val/Disc_Cup_Masks/V0158.bmp,/home/rpotter/hypertower/REFUGE/Train/REFUGE1-val/Disc_Cup_Masks/V0158.bmp,mask,mask,val
refuge1_val_V0159,refuge,/home/rpotter/hypertower/REFUGE/Train/REFUGE1-val/REFUGE-Validation400/V0159.jpg,/home/rpotter/hypertower/REFUGE/Train/REFUGE1-val/Disc_Cup_Masks/V0159.bmp,/home/rpotter/hypertower/REFUGE/Train/REFUGE1-val/Disc_Cup_Masks/V0159.bmp,mask,mask,val
refuge1_val_V0160,refuge,/home/rpotter/hypertower/REFUGE/Train/REFUGE1-val/REFUGE-Validation400/V0160.jpg,/home/rpotter/hypertower/REFUGE/Train/REFUGE1-val/Disc_Cup_Masks/V0160.bmp,/home/rpotter/hypertower/REFUGE/Train/REFUGE1-val/Disc_Cup_Masks/V0160.bmp,mask,mask,val
refuge1_val_V0161,refuge,/home/rpotter/hypertower/REFUGE/Train/REFUGE1-val/REFUGE-Validation400/V0161.jpg,/home/rpotter/hypertower/REFUGE/Train/REFUGE1-val/Disc_Cup_Masks/V0161.bmp,/home/rpotter/hypertower/REFUGE/Train/REFUGE1-val/Disc_Cup_Masks/V0161.bmp,mask,mask,val
refuge1_val_V0162,refuge,/home/rpotter/hypertower/REFUGE/Train/REFUGE1-val/REFUGE-Validation400/V0162.jpg,/home/rpotter/hypertower/REFUGE/Train/REFUGE1-val/Disc_Cup_Masks/V0162.bmp,/home/rpotter/hypertower/REFUGE/Train/REFUGE1-val/Disc_Cup_Masks/V0162.bmp,mask,mask,val
refuge1_val_V0163,refuge,/home/rpotter/hypertower/REFUGE/Train/REFUGE1-val/REFUGE-Validation400/V0163.jpg,/home/rpotter/hypertower/REFUGE/Train/REFUGE1-val/Disc_Cup_Masks/V0163.bmp,/home/rpotter/hypertower/REFUGE/Train/REFUGE1-val/Disc_Cup_Masks/V0163.bmp,mask,mask,val
refuge1_val_V0164,refuge,/home/rpotter/hypertower/REFUGE/Train/REFUGE1-val/REFUGE-Validation400/V0164.jpg,/home/rpotter/hypertower/REFUGE/Train/REFUGE1-val/Disc_Cup_Masks/V0164.bmp,/home/rpotter/hypertower/REFUGE/Train/REFUGE1-val/Disc_Cup_Masks/V0164.bmp,mask,mask,val
refuge1_val_V0165,refuge,/home/rpotter/hypertower/REFUGE/Train/REFUGE1-val/REFUGE-Validation400/V0165.jpg,/home/rpotter/hypertower/REFUGE/Train/REFUGE1-val/Disc_Cup_Masks/V0165.bmp,/home/rpotter/hypertower/REFUGE/Train/REFUGE1-val/Disc_Cup_Masks/V0165.bmp,mask,mask,val
refuge1_val_V0166,refuge,/home/rpotter/hypertower/REFUGE/Train/REFUGE1-val/REFUGE-Validation400/V0166.jpg,/home/rpotter/hypertower/REFUGE/Train/REFUGE1-val/Disc_Cup_Masks/V0166.bmp,/home/rpotter/hypertower/REFUGE/Train/REFUGE1-val/Disc_Cup_Masks/V0166.bmp,mask,mask,val
refuge1_val_V0167,refuge,/home/rpotter/hypertower/REFUGE/Train/REFUGE1-val/REFUGE-Validation400/V0167.jpg,/home/rpotter/hypertower/REFUGE/Train/REFUGE1-val/Disc_Cup_Masks/V0167.bmp,/home/rpotter/hypertower/REFUGE/Train/REFUGE1-val/Disc_Cup_Masks/V0167.bmp,mask,mask,val
refuge1_val_V0168,refuge,/home/rpotter/hypertower/REFUGE/Train/REFUGE1-val/REFUGE-Validation400/V0168.jpg,/home/rpotter/hypertower/REFUGE/Train/REFUGE1-val/Disc_Cup_Masks/V0168.bmp,/home/rpotter/hypertower/REFUGE/Train/REFUGE1-val/Disc_Cup_Masks/V0168.bmp,mask,mask,val
refuge1_val_V0169,refuge,/home/rpotter/hypertower/REFUGE/Train/REFUGE1-val/REFUGE-Validation400/V0169.jpg,/home/rpotter/hypertower/REFUGE/Train/REFUGE1-val/Disc_Cup_Masks/V0169.bmp,/home/rpotter/hypertower/REFUGE/Train/REFUGE1-val/Disc_Cup_Masks/V0169.bmp,mask,mask,val
refuge1_val_V0170,refuge,/home/rpotter/hypertower/REFUGE/Train/REFUGE1-val/REFUGE-Validation400/V0170.jpg,/home/rpotter/hypertower/REFUGE/Train/REFUGE1-val/Disc_Cup_Masks/V0170.bmp,/home/rpotter/hypertower/REFUGE/Train/REFUGE1-val/Disc_Cup_Masks/V0170.bmp,mask,mask,val
refuge1_val_V0171,refuge,/home/rpotter/hypertower/REFUGE/Train/REFUGE1-val/REFUGE-Validation400/V0171.jpg,/home/rpotter/hypertower/REFUGE/Train/REFUGE1-val/Disc_Cup_Masks/V0171.bmp,/home/rpotter/hypertower/REFUGE/Train/REFUGE1-val/Disc_Cup_Masks/V0171.bmp,mask,mask,val
refuge1_val_V0172,refuge,/home/rpotter/hypertower/REFUGE/Train/REFUGE1-val/REFUGE-Validation400/V0172.jpg,/home/rpotter/hypertower/REFUGE/Train/REFUGE1-val/Disc_Cup_Masks/V0172.bmp,/home/rpotter/hypertower/REFUGE/Train/REFUGE1-val/Disc_Cup_Masks/V0172.bmp,mask,mask,val
refuge1_val_V0173,refuge,/home/rpotter/hypertower/REFUGE/Train/REFUGE1-val/REFUGE-Validation400/V0173.jpg,/home/rpotter/hypertower/REFUGE/Train/REFUGE1-val/Disc_Cup_Masks/V0173.bmp,/home/rpotter/hypertower/REFUGE/Train/REFUGE1-val/Disc_Cup_Masks/V0173.bmp,mask,mask,val
refuge1_val_V0174,refuge,/home/rpotter/hypertower/REFUGE/Train/REFUGE1-val/REFUGE-Validation400/V0174.jpg,/home/rpotter/hypertower/REFUGE/Train/REFUGE1-val/Disc_Cup_Masks/V0174.bmp,/home/rpotter/hypertower/REFUGE/Train/REFUGE1-val/Disc_Cup_Masks/V0174.bmp,mask,mask,val
refuge1_val_V0175,refuge,/home/rpotter/hypertower/REFUGE/Train/REFUGE1-val/REFUGE-Validation400/V0175.jpg,/home/rpotter/hypertower/REFUGE/Train/REFUGE1-val/Disc_Cup_Masks/V0175.bmp,/home/rpotter/hypertower/REFUGE/Train/REFUGE1-val/Disc_Cup_Masks/V0175.bmp,mask,mask,val
refuge1_val_V0176,refuge,/home/rpotter/hypertower/REFUGE/Train/REFUGE1-val/REFUGE-Validation400/V0176.jpg,/home/rpotter/hypertower/REFUGE/Train/REFUGE1-val/Disc_Cup_Masks/V0176.bmp,/home/rpotter/hypertower/REFUGE/Train/REFUGE1-val/Disc_Cup_Masks/V0176.bmp,mask,mask,val
refuge1_val_V0177,refuge,/home/rpotter/hypertower/REFUGE/Train/REFUGE1-val/REFUGE-Validation400/V0177.jpg,/home/rpotter/hypertower/REFUGE/Train/REFUGE1-val/Disc_Cup_Masks/V0177.bmp,/home/rpotter/hypertower/REFUGE/Train/REFUGE1-val/Disc_Cup_Masks/V0177.bmp,mask,mask,val
refuge1_val_V0178,refuge,/home/rpotter/hypertower/REFUGE/Train/REFUGE1-val/REFUGE-Validation400/V0178.jpg,/home/rpotter/hypertower/REFUGE/Train/REFUGE1-val/Disc_Cup_Masks/V0178.bmp,/home/rpotter/hypertower/REFUGE/Train/REFUGE1-val/Disc_Cup_Masks/V0178.bmp,mask,mask,val
refuge1_val_V0179,refuge,/home/rpotter/hypertower/REFUGE/Train/REFUGE1-val/REFUGE-Validation400/V0179.jpg,/home/rpotter/hypertower/REFUGE/Train/REFUGE1-val/Disc_Cup_Masks/V0179.bmp,/home/rpotter/hypertower/REFUGE/Train/REFUGE1-val/Disc_Cup_Masks/V0179.bmp,mask,mask,val
refuge1_val_V0180,refuge,/home/rpotter/hypertower/REFUGE/Train/REFUGE1-val/REFUGE-Validation400/V0180.jpg,/home/rpotter/hypertower/REFUGE/Train/REFUGE1-val/Disc_Cup_Masks/V0180.bmp,/home/rpotter/hypertower/REFUGE/Train/REFUGE1-val/Disc_Cup_Masks/V0180.bmp,mask,mask,val
refuge1_val_V0181,refuge,/home/rpotter/hypertower/REFUGE/Train/REFUGE1-val/REFUGE-Validation400/V0181.jpg,/home/rpotter/hypertower/REFUGE/Train/REFUGE1-val/Disc_Cup_Masks/V0181.bmp,/home/rpotter/hypertower/REFUGE/Train/REFUGE1-val/Disc_Cup_Masks/V0181.bmp,mask,mask,val
refuge1_val_V0182,refuge,/home/rpotter/hypertower/REFUGE/Train/REFUGE1-val/REFUGE-Validation400/V0182.jpg,/home/rpotter/hypertower/REFUGE/Train/REFUGE1-val/Disc_Cup_Masks/V0182.bmp,/home/rpotter/hypertower/REFUGE/Train/REFUGE1-val/Disc_Cup_Masks/V0182.bmp,mask,mask,val
refuge1_val_V0183,refuge,/home/rpotter/hypertower/REFUGE/Train/REFUGE1-val/REFUGE-Validation400/V0183.jpg,/home/rpotter/hypertower/REFUGE/Train/REFUGE1-val/Disc_Cup_Masks/V0183.bmp,/home/rpotter/hypertower/REFUGE/Train/REFUGE1-val/Disc_Cup_Masks/V0183.bmp,mask,mask,val
refuge1_val_V0184,refuge,/home/rpotter/hypertower/REFUGE/Train/REFUGE1-val/REFUGE-Validation400/V0184.jpg,/home/rpotter/hypertower/REFUGE/Train/REFUGE1-val/Disc_Cup_Masks/V0184.bmp,/home/rpotter/hypertower/REFUGE/Train/REFUGE1-val/Disc_Cup_Masks/V0184.bmp,mask,mask,val
refuge1_val_V0185,refuge,/home/rpotter/hypertower/REFUGE/Train/REFUGE1-val/REFUGE-Validation400/V0185.jpg,/home/rpotter/hypertower/REFUGE/Train/REFUGE1-val/Disc_Cup_Masks/V0185.bmp,/home/rpotter/hypertower/REFUGE/Train/REFUGE1-val/Disc_Cup_Masks/V0185.bmp,mask,mask,val
refuge1_val_V0186,refuge,/home/rpotter/hypertower/REFUGE/Train/REFUGE1-val/REFUGE-Validation400/V0186.jpg,/home/rpotter/hypertower/REFUGE/Train/REFUGE1-val/Disc_Cup_Masks/V0186.bmp,/home/rpotter/hypertower/REFUGE/Train/REFUGE1-val/Disc_Cup_Masks/V0186.bmp,mask,mask,val
refuge1_val_V0187,refuge,/home/rpotter/hypertower/REFUGE/Train/REFUGE1-val/REFUGE-Validation400/V0187.jpg,/home/rpotter/hypertower/REFUGE/Train/REFUGE1-val/Disc_Cup_Masks/V0187.bmp,/home/rpotter/hypertower/REFUGE/Train/REFUGE1-val/Disc_Cup_Masks/V0187.bmp,mask,mask,val
refuge1_val_V0188,refuge,/home/rpotter/hypertower/REFUGE/Train/REFUGE1-val/REFUGE-Validation400/V0188.jpg,/home/rpotter/hypertower/REFUGE/Train/REFUGE1-val/Disc_Cup_Masks/V0188.bmp,/home/rpotter/hypertower/REFUGE/Train/REFUGE1-val/Disc_Cup_Masks/V0188.bmp,mask,mask,val
refuge1_val_V0189,refuge,/home/rpotter/hypertower/REFUGE/Train/REFUGE1-val/REFUGE-Validation400/V0189.jpg,/home/rpotter/hypertower/REFUGE/Train/REFUGE1-val/Disc_Cup_Masks/V0189.bmp,/home/rpotter/hypertower/REFUGE/Train/REFUGE1-val/Disc_Cup_Masks/V0189.bmp,mask,mask,val
refuge1_val_V0190,refuge,/home/rpotter/hypertower/REFUGE/Train/REFUGE1-val/REFUGE-Validation400/V0190.jpg,/home/rpotter/hypertower/REFUGE/Train/REFUGE1-val/Disc_Cup_Masks/V0190.bmp,/home/rpotter/hypertower/REFUGE/Train/REFUGE1-val/Disc_Cup_Masks/V0190.bmp,mask,mask,val
refuge1_val_V0191,refuge,/home/rpotter/hypertower/REFUGE/Train/REFUGE1-val/REFUGE-Validation400/V0191.jpg,/home/rpotter/hypertower/REFUGE/Train/REFUGE1-val/Disc_Cup_Masks/V0191.bmp,/home/rpotter/hypertower/REFUGE/Train/REFUGE1-val/Disc_Cup_Masks/V0191.bmp,mask,mask,val
refuge1_val_V0192,refuge,/home/rpotter/hypertower/REFUGE/Train/REFUGE1-val/REFUGE-Validation400/V0192.jpg,/home/rpotter/hypertower/REFUGE/Train/REFUGE1-val/Disc_Cup_Masks/V0192.bmp,/home/rpotter/hypertower/REFUGE/Train/REFUGE1-val/Disc_Cup_Masks/V0192.bmp,mask,mask,val
refuge1_val_V0193,refuge,/home/rpotter/hypertower/REFUGE/Train/REFUGE1-val/REFUGE-Validation400/V0193.jpg,/home/rpotter/hypertower/REFUGE/Train/REFUGE1-val/Disc_Cup_Masks/V0193.bmp,/home/rpotter/hypertower/REFUGE/Train/REFUGE1-val/Disc_Cup_Masks/V0193.bmp,mask,mask,val
refuge1_val_V0194,refuge,/home/rpotter/hypertower/REFUGE/Train/REFUGE1-val/REFUGE-Validation400/V0194.jpg,/home/rpotter/hypertower/REFUGE/Train/REFUGE1-val/Disc_Cup_Masks/V0194.bmp,/home/rpotter/hypertower/REFUGE/Train/REFUGE1-val/Disc_Cup_Masks/V0194.bmp,mask,mask,val
refuge1_val_V0195,refuge,/home/rpotter/hypertower/REFUGE/Train/REFUGE1-val/REFUGE-Validation400/V0195.jpg,/home/rpotter/hypertower/REFUGE/Train/REFUGE1-val/Disc_Cup_Masks/V0195.bmp,/home/rpotter/hypertower/REFUGE/Train/REFUGE1-val/Disc_Cup_Masks/V0195.bmp,mask,mask,val
refuge1_val_V0196,refuge,/home/rpotter/hypertower/REFUGE/Train/REFUGE1-val/REFUGE-Validation400/V0196.jpg,/home/rpotter/hypertower/REFUGE/Train/REFUGE1-val/Disc_Cup_Masks/V0196.bmp,/home/rpotter/hypertower/REFUGE/Train/REFUGE1-val/Disc_Cup_Masks/V0196.bmp,mask,mask,val
refuge1_val_V0197,refuge,/home/rpotter/hypertower/REFUGE/Train/REFUGE1-val/REFUGE-Validation400/V0197.jpg,/home/rpotter/hypertower/REFUGE/Train/REFUGE1-val/Disc_Cup_Masks/V0197.bmp,/home/rpotter/hypertower/REFUGE/Train/REFUGE1-val/Disc_Cup_Masks/V0197.bmp,mask,mask,val
refuge1_val_V0198,refuge,/home/rpotter/hypertower/REFUGE/Train/REFUGE1-val/REFUGE-Validation400/V0198.jpg,/home/rpotter/hypertower/REFUGE/Train/REFUGE1-val/Disc_Cup_Masks/V0198.bmp,/home/rpotter/hypertower/REFUGE/Train/REFUGE1-val/Disc_Cup_Masks/V0198.bmp,mask,mask,val
refuge1_val_V0199,refuge,/home/rpotter/hypertower/REFUGE/Train/REFUGE1-val/REFUGE-Validation400/V0199.jpg,/home/rpotter/hypertower/REFUGE/Train/REFUGE1-val/Disc_Cup_Masks/V0199.bmp,/home/rpotter/hypertower/REFUGE/Train/REFUGE1-val/Disc_Cup_Masks/V0199.bmp,mask,mask,val
refuge1_val_V0200,refuge,/home/rpotter/hypertower/REFUGE/Train/REFUGE1-val/REFUGE-Validation400/V0200.jpg,/home/rpotter/hypertower/REFUGE/Train/REFUGE1-val/Disc_Cup_Masks/V0200.bmp,/home/rpotter/hypertower/REFUGE/Train/REFUGE1-val/Disc_Cup_Masks/V0200.bmp,mask,mask,val
refuge1_val_V0201,refuge,/home/rpotter/hypertower/REFUGE/Train/REFUGE1-val/REFUGE-Validation400/V0201.jpg,/home/rpotter/hypertower/REFUGE/Train/REFUGE1-val/Disc_Cup_Masks/V0201.bmp,/home/rpotter/hypertower/REFUGE/Train/REFUGE1-val/Disc_Cup_Masks/V0201.bmp,mask,mask,val
refuge1_val_V0202,refuge,/home/rpotter/hypertower/REFUGE/Train/REFUGE1-val/REFUGE-Validation400/V0202.jpg,/home/rpotter/hypertower/REFUGE/Train/REFUGE1-val/Disc_Cup_Masks/V0202.bmp,/home/rpotter/hypertower/REFUGE/Train/REFUGE1-val/Disc_Cup_Masks/V0202.bmp,mask,mask,val
refuge1_val_V0203,refuge,/home/rpotter/hypertower/REFUGE/Train/REFUGE1-val/REFUGE-Validation400/V0203.jpg,/home/rpotter/hypertower/REFUGE/Train/REFUGE1-val/Disc_Cup_Masks/V0203.bmp,/home/rpotter/hypertower/REFUGE/Train/REFUGE1-val/Disc_Cup_Masks/V0203.bmp,mask,mask,val
refuge1_val_V0204,refuge,/home/rpotter/hypertower/REFUGE/Train/REFUGE1-val/REFUGE-Validation400/V0204.jpg,/home/rpotter/hypertower/REFUGE/Train/REFUGE1-val/Disc_Cup_Masks/V0204.bmp,/home/rpotter/hypertower/REFUGE/Train/REFUGE1-val/Disc_Cup_Masks/V0204.bmp,mask,mask,val
refuge1_val_V0205,refuge,/home/rpotter/hypertower/REFUGE/Train/REFUGE1-val/REFUGE-Validation400/V0205.jpg,/home/rpotter/hypertower/REFUGE/Train/REFUGE1-val/Disc_Cup_Masks/V0205.bmp,/home/rpotter/hypertower/REFUGE/Train/REFUGE1-val/Disc_Cup_Masks/V0205.bmp,mask,mask,val
refuge1_val_V0206,refuge,/home/rpotter/hypertower/REFUGE/Train/REFUGE1-val/REFUGE-Validation400/V0206.jpg,/home/rpotter/hypertower/REFUGE/Train/REFUGE1-val/Disc_Cup_Masks/V0206.bmp,/home/rpotter/hypertower/REFUGE/Train/REFUGE1-val/Disc_Cup_Masks/V0206.bmp,mask,mask,val
refuge1_val_V0207,refuge,/home/rpotter/hypertower/REFUGE/Train/REFUGE1-val/REFUGE-Validation400/V0207.jpg,/home/rpotter/hypertower/REFUGE/Train/REFUGE1-val/Disc_Cup_Masks/V0207.bmp,/home/rpotter/hypertower/REFUGE/Train/REFUGE1-val/Disc_Cup_Masks/V0207.bmp,mask,mask,val
refuge1_val_V0208,refuge,/home/rpotter/hypertower/REFUGE/Train/REFUGE1-val/REFUGE-Validation400/V0208.jpg,/home/rpotter/hypertower/REFUGE/Train/REFUGE1-val/Disc_Cup_Masks/V0208.bmp,/home/rpotter/hypertower/REFUGE/Train/REFUGE1-val/Disc_Cup_Masks/V0208.bmp,mask,mask,val
refuge1_val_V0209,refuge,/home/rpotter/hypertower/REFUGE/Train/REFUGE1-val/REFUGE-Validation400/V0209.jpg,/home/rpotter/hypertower/REFUGE/Train/REFUGE1-val/Disc_Cup_Masks/V0209.bmp,/home/rpotter/hypertower/REFUGE/Train/REFUGE1-val/Disc_Cup_Masks/V0209.bmp,mask,mask,val
refuge1_val_V0210,refuge,/home/rpotter/hypertower/REFUGE/Train/REFUGE1-val/REFUGE-Validation400/V0210.jpg,/home/rpotter/hypertower/REFUGE/Train/REFUGE1-val/Disc_Cup_Masks/V0210.bmp,/home/rpotter/hypertower/REFUGE/Train/REFUGE1-val/Disc_Cup_Masks/V0210.bmp,mask,mask,val
refuge1_val_V0211,refuge,/home/rpotter/hypertower/REFUGE/Train/REFUGE1-val/REFUGE-Validation400/V0211.jpg,/home/rpotter/hypertower/REFUGE/Train/REFUGE1-val/Disc_Cup_Masks/V0211.bmp,/home/rpotter/hypertower/REFUGE/Train/REFUGE1-val/Disc_Cup_Masks/V0211.bmp,mask,mask,val
refuge1_val_V0212,refuge,/home/rpotter/hypertower/REFUGE/Train/REFUGE1-val/REFUGE-Validation400/V0212.jpg,/home/rpotter/hypertower/REFUGE/Train/REFUGE1-val/Disc_Cup_Masks/V0212.bmp,/home/rpotter/hypertower/REFUGE/Train/REFUGE1-val/Disc_Cup_Masks/V0212.bmp,mask,mask,val
refuge1_val_V0213,refuge,/home/rpotter/hypertower/REFUGE/Train/REFUGE1-val/REFUGE-Validation400/V0213.jpg,/home/rpotter/hypertower/REFUGE/Train/REFUGE1-val/Disc_Cup_Masks/V0213.bmp,/home/rpotter/hypertower/REFUGE/Train/REFUGE1-val/Disc_Cup_Masks/V0213.bmp,mask,mask,val
refuge1_val_V0214,refuge,/home/rpotter/hypertower/REFUGE/Train/REFUGE1-val/REFUGE-Validation400/V0214.jpg,/home/rpotter/hypertower/REFUGE/Train/REFUGE1-val/Disc_Cup_Masks/V0214.bmp,/home/rpotter/hypertower/REFUGE/Train/REFUGE1-val/Disc_Cup_Masks/V0214.bmp,mask,mask,val
refuge1_val_V0215,refuge,/home/rpotter/hypertower/REFUGE/Train/REFUGE1-val/REFUGE-Validation400/V0215.jpg,/home/rpotter/hypertower/REFUGE/Train/REFUGE1-val/Disc_Cup_Masks/V0215.bmp,/home/rpotter/hypertower/REFUGE/Train/REFUGE1-val/Disc_Cup_Masks/V0215.bmp,mask,mask,val
refuge1_val_V0216,refuge,/home/rpotter/hypertower/REFUGE/Train/REFUGE1-val/REFUGE-Validation400/V0216.jpg,/home/rpotter/hypertower/REFUGE/Train/REFUGE1-val/Disc_Cup_Masks/V0216.bmp,/home/rpotter/hypertower/REFUGE/Train/REFUGE1-val/Disc_Cup_Masks/V0216.bmp,mask,mask,val
refuge1_val_V0217,refuge,/home/rpotter/hypertower/REFUGE/Train/REFUGE1-val/REFUGE-Validation400/V0217.jpg,/home/rpotter/hypertower/REFUGE/Train/REFUGE1-val/Disc_Cup_Masks/V0217.bmp,/home/rpotter/hypertower/REFUGE/Train/REFUGE1-val/Disc_Cup_Masks/V0217.bmp,mask,mask,val
refuge1_val_V0218,refuge,/home/rpotter/hypertower/REFUGE/Train/REFUGE1-val/REFUGE-Validation400/V0218.jpg,/home/rpotter/hypertower/REFUGE/Train/REFUGE1-val/Disc_Cup_Masks/V0218.bmp,/home/rpotter/hypertower/REFUGE/Train/REFUGE1-val/Disc_Cup_Masks/V0218.bmp,mask,mask,val
refuge1_val_V0219,refuge,/home/rpotter/hypertower/REFUGE/Train/REFUGE1-val/REFUGE-Validation400/V0219.jpg,/home/rpotter/hypertower/REFUGE/Train/REFUGE1-val/Disc_Cup_Masks/V0219.bmp,/home/rpotter/hypertower/REFUGE/Train/REFUGE1-val/Disc_Cup_Masks/V0219.bmp,mask,mask,val
refuge1_val_V0220,refuge,/home/rpotter/hypertower/REFUGE/Train/REFUGE1-val/REFUGE-Validation400/V0220.jpg,/home/rpotter/hypertower/REFUGE/Train/REFUGE1-val/Disc_Cup_Masks/V0220.bmp,/home/rpotter/hypertower/REFUGE/Train/REFUGE1-val/Disc_Cup_Masks/V0220.bmp,mask,mask,val
refuge1_val_V0221,refuge,/home/rpotter/hypertower/REFUGE/Train/REFUGE1-val/REFUGE-Validation400/V0221.jpg,/home/rpotter/hypertower/REFUGE/Train/REFUGE1-val/Disc_Cup_Masks/V0221.bmp,/home/rpotter/hypertower/REFUGE/Train/REFUGE1-val/Disc_Cup_Masks/V0221.bmp,mask,mask,val
refuge1_val_V0222,refuge,/home/rpotter/hypertower/REFUGE/Train/REFUGE1-val/REFUGE-Validation400/V0222.jpg,/home/rpotter/hypertower/REFUGE/Train/REFUGE1-val/Disc_Cup_Masks/V0222.bmp,/home/rpotter/hypertower/REFUGE/Train/REFUGE1-val/Disc_Cup_Masks/V0222.bmp,mask,mask,val
refuge1_val_V0223,refuge,/home/rpotter/hypertower/REFUGE/Train/REFUGE1-val/REFUGE-Validation400/V0223.jpg,/home/rpotter/hypertower/REFUGE/Train/REFUGE1-val/Disc_Cup_Masks/V0223.bmp,/home/rpotter/hypertower/REFUGE/Train/REFUGE1-val/Disc_Cup_Masks/V0223.bmp,mask,mask,val
refuge1_val_V0224,refuge,/home/rpotter/hypertower/REFUGE/Train/REFUGE1-val/REFUGE-Validation400/V0224.jpg,/home/rpotter/hypertower/REFUGE/Train/REFUGE1-val/Disc_Cup_Masks/V0224.bmp,/home/rpotter/hypertower/REFUGE/Train/REFUGE1-val/Disc_Cup_Masks/V0224.bmp,mask,mask,val
refuge1_val_V0225,refuge,/home/rpotter/hypertower/REFUGE/Train/REFUGE1-val/REFUGE-Validation400/V0225.jpg,/home/rpotter/hypertower/REFUGE/Train/REFUGE1-val/Disc_Cup_Masks/V0225.bmp,/home/rpotter/hypertower/REFUGE/Train/REFUGE1-val/Disc_Cup_Masks/V0225.bmp,mask,mask,val
refuge1_val_V0226,refuge,/home/rpotter/hypertower/REFUGE/Train/REFUGE1-val/REFUGE-Validation400/V0226.jpg,/home/rpotter/hypertower/REFUGE/Train/REFUGE1-val/Disc_Cup_Masks/V0226.bmp,/home/rpotter/hypertower/REFUGE/Train/REFUGE1-val/Disc_Cup_Masks/V0226.bmp,mask,mask,val
refuge1_val_V0227,refuge,/home/rpotter/hypertower/REFUGE/Train/REFUGE1-val/REFUGE-Validation400/V0227.jpg,/home/rpotter/hypertower/REFUGE/Train/REFUGE1-val/Disc_Cup_Masks/V0227.bmp,/home/rpotter/hypertower/REFUGE/Train/REFUGE1-val/Disc_Cup_Masks/V0227.bmp,mask,mask,val
refuge1_val_V0228,refuge,/home/rpotter/hypertower/REFUGE/Train/REFUGE1-val/REFUGE-Validation400/V0228.jpg,/home/rpotter/hypertower/REFUGE/Train/REFUGE1-val/Disc_Cup_Masks/V0228.bmp,/home/rpotter/hypertower/REFUGE/Train/REFUGE1-val/Disc_Cup_Masks/V0228.bmp,mask,mask,val
refuge1_val_V0229,refuge,/home/rpotter/hypertower/REFUGE/Train/REFUGE1-val/REFUGE-Validation400/V0229.jpg,/home/rpotter/hypertower/REFUGE/Train/REFUGE1-val/Disc_Cup_Masks/V0229.bmp,/home/rpotter/hypertower/REFUGE/Train/REFUGE1-val/Disc_Cup_Masks/V0229.bmp,mask,mask,val
refuge1_val_V0230,refuge,/home/rpotter/hypertower/REFUGE/Train/REFUGE1-val/REFUGE-Validation400/V0230.jpg,/home/rpotter/hypertower/REFUGE/Train/REFUGE1-val/Disc_Cup_Masks/V0230.bmp,/home/rpotter/hypertower/REFUGE/Train/REFUGE1-val/Disc_Cup_Masks/V0230.bmp,mask,mask,val
refuge1_val_V0231,refuge,/home/rpotter/hypertower/REFUGE/Train/REFUGE1-val/REFUGE-Validation400/V0231.jpg,/home/rpotter/hypertower/REFUGE/Train/REFUGE1-val/Disc_Cup_Masks/V0231.bmp,/home/rpotter/hypertower/REFUGE/Train/REFUGE1-val/Disc_Cup_Masks/V0231.bmp,mask,mask,val
refuge1_val_V0232,refuge,/home/rpotter/hypertower/REFUGE/Train/REFUGE1-val/REFUGE-Validation400/V0232.jpg,/home/rpotter/hypertower/REFUGE/Train/REFUGE1-val/Disc_Cup_Masks/V0232.bmp,/home/rpotter/hypertower/REFUGE/Train/REFUGE1-val/Disc_Cup_Masks/V0232.bmp,mask,mask,val
refuge1_val_V0233,refuge,/home/rpotter/hypertower/REFUGE/Train/REFUGE1-val/REFUGE-Validation400/V0233.jpg,/home/rpotter/hypertower/REFUGE/Train/REFUGE1-val/Disc_Cup_Masks/V0233.bmp,/home/rpotter/hypertower/REFUGE/Train/REFUGE1-val/Disc_Cup_Masks/V0233.bmp,mask,mask,val
refuge1_val_V0234,refuge,/home/rpotter/hypertower/REFUGE/Train/REFUGE1-val/REFUGE-Validation400/V0234.jpg,/home/rpotter/hypertower/REFUGE/Train/REFUGE1-val/Disc_Cup_Masks/V0234.bmp,/home/rpotter/hypertower/REFUGE/Train/REFUGE1-val/Disc_Cup_Masks/V0234.bmp,mask,mask,val
refuge1_val_V0235,refuge,/home/rpotter/hypertower/REFUGE/Train/REFUGE1-val/REFUGE-Validation400/V0235.jpg,/home/rpotter/hypertower/REFUGE/Train/REFUGE1-val/Disc_Cup_Masks/V0235.bmp,/home/rpotter/hypertower/REFUGE/Train/REFUGE1-val/Disc_Cup_Masks/V0235.bmp,mask,mask,val
refuge1_val_V0236,refuge,/home/rpotter/hypertower/REFUGE/Train/REFUGE1-val/REFUGE-Validation400/V0236.jpg,/home/rpotter/hypertower/REFUGE/Train/REFUGE1-val/Disc_Cup_Masks/V0236.bmp,/home/rpotter/hypertower/REFUGE/Train/REFUGE1-val/Disc_Cup_Masks/V0236.bmp,mask,mask,val
refuge1_val_V0237,refuge,/home/rpotter/hypertower/REFUGE/Train/REFUGE1-val/REFUGE-Validation400/V0237.jpg,/home/rpotter/hypertower/REFUGE/Train/REFUGE1-val/Disc_Cup_Masks/V0237.bmp,/home/rpotter/hypertower/REFUGE/Train/REFUGE1-val/Disc_Cup_Masks/V0237.bmp,mask,mask,val
refuge1_val_V0238,refuge,/home/rpotter/hypertower/REFUGE/Train/REFUGE1-val/REFUGE-Validation400/V0238.jpg,/home/rpotter/hypertower/REFUGE/Train/REFUGE1-val/Disc_Cup_Masks/V0238.bmp,/home/rpotter/hypertower/REFUGE/Train/REFUGE1-val/Disc_Cup_Masks/V0238.bmp,mask,mask,val
refuge1_val_V0239,refuge,/home/rpotter/hypertower/REFUGE/Train/REFUGE1-val/REFUGE-Validation400/V0239.jpg,/home/rpotter/hypertower/REFUGE/Train/REFUGE1-val/Disc_Cup_Masks/V0239.bmp,/home/rpotter/hypertower/REFUGE/Train/REFUGE1-val/Disc_Cup_Masks/V0239.bmp,mask,mask,val
refuge1_val_V0240,refuge,/home/rpotter/hypertower/REFUGE/Train/REFUGE1-val/REFUGE-Validation400/V0240.jpg,/home/rpotter/hypertower/REFUGE/Train/REFUGE1-val/Disc_Cup_Masks/V0240.bmp,/home/rpotter/hypertower/REFUGE/Train/REFUGE1-val/Disc_Cup_Masks/V0240.bmp,mask,mask,val
refuge1_val_V0241,refuge,/home/rpotter/hypertower/REFUGE/Train/REFUGE1-val/REFUGE-Validation400/V0241.jpg,/home/rpotter/hypertower/REFUGE/Train/REFUGE1-val/Disc_Cup_Masks/V0241.bmp,/home/rpotter/hypertower/REFUGE/Train/REFUGE1-val/Disc_Cup_Masks/V0241.bmp,mask,mask,val
refuge1_val_V0242,refuge,/home/rpotter/hypertower/REFUGE/Train/REFUGE1-val/REFUGE-Validation400/V0242.jpg,/home/rpotter/hypertower/REFUGE/Train/REFUGE1-val/Disc_Cup_Masks/V0242.bmp,/home/rpotter/hypertower/REFUGE/Train/REFUGE1-val/Disc_Cup_Masks/V0242.bmp,mask,mask,val
refuge1_val_V0243,refuge,/home/rpotter/hypertower/REFUGE/Train/REFUGE1-val/REFUGE-Validation400/V0243.jpg,/home/rpotter/hypertower/REFUGE/Train/REFUGE1-val/Disc_Cup_Masks/V0243.bmp,/home/rpotter/hypertower/REFUGE/Train/REFUGE1-val/Disc_Cup_Masks/V0243.bmp,mask,mask,val
refuge1_val_V0244,refuge,/home/rpotter/hypertower/REFUGE/Train/REFUGE1-val/REFUGE-Validation400/V0244.jpg,/home/rpotter/hypertower/REFUGE/Train/REFUGE1-val/Disc_Cup_Masks/V0244.bmp,/home/rpotter/hypertower/REFUGE/Train/REFUGE1-val/Disc_Cup_Masks/V0244.bmp,mask,mask,val
refuge1_val_V0245,refuge,/home/rpotter/hypertower/REFUGE/Train/REFUGE1-val/REFUGE-Validation400/V0245.jpg,/home/rpotter/hypertower/REFUGE/Train/REFUGE1-val/Disc_Cup_Masks/V0245.bmp,/home/rpotter/hypertower/REFUGE/Train/REFUGE1-val/Disc_Cup_Masks/V0245.bmp,mask,mask,val
refuge1_val_V0246,refuge,/home/rpotter/hypertower/REFUGE/Train/REFUGE1-val/REFUGE-Validation400/V0246.jpg,/home/rpotter/hypertower/REFUGE/Train/REFUGE1-val/Disc_Cup_Masks/V0246.bmp,/home/rpotter/hypertower/REFUGE/Train/REFUGE1-val/Disc_Cup_Masks/V0246.bmp,mask,mask,val
refuge1_val_V0247,refuge,/home/rpotter/hypertower/REFUGE/Train/REFUGE1-val/REFUGE-Validation400/V0247.jpg,/home/rpotter/hypertower/REFUGE/Train/REFUGE1-val/Disc_Cup_Masks/V0247.bmp,/home/rpotter/hypertower/REFUGE/Train/REFUGE1-val/Disc_Cup_Masks/V0247.bmp,mask,mask,val
refuge1_val_V0248,refuge,/home/rpotter/hypertower/REFUGE/Train/REFUGE1-val/REFUGE-Validation400/V0248.jpg,/home/rpotter/hypertower/REFUGE/Train/REFUGE1-val/Disc_Cup_Masks/V0248.bmp,/home/rpotter/hypertower/REFUGE/Train/REFUGE1-val/Disc_Cup_Masks/V0248.bmp,mask,mask,val
refuge1_val_V0249,refuge,/home/rpotter/hypertower/REFUGE/Train/REFUGE1-val/REFUGE-Validation400/V0249.jpg,/home/rpotter/hypertower/REFUGE/Train/REFUGE1-val/Disc_Cup_Masks/V0249.bmp,/home/rpotter/hypertower/REFUGE/Train/REFUGE1-val/Disc_Cup_Masks/V0249.bmp,mask,mask,val
refuge1_val_V0250,refuge,/home/rpotter/hypertower/REFUGE/Train/REFUGE1-val/REFUGE-Validation400/V0250.jpg,/home/rpotter/hypertower/REFUGE/Train/REFUGE1-val/Disc_Cup_Masks/V0250.bmp,/home/rpotter/hypertower/REFUGE/Train/REFUGE1-val/Disc_Cup_Masks/V0250.bmp,mask,mask,val
refuge1_val_V0251,refuge,/home/rpotter/hypertower/REFUGE/Train/REFUGE1-val/REFUGE-Validation400/V0251.jpg,/home/rpotter/hypertower/REFUGE/Train/REFUGE1-val/Disc_Cup_Masks/V0251.bmp,/home/rpotter/hypertower/REFUGE/Train/REFUGE1-val/Disc_Cup_Masks/V0251.bmp,mask,mask,val
refuge1_val_V0252,refuge,/home/rpotter/hypertower/REFUGE/Train/REFUGE1-val/REFUGE-Validation400/V0252.jpg,/home/rpotter/hypertower/REFUGE/Train/REFUGE1-val/Disc_Cup_Masks/V0252.bmp,/home/rpotter/hypertower/REFUGE/Train/REFUGE1-val/Disc_Cup_Masks/V0252.bmp,mask,mask,val
refuge1_val_V0253,refuge,/home/rpotter/hypertower/REFUGE/Train/REFUGE1-val/REFUGE-Validation400/V0253.jpg,/home/rpotter/hypertower/REFUGE/Train/REFUGE1-val/Disc_Cup_Masks/V0253.bmp,/home/rpotter/hypertower/REFUGE/Train/REFUGE1-val/Disc_Cup_Masks/V0253.bmp,mask,mask,val
refuge1_val_V0254,refuge,/home/rpotter/hypertower/REFUGE/Train/REFUGE1-val/REFUGE-Validation400/V0254.jpg,/home/rpotter/hypertower/REFUGE/Train/REFUGE1-val/Disc_Cup_Masks/V0254.bmp,/home/rpotter/hypertower/REFUGE/Train/REFUGE1-val/Disc_Cup_Masks/V0254.bmp,mask,mask,val
refuge1_val_V0255,refuge,/home/rpotter/hypertower/REFUGE/Train/REFUGE1-val/REFUGE-Validation400/V0255.jpg,/home/rpotter/hypertower/REFUGE/Train/REFUGE1-val/Disc_Cup_Masks/V0255.bmp,/home/rpotter/hypertower/REFUGE/Train/REFUGE1-val/Disc_Cup_Masks/V0255.bmp,mask,mask,val
refuge1_val_V0256,refuge,/home/rpotter/hypertower/REFUGE/Train/REFUGE1-val/REFUGE-Validation400/V0256.jpg,/home/rpotter/hypertower/REFUGE/Train/REFUGE1-val/Disc_Cup_Masks/V0256.bmp,/home/rpotter/hypertower/REFUGE/Train/REFUGE1-val/Disc_Cup_Masks/V0256.bmp,mask,mask,val
refuge1_val_V0257,refuge,/home/rpotter/hypertower/REFUGE/Train/REFUGE1-val/REFUGE-Validation400/V0257.jpg,/home/rpotter/hypertower/REFUGE/Train/REFUGE1-val/Disc_Cup_Masks/V0257.bmp,/home/rpotter/hypertower/REFUGE/Train/REFUGE1-val/Disc_Cup_Masks/V0257.bmp,mask,mask,val
refuge1_val_V0258,refuge,/home/rpotter/hypertower/REFUGE/Train/REFUGE1-val/REFUGE-Validation400/V0258.jpg,/home/rpotter/hypertower/REFUGE/Train/REFUGE1-val/Disc_Cup_Masks/V0258.bmp,/home/rpotter/hypertower/REFUGE/Train/REFUGE1-val/Disc_Cup_Masks/V0258.bmp,mask,mask,val
refuge1_val_V0259,refuge,/home/rpotter/hypertower/REFUGE/Train/REFUGE1-val/REFUGE-Validation400/V0259.jpg,/home/rpotter/hypertower/REFUGE/Train/REFUGE1-val/Disc_Cup_Masks/V0259.bmp,/home/rpotter/hypertower/REFUGE/Train/REFUGE1-val/Disc_Cup_Masks/V0259.bmp,mask,mask,val
refuge1_val_V0260,refuge,/home/rpotter/hypertower/REFUGE/Train/REFUGE1-val/REFUGE-Validation400/V0260.jpg,/home/rpotter/hypertower/REFUGE/Train/REFUGE1-val/Disc_Cup_Masks/V0260.bmp,/home/rpotter/hypertower/REFUGE/Train/REFUGE1-val/Disc_Cup_Masks/V0260.bmp,mask,mask,val
refuge1_val_V0261,refuge,/home/rpotter/hypertower/REFUGE/Train/REFUGE1-val/REFUGE-Validation400/V0261.jpg,/home/rpotter/hypertower/REFUGE/Train/REFUGE1-val/Disc_Cup_Masks/V0261.bmp,/home/rpotter/hypertower/REFUGE/Train/REFUGE1-val/Disc_Cup_Masks/V0261.bmp,mask,mask,val
refuge1_val_V0262,refuge,/home/rpotter/hypertower/REFUGE/Train/REFUGE1-val/REFUGE-Validation400/V0262.jpg,/home/rpotter/hypertower/REFUGE/Train/REFUGE1-val/Disc_Cup_Masks/V0262.bmp,/home/rpotter/hypertower/REFUGE/Train/REFUGE1-val/Disc_Cup_Masks/V0262.bmp,mask,mask,val
refuge1_val_V0263,refuge,/home/rpotter/hypertower/REFUGE/Train/REFUGE1-val/REFUGE-Validation400/V0263.jpg,/home/rpotter/hypertower/REFUGE/Train/REFUGE1-val/Disc_Cup_Masks/V0263.bmp,/home/rpotter/hypertower/REFUGE/Train/REFUGE1-val/Disc_Cup_Masks/V0263.bmp,mask,mask,val
refuge1_val_V0264,refuge,/home/rpotter/hypertower/REFUGE/Train/REFUGE1-val/REFUGE-Validation400/V0264.jpg,/home/rpotter/hypertower/REFUGE/Train/REFUGE1-val/Disc_Cup_Masks/V0264.bmp,/home/rpotter/hypertower/REFUGE/Train/REFUGE1-val/Disc_Cup_Masks/V0264.bmp,mask,mask,val
refuge1_val_V0265,refuge,/home/rpotter/hypertower/REFUGE/Train/REFUGE1-val/REFUGE-Validation400/V0265.jpg,/home/rpotter/hypertower/REFUGE/Train/REFUGE1-val/Disc_Cup_Masks/V0265.bmp,/home/rpotter/hypertower/REFUGE/Train/REFUGE1-val/Disc_Cup_Masks/V0265.bmp,mask,mask,val
refuge1_val_V0266,refuge,/home/rpotter/hypertower/REFUGE/Train/REFUGE1-val/REFUGE-Validation400/V0266.jpg,/home/rpotter/hypertower/REFUGE/Train/REFUGE1-val/Disc_Cup_Masks/V0266.bmp,/home/rpotter/hypertower/REFUGE/Train/REFUGE1-val/Disc_Cup_Masks/V0266.bmp,mask,mask,val
refuge1_val_V0267,refuge,/home/rpotter/hypertower/REFUGE/Train/REFUGE1-val/REFUGE-Validation400/V0267.jpg,/home/rpotter/hypertower/REFUGE/Train/REFUGE1-val/Disc_Cup_Masks/V0267.bmp,/home/rpotter/hypertower/REFUGE/Train/REFUGE1-val/Disc_Cup_Masks/V0267.bmp,mask,mask,val
refuge1_val_V0268,refuge,/home/rpotter/hypertower/REFUGE/Train/REFUGE1-val/REFUGE-Validation400/V0268.jpg,/home/rpotter/hypertower/REFUGE/Train/REFUGE1-val/Disc_Cup_Masks/V0268.bmp,/home/rpotter/hypertower/REFUGE/Train/REFUGE1-val/Disc_Cup_Masks/V0268.bmp,mask,mask,val
refuge1_val_V0269,refuge,/home/rpotter/hypertower/REFUGE/Train/REFUGE1-val/REFUGE-Validation400/V0269.jpg,/home/rpotter/hypertower/REFUGE/Train/REFUGE1-val/Disc_Cup_Masks/V0269.bmp,/home/rpotter/hypertower/REFUGE/Train/REFUGE1-val/Disc_Cup_Masks/V0269.bmp,mask,mask,val
refuge1_val_V0270,refuge,/home/rpotter/hypertower/REFUGE/Train/REFUGE1-val/REFUGE-Validation400/V0270.jpg,/home/rpotter/hypertower/REFUGE/Train/REFUGE1-val/Disc_Cup_Masks/V0270.bmp,/home/rpotter/hypertower/REFUGE/Train/REFUGE1-val/Disc_Cup_Masks/V0270.bmp,mask,mask,val
refuge1_val_V0271,refuge,/home/rpotter/hypertower/REFUGE/Train/REFUGE1-val/REFUGE-Validation400/V0271.jpg,/home/rpotter/hypertower/REFUGE/Train/REFUGE1-val/Disc_Cup_Masks/V0271.bmp,/home/rpotter/hypertower/REFUGE/Train/REFUGE1-val/Disc_Cup_Masks/V0271.bmp,mask,mask,val
refuge1_val_V0272,refuge,/home/rpotter/hypertower/REFUGE/Train/REFUGE1-val/REFUGE-Validation400/V0272.jpg,/home/rpotter/hypertower/REFUGE/Train/REFUGE1-val/Disc_Cup_Masks/V0272.bmp,/home/rpotter/hypertower/REFUGE/Train/REFUGE1-val/Disc_Cup_Masks/V0272.bmp,mask,mask,val
refuge1_val_V0273,refuge,/home/rpotter/hypertower/REFUGE/Train/REFUGE1-val/REFUGE-Validation400/V0273.jpg,/home/rpotter/hypertower/REFUGE/Train/REFUGE1-val/Disc_Cup_Masks/V0273.bmp,/home/rpotter/hypertower/REFUGE/Train/REFUGE1-val/Disc_Cup_Masks/V0273.bmp,mask,mask,val
refuge1_val_V0274,refuge,/home/rpotter/hypertower/REFUGE/Train/REFUGE1-val/REFUGE-Validation400/V0274.jpg,/home/rpotter/hypertower/REFUGE/Train/REFUGE1-val/Disc_Cup_Masks/V0274.bmp,/home/rpotter/hypertower/REFUGE/Train/REFUGE1-val/Disc_Cup_Masks/V0274.bmp,mask,mask,val
refuge1_val_V0275,refuge,/home/rpotter/hypertower/REFUGE/Train/REFUGE1-val/REFUGE-Validation400/V0275.jpg,/home/rpotter/hypertower/REFUGE/Train/REFUGE1-val/Disc_Cup_Masks/V0275.bmp,/home/rpotter/hypertower/REFUGE/Train/REFUGE1-val/Disc_Cup_Masks/V0275.bmp,mask,mask,val
refuge1_val_V0276,refuge,/home/rpotter/hypertower/REFUGE/Train/REFUGE1-val/REFUGE-Validation400/V0276.jpg,/home/rpotter/hypertower/REFUGE/Train/REFUGE1-val/Disc_Cup_Masks/V0276.bmp,/home/rpotter/hypertower/REFUGE/Train/REFUGE1-val/Disc_Cup_Masks/V0276.bmp,mask,mask,val
refuge1_val_V0277,refuge,/home/rpotter/hypertower/REFUGE/Train/REFUGE1-val/REFUGE-Validation400/V0277.jpg,/home/rpotter/hypertower/REFUGE/Train/REFUGE1-val/Disc_Cup_Masks/V0277.bmp,/home/rpotter/hypertower/REFUGE/Train/REFUGE1-val/Disc_Cup_Masks/V0277.bmp,mask,mask,val
refuge1_val_V0278,refuge,/home/rpotter/hypertower/REFUGE/Train/REFUGE1-val/REFUGE-Validation400/V0278.jpg,/home/rpotter/hypertower/REFUGE/Train/REFUGE1-val/Disc_Cup_Masks/V0278.bmp,/home/rpotter/hypertower/REFUGE/Train/REFUGE1-val/Disc_Cup_Masks/V0278.bmp,mask,mask,val
refuge1_val_V0279,refuge,/home/rpotter/hypertower/REFUGE/Train/REFUGE1-val/REFUGE-Validation400/V0279.jpg,/home/rpotter/hypertower/REFUGE/Train/REFUGE1-val/Disc_Cup_Masks/V0279.bmp,/home/rpotter/hypertower/REFUGE/Train/REFUGE1-val/Disc_Cup_Masks/V0279.bmp,mask,mask,val
refuge1_val_V0280,refuge,/home/rpotter/hypertower/REFUGE/Train/REFUGE1-val/REFUGE-Validation400/V0280.jpg,/home/rpotter/hypertower/REFUGE/Train/REFUGE1-val/Disc_Cup_Masks/V0280.bmp,/home/rpotter/hypertower/REFUGE/Train/REFUGE1-val/Disc_Cup_Masks/V0280.bmp,mask,mask,val
refuge1_val_V0281,refuge,/home/rpotter/hypertower/REFUGE/Train/REFUGE1-val/REFUGE-Validation400/V0281.jpg,/home/rpotter/hypertower/REFUGE/Train/REFUGE1-val/Disc_Cup_Masks/V0281.bmp,/home/rpotter/hypertower/REFUGE/Train/REFUGE1-val/Disc_Cup_Masks/V0281.bmp,mask,mask,val
refuge1_val_V0282,refuge,/home/rpotter/hypertower/REFUGE/Train/REFUGE1-val/REFUGE-Validation400/V0282.jpg,/home/rpotter/hypertower/REFUGE/Train/REFUGE1-val/Disc_Cup_Masks/V0282.bmp,/home/rpotter/hypertower/REFUGE/Train/REFUGE1-val/Disc_Cup_Masks/V0282.bmp,mask,mask,val
refuge1_val_V0283,refuge,/home/rpotter/hypertower/REFUGE/Train/REFUGE1-val/REFUGE-Validation400/V0283.jpg,/home/rpotter/hypertower/REFUGE/Train/REFUGE1-val/Disc_Cup_Masks/V0283.bmp,/home/rpotter/hypertower/REFUGE/Train/REFUGE1-val/Disc_Cup_Masks/V0283.bmp,mask,mask,val
refuge1_val_V0284,refuge,/home/rpotter/hypertower/REFUGE/Train/REFUGE1-val/REFUGE-Validation400/V0284.jpg,/home/rpotter/hypertower/REFUGE/Train/REFUGE1-val/Disc_Cup_Masks/V0284.bmp,/home/rpotter/hypertower/REFUGE/Train/REFUGE1-val/Disc_Cup_Masks/V0284.bmp,mask,mask,val
refuge1_val_V0285,refuge,/home/rpotter/hypertower/REFUGE/Train/REFUGE1-val/REFUGE-Validation400/V0285.jpg,/home/rpotter/hypertower/REFUGE/Train/REFUGE1-val/Disc_Cup_Masks/V0285.bmp,/home/rpotter/hypertower/REFUGE/Train/REFUGE1-val/Disc_Cup_Masks/V0285.bmp,mask,mask,val
refuge1_val_V0286,refuge,/home/rpotter/hypertower/REFUGE/Train/REFUGE1-val/REFUGE-Validation400/V0286.jpg,/home/rpotter/hypertower/REFUGE/Train/REFUGE1-val/Disc_Cup_Masks/V0286.bmp,/home/rpotter/hypertower/REFUGE/Train/REFUGE1-val/Disc_Cup_Masks/V0286.bmp,mask,mask,val
refuge1_val_V0287,refuge,/home/rpotter/hypertower/REFUGE/Train/REFUGE1-val/REFUGE-Validation400/V0287.jpg,/home/rpotter/hypertower/REFUGE/Train/REFUGE1-val/Disc_Cup_Masks/V0287.bmp,/home/rpotter/hypertower/REFUGE/Train/REFUGE1-val/Disc_Cup_Masks/V0287.bmp,mask,mask,val
refuge1_val_V0288,refuge,/home/rpotter/hypertower/REFUGE/Train/REFUGE1-val/REFUGE-Validation400/V0288.jpg,/home/rpotter/hypertower/REFUGE/Train/REFUGE1-val/Disc_Cup_Masks/V0288.bmp,/home/rpotter/hypertower/REFUGE/Train/REFUGE1-val/Disc_Cup_Masks/V0288.bmp,mask,mask,val
refuge1_val_V0289,refuge,/home/rpotter/hypertower/REFUGE/Train/REFUGE1-val/REFUGE-Validation400/V0289.jpg,/home/rpotter/hypertower/REFUGE/Train/REFUGE1-val/Disc_Cup_Masks/V0289.bmp,/home/rpotter/hypertower/REFUGE/Train/REFUGE1-val/Disc_Cup_Masks/V0289.bmp,mask,mask,val
refuge1_val_V0290,refuge,/home/rpotter/hypertower/REFUGE/Train/REFUGE1-val/REFUGE-Validation400/V0290.jpg,/home/rpotter/hypertower/REFUGE/Train/REFUGE1-val/Disc_Cup_Masks/V0290.bmp,/home/rpotter/hypertower/REFUGE/Train/REFUGE1-val/Disc_Cup_Masks/V0290.bmp,mask,mask,val
refuge1_val_V0291,refuge,/home/rpotter/hypertower/REFUGE/Train/REFUGE1-val/REFUGE-Validation400/V0291.jpg,/home/rpotter/hypertower/REFUGE/Train/REFUGE1-val/Disc_Cup_Masks/V0291.bmp,/home/rpotter/hypertower/REFUGE/Train/REFUGE1-val/Disc_Cup_Masks/V0291.bmp,mask,mask,val
refuge1_val_V0292,refuge,/home/rpotter/hypertower/REFUGE/Train/REFUGE1-val/REFUGE-Validation400/V0292.jpg,/home/rpotter/hypertower/REFUGE/Train/REFUGE1-val/Disc_Cup_Masks/V0292.bmp,/home/rpotter/hypertower/REFUGE/Train/REFUGE1-val/Disc_Cup_Masks/V0292.bmp,mask,mask,val
refuge1_val_V0293,refuge,/home/rpotter/hypertower/REFUGE/Train/REFUGE1-val/REFUGE-Validation400/V0293.jpg,/home/rpotter/hypertower/REFUGE/Train/REFUGE1-val/Disc_Cup_Masks/V0293.bmp,/home/rpotter/hypertower/REFUGE/Train/REFUGE1-val/Disc_Cup_Masks/V0293.bmp,mask,mask,val
refuge1_val_V0294,refuge,/home/rpotter/hypertower/REFUGE/Train/REFUGE1-val/REFUGE-Validation400/V0294.jpg,/home/rpotter/hypertower/REFUGE/Train/REFUGE1-val/Disc_Cup_Masks/V0294.bmp,/home/rpotter/hypertower/REFUGE/Train/REFUGE1-val/Disc_Cup_Masks/V0294.bmp,mask,mask,val
refuge1_val_V0295,refuge,/home/rpotter/hypertower/REFUGE/Train/REFUGE1-val/REFUGE-Validation400/V0295.jpg,/home/rpotter/hypertower/REFUGE/Train/REFUGE1-val/Disc_Cup_Masks/V0295.bmp,/home/rpotter/hypertower/REFUGE/Train/REFUGE1-val/Disc_Cup_Masks/V0295.bmp,mask,mask,val
refuge1_val_V0296,refuge,/home/rpotter/hypertower/REFUGE/Train/REFUGE1-val/REFUGE-Validation400/V0296.jpg,/home/rpotter/hypertower/REFUGE/Train/REFUGE1-val/Disc_Cup_Masks/V0296.bmp,/home/rpotter/hypertower/REFUGE/Train/REFUGE1-val/Disc_Cup_Masks/V0296.bmp,mask,mask,val
refuge1_val_V0297,refuge,/home/rpotter/hypertower/REFUGE/Train/REFUGE1-val/REFUGE-Validation400/V0297.jpg,/home/rpotter/hypertower/REFUGE/Train/REFUGE1-val/Disc_Cup_Masks/V0297.bmp,/home/rpotter/hypertower/REFUGE/Train/REFUGE1-val/Disc_Cup_Masks/V0297.bmp,mask,mask,val
refuge1_val_V0298,refuge,/home/rpotter/hypertower/REFUGE/Train/REFUGE1-val/REFUGE-Validation400/V0298.jpg,/home/rpotter/hypertower/REFUGE/Train/REFUGE1-val/Disc_Cup_Masks/V0298.bmp,/home/rpotter/hypertower/REFUGE/Train/REFUGE1-val/Disc_Cup_Masks/V0298.bmp,mask,mask,val
refuge1_val_V0299,refuge,/home/rpotter/hypertower/REFUGE/Train/REFUGE1-val/REFUGE-Validation400/V0299.jpg,/home/rpotter/hypertower/REFUGE/Train/REFUGE1-val/Disc_Cup_Masks/V0299.bmp,/home/rpotter/hypertower/REFUGE/Train/REFUGE1-val/Disc_Cup_Masks/V0299.bmp,mask,mask,val
refuge1_val_V0300,refuge,/home/rpotter/hypertower/REFUGE/Train/REFUGE1-val/REFUGE-Validation400/V0300.jpg,/home/rpotter/hypertower/REFUGE/Train/REFUGE1-val/Disc_Cup_Masks/V0300.bmp,/home/rpotter/hypertower/REFUGE/Train/REFUGE1-val/Disc_Cup_Masks/V0300.bmp,mask,mask,val
refuge1_val_V0301,refuge,/home/rpotter/hypertower/REFUGE/Train/REFUGE1-val/REFUGE-Validation400/V0301.jpg,/home/rpotter/hypertower/REFUGE/Train/REFUGE1-val/Disc_Cup_Masks/V0301.bmp,/home/rpotter/hypertower/REFUGE/Train/REFUGE1-val/Disc_Cup_Masks/V0301.bmp,mask,mask,val
refuge1_val_V0302,refuge,/home/rpotter/hypertower/REFUGE/Train/REFUGE1-val/REFUGE-Validation400/V0302.jpg,/home/rpotter/hypertower/REFUGE/Train/REFUGE1-val/Disc_Cup_Masks/V0302.bmp,/home/rpotter/hypertower/REFUGE/Train/REFUGE1-val/Disc_Cup_Masks/V0302.bmp,mask,mask,val
refuge1_val_V0303,refuge,/home/rpotter/hypertower/REFUGE/Train/REFUGE1-val/REFUGE-Validation400/V0303.jpg,/home/rpotter/hypertower/REFUGE/Train/REFUGE1-val/Disc_Cup_Masks/V0303.bmp,/home/rpotter/hypertower/REFUGE/Train/REFUGE1-val/Disc_Cup_Masks/V0303.bmp,mask,mask,val
refuge1_val_V0304,refuge,/home/rpotter/hypertower/REFUGE/Train/REFUGE1-val/REFUGE-Validation400/V0304.jpg,/home/rpotter/hypertower/REFUGE/Train/REFUGE1-val/Disc_Cup_Masks/V0304.bmp,/home/rpotter/hypertower/REFUGE/Train/REFUGE1-val/Disc_Cup_Masks/V0304.bmp,mask,mask,val
refuge1_val_V0305,refuge,/home/rpotter/hypertower/REFUGE/Train/REFUGE1-val/REFUGE-Validation400/V0305.jpg,/home/rpotter/hypertower/REFUGE/Train/REFUGE1-val/Disc_Cup_Masks/V0305.bmp,/home/rpotter/hypertower/REFUGE/Train/REFUGE1-val/Disc_Cup_Masks/V0305.bmp,mask,mask,val
refuge1_val_V0306,refuge,/home/rpotter/hypertower/REFUGE/Train/REFUGE1-val/REFUGE-Validation400/V0306.jpg,/home/rpotter/hypertower/REFUGE/Train/REFUGE1-val/Disc_Cup_Masks/V0306.bmp,/home/rpotter/hypertower/REFUGE/Train/REFUGE1-val/Disc_Cup_Masks/V0306.bmp,mask,mask,val
refuge1_val_V0307,refuge,/home/rpotter/hypertower/REFUGE/Train/REFUGE1-val/REFUGE-Validation400/V0307.jpg,/home/rpotter/hypertower/REFUGE/Train/REFUGE1-val/Disc_Cup_Masks/V0307.bmp,/home/rpotter/hypertower/REFUGE/Train/REFUGE1-val/Disc_Cup_Masks/V0307.bmp,mask,mask,val
refuge1_val_V0308,refuge,/home/rpotter/hypertower/REFUGE/Train/REFUGE1-val/REFUGE-Validation400/V0308.jpg,/home/rpotter/hypertower/REFUGE/Train/REFUGE1-val/Disc_Cup_Masks/V0308.bmp,/home/rpotter/hypertower/REFUGE/Train/REFUGE1-val/Disc_Cup_Masks/V0308.bmp,mask,mask,val
refuge1_val_V0309,refuge,/home/rpotter/hypertower/REFUGE/Train/REFUGE1-val/REFUGE-Validation400/V0309.jpg,/home/rpotter/hypertower/REFUGE/Train/REFUGE1-val/Disc_Cup_Masks/V0309.bmp,/home/rpotter/hypertower/REFUGE/Train/REFUGE1-val/Disc_Cup_Masks/V0309.bmp,mask,mask,val
refuge1_val_V0310,refuge,/home/rpotter/hypertower/REFUGE/Train/REFUGE1-val/REFUGE-Validation400/V0310.jpg,/home/rpotter/hypertower/REFUGE/Train/REFUGE1-val/Disc_Cup_Masks/V0310.bmp,/home/rpotter/hypertower/REFUGE/Train/REFUGE1-val/Disc_Cup_Masks/V0310.bmp,mask,mask,val
refuge1_val_V0311,refuge,/home/rpotter/hypertower/REFUGE/Train/REFUGE1-val/REFUGE-Validation400/V0311.jpg,/home/rpotter/hypertower/REFUGE/Train/REFUGE1-val/Disc_Cup_Masks/V0311.bmp,/home/rpotter/hypertower/REFUGE/Train/REFUGE1-val/Disc_Cup_Masks/V0311.bmp,mask,mask,val
refuge1_val_V0312,refuge,/home/rpotter/hypertower/REFUGE/Train/REFUGE1-val/REFUGE-Validation400/V0312.jpg,/home/rpotter/hypertower/REFUGE/Train/REFUGE1-val/Disc_Cup_Masks/V0312.bmp,/home/rpotter/hypertower/REFUGE/Train/REFUGE1-val/Disc_Cup_Masks/V0312.bmp,mask,mask,val
refuge1_val_V0313,refuge,/home/rpotter/hypertower/REFUGE/Train/REFUGE1-val/REFUGE-Validation400/V0313.jpg,/home/rpotter/hypertower/REFUGE/Train/REFUGE1-val/Disc_Cup_Masks/V0313.bmp,/home/rpotter/hypertower/REFUGE/Train/REFUGE1-val/Disc_Cup_Masks/V0313.bmp,mask,mask,val
refuge1_val_V0314,refuge,/home/rpotter/hypertower/REFUGE/Train/REFUGE1-val/REFUGE-Validation400/V0314.jpg,/home/rpotter/hypertower/REFUGE/Train/REFUGE1-val/Disc_Cup_Masks/V0314.bmp,/home/rpotter/hypertower/REFUGE/Train/REFUGE1-val/Disc_Cup_Masks/V0314.bmp,mask,mask,val
refuge1_val_V0315,refuge,/home/rpotter/hypertower/REFUGE/Train/REFUGE1-val/REFUGE-Validation400/V0315.jpg,/home/rpotter/hypertower/REFUGE/Train/REFUGE1-val/Disc_Cup_Masks/V0315.bmp,/home/rpotter/hypertower/REFUGE/Train/REFUGE1-val/Disc_Cup_Masks/V0315.bmp,mask,mask,val
refuge1_val_V0316,refuge,/home/rpotter/hypertower/REFUGE/Train/REFUGE1-val/REFUGE-Validation400/V0316.jpg,/home/rpotter/hypertower/REFUGE/Train/REFUGE1-val/Disc_Cup_Masks/V0316.bmp,/home/rpotter/hypertower/REFUGE/Train/REFUGE1-val/Disc_Cup_Masks/V0316.bmp,mask,mask,val
refuge1_val_V0317,refuge,/home/rpotter/hypertower/REFUGE/Train/REFUGE1-val/REFUGE-Validation400/V0317.jpg,/home/rpotter/hypertower/REFUGE/Train/REFUGE1-val/Disc_Cup_Masks/V0317.bmp,/home/rpotter/hypertower/REFUGE/Train/REFUGE1-val/Disc_Cup_Masks/V0317.bmp,mask,mask,val
refuge1_val_V0318,refuge,/home/rpotter/hypertower/REFUGE/Train/REFUGE1-val/REFUGE-Validation400/V0318.jpg,/home/rpotter/hypertower/REFUGE/Train/REFUGE1-val/Disc_Cup_Masks/V0318.bmp,/home/rpotter/hypertower/REFUGE/Train/REFUGE1-val/Disc_Cup_Masks/V0318.bmp,mask,mask,val
refuge1_val_V0319,refuge,/home/rpotter/hypertower/REFUGE/Train/REFUGE1-val/REFUGE-Validation400/V0319.jpg,/home/rpotter/hypertower/REFUGE/Train/REFUGE1-val/Disc_Cup_Masks/V0319.bmp,/home/rpotter/hypertower/REFUGE/Train/REFUGE1-val/Disc_Cup_Masks/V0319.bmp,mask,mask,val
refuge1_val_V0320,refuge,/home/rpotter/hypertower/REFUGE/Train/REFUGE1-val/REFUGE-Validation400/V0320.jpg,/home/rpotter/hypertower/REFUGE/Train/REFUGE1-val/Disc_Cup_Masks/V0320.bmp,/home/rpotter/hypertower/REFUGE/Train/REFUGE1-val/Disc_Cup_Masks/V0320.bmp,mask,mask,val
refuge1_val_V0321,refuge,/home/rpotter/hypertower/REFUGE/Train/REFUGE1-val/REFUGE-Validation400/V0321.jpg,/home/rpotter/hypertower/REFUGE/Train/REFUGE1-val/Disc_Cup_Masks/V0321.bmp,/home/rpotter/hypertower/REFUGE/Train/REFUGE1-val/Disc_Cup_Masks/V0321.bmp,mask,mask,val
refuge1_val_V0322,refuge,/home/rpotter/hypertower/REFUGE/Train/REFUGE1-val/REFUGE-Validation400/V0322.jpg,/home/rpotter/hypertower/REFUGE/Train/REFUGE1-val/Disc_Cup_Masks/V0322.bmp,/home/rpotter/hypertower/REFUGE/Train/REFUGE1-val/Disc_Cup_Masks/V0322.bmp,mask,mask,val
refuge1_val_V0323,refuge,/home/rpotter/hypertower/REFUGE/Train/REFUGE1-val/REFUGE-Validation400/V0323.jpg,/home/rpotter/hypertower/REFUGE/Train/REFUGE1-val/Disc_Cup_Masks/V0323.bmp,/home/rpotter/hypertower/REFUGE/Train/REFUGE1-val/Disc_Cup_Masks/V0323.bmp,mask,mask,val
refuge1_val_V0324,refuge,/home/rpotter/hypertower/REFUGE/Train/REFUGE1-val/REFUGE-Validation400/V0324.jpg,/home/rpotter/hypertower/REFUGE/Train/REFUGE1-val/Disc_Cup_Masks/V0324.bmp,/home/rpotter/hypertower/REFUGE/Train/REFUGE1-val/Disc_Cup_Masks/V0324.bmp,mask,mask,val
refuge1_val_V0325,refuge,/home/rpotter/hypertower/REFUGE/Train/REFUGE1-val/REFUGE-Validation400/V0325.jpg,/home/rpotter/hypertower/REFUGE/Train/REFUGE1-val/Disc_Cup_Masks/V0325.bmp,/home/rpotter/hypertower/REFUGE/Train/REFUGE1-val/Disc_Cup_Masks/V0325.bmp,mask,mask,val
refuge1_val_V0326,refuge,/home/rpotter/hypertower/REFUGE/Train/REFUGE1-val/REFUGE-Validation400/V0326.jpg,/home/rpotter/hypertower/REFUGE/Train/REFUGE1-val/Disc_Cup_Masks/V0326.bmp,/home/rpotter/hypertower/REFUGE/Train/REFUGE1-val/Disc_Cup_Masks/V0326.bmp,mask,mask,val
refuge1_val_V0327,refuge,/home/rpotter/hypertower/REFUGE/Train/REFUGE1-val/REFUGE-Validation400/V0327.jpg,/home/rpotter/hypertower/REFUGE/Train/REFUGE1-val/Disc_Cup_Masks/V0327.bmp,/home/rpotter/hypertower/REFUGE/Train/REFUGE1-val/Disc_Cup_Masks/V0327.bmp,mask,mask,val
refuge1_val_V0328,refuge,/home/rpotter/hypertower/REFUGE/Train/REFUGE1-val/REFUGE-Validation400/V0328.jpg,/home/rpotter/hypertower/REFUGE/Train/REFUGE1-val/Disc_Cup_Masks/V0328.bmp,/home/rpotter/hypertower/REFUGE/Train/REFUGE1-val/Disc_Cup_Masks/V0328.bmp,mask,mask,val
refuge1_val_V0329,refuge,/home/rpotter/hypertower/REFUGE/Train/REFUGE1-val/REFUGE-Validation400/V0329.jpg,/home/rpotter/hypertower/REFUGE/Train/REFUGE1-val/Disc_Cup_Masks/V0329.bmp,/home/rpotter/hypertower/REFUGE/Train/REFUGE1-val/Disc_Cup_Masks/V0329.bmp,mask,mask,val
refuge1_val_V0330,refuge,/home/rpotter/hypertower/REFUGE/Train/REFUGE1-val/REFUGE-Validation400/V0330.jpg,/home/rpotter/hypertower/REFUGE/Train/REFUGE1-val/Disc_Cup_Masks/V0330.bmp,/home/rpotter/hypertower/REFUGE/Train/REFUGE1-val/Disc_Cup_Masks/V0330.bmp,mask,mask,val
refuge1_val_V0331,refuge,/home/rpotter/hypertower/REFUGE/Train/REFUGE1-val/REFUGE-Validation400/V0331.jpg,/home/rpotter/hypertower/REFUGE/Train/REFUGE1-val/Disc_Cup_Masks/V0331.bmp,/home/rpotter/hypertower/REFUGE/Train/REFUGE1-val/Disc_Cup_Masks/V0331.bmp,mask,mask,val
refuge1_val_V0332,refuge,/home/rpotter/hypertower/REFUGE/Train/REFUGE1-val/REFUGE-Validation400/V0332.jpg,/home/rpotter/hypertower/REFUGE/Train/REFUGE1-val/Disc_Cup_Masks/V0332.bmp,/home/rpotter/hypertower/REFUGE/Train/REFUGE1-val/Disc_Cup_Masks/V0332.bmp,mask,mask,val
refuge1_val_V0333,refuge,/home/rpotter/hypertower/REFUGE/Train/REFUGE1-val/REFUGE-Validation400/V0333.jpg,/home/rpotter/hypertower/REFUGE/Train/REFUGE1-val/Disc_Cup_Masks/V0333.bmp,/home/rpotter/hypertower/REFUGE/Train/REFUGE1-val/Disc_Cup_Masks/V0333.bmp,mask,mask,val
refuge1_val_V0334,refuge,/home/rpotter/hypertower/REFUGE/Train/REFUGE1-val/REFUGE-Validation400/V0334.jpg,/home/rpotter/hypertower/REFUGE/Train/REFUGE1-val/Disc_Cup_Masks/V0334.bmp,/home/rpotter/hypertower/REFUGE/Train/REFUGE1-val/Disc_Cup_Masks/V0334.bmp,mask,mask,val
refuge1_val_V0335,refuge,/home/rpotter/hypertower/REFUGE/Train/REFUGE1-val/REFUGE-Validation400/V0335.jpg,/home/rpotter/hypertower/REFUGE/Train/REFUGE1-val/Disc_Cup_Masks/V0335.bmp,/home/rpotter/hypertower/REFUGE/Train/REFUGE1-val/Disc_Cup_Masks/V0335.bmp,mask,mask,val
refuge1_val_V0336,refuge,/home/rpotter/hypertower/REFUGE/Train/REFUGE1-val/REFUGE-Validation400/V0336.jpg,/home/rpotter/hypertower/REFUGE/Train/REFUGE1-val/Disc_Cup_Masks/V0336.bmp,/home/rpotter/hypertower/REFUGE/Train/REFUGE1-val/Disc_Cup_Masks/V0336.bmp,mask,mask,val
refuge1_val_V0337,refuge,/home/rpotter/hypertower/REFUGE/Train/REFUGE1-val/REFUGE-Validation400/V0337.jpg,/home/rpotter/hypertower/REFUGE/Train/REFUGE1-val/Disc_Cup_Masks/V0337.bmp,/home/rpotter/hypertower/REFUGE/Train/REFUGE1-val/Disc_Cup_Masks/V0337.bmp,mask,mask,val
refuge1_val_V0338,refuge,/home/rpotter/hypertower/REFUGE/Train/REFUGE1-val/REFUGE-Validation400/V0338.jpg,/home/rpotter/hypertower/REFUGE/Train/REFUGE1-val/Disc_Cup_Masks/V0338.bmp,/home/rpotter/hypertower/REFUGE/Train/REFUGE1-val/Disc_Cup_Masks/V0338.bmp,mask,mask,val
refuge1_val_V0339,refuge,/home/rpotter/hypertower/REFUGE/Train/REFUGE1-val/REFUGE-Validation400/V0339.jpg,/home/rpotter/hypertower/REFUGE/Train/REFUGE1-val/Disc_Cup_Masks/V0339.bmp,/home/rpotter/hypertower/REFUGE/Train/REFUGE1-val/Disc_Cup_Masks/V0339.bmp,mask,mask,val
refuge1_val_V0340,refuge,/home/rpotter/hypertower/REFUGE/Train/REFUGE1-val/REFUGE-Validation400/V0340.jpg,/home/rpotter/hypertower/REFUGE/Train/REFUGE1-val/Disc_Cup_Masks/V0340.bmp,/home/rpotter/hypertower/REFUGE/Train/REFUGE1-val/Disc_Cup_Masks/V0340.bmp,mask,mask,val
refuge1_val_V0341,refuge,/home/rpotter/hypertower/REFUGE/Train/REFUGE1-val/REFUGE-Validation400/V0341.jpg,/home/rpotter/hypertower/REFUGE/Train/REFUGE1-val/Disc_Cup_Masks/V0341.bmp,/home/rpotter/hypertower/REFUGE/Train/REFUGE1-val/Disc_Cup_Masks/V0341.bmp,mask,mask,val
refuge1_val_V0342,refuge,/home/rpotter/hypertower/REFUGE/Train/REFUGE1-val/REFUGE-Validation400/V0342.jpg,/home/rpotter/hypertower/REFUGE/Train/REFUGE1-val/Disc_Cup_Masks/V0342.bmp,/home/rpotter/hypertower/REFUGE/Train/REFUGE1-val/Disc_Cup_Masks/V0342.bmp,mask,mask,val
refuge1_val_V0343,refuge,/home/rpotter/hypertower/REFUGE/Train/REFUGE1-val/REFUGE-Validation400/V0343.jpg,/home/rpotter/hypertower/REFUGE/Train/REFUGE1-val/Disc_Cup_Masks/V0343.bmp,/home/rpotter/hypertower/REFUGE/Train/REFUGE1-val/Disc_Cup_Masks/V0343.bmp,mask,mask,val
refuge1_val_V0344,refuge,/home/rpotter/hypertower/REFUGE/Train/REFUGE1-val/REFUGE-Validation400/V0344.jpg,/home/rpotter/hypertower/REFUGE/Train/REFUGE1-val/Disc_Cup_Masks/V0344.bmp,/home/rpotter/hypertower/REFUGE/Train/REFUGE1-val/Disc_Cup_Masks/V0344.bmp,mask,mask,val
refuge1_val_V0345,refuge,/home/rpotter/hypertower/REFUGE/Train/REFUGE1-val/REFUGE-Validation400/V0345.jpg,/home/rpotter/hypertower/REFUGE/Train/REFUGE1-val/Disc_Cup_Masks/V0345.bmp,/home/rpotter/hypertower/REFUGE/Train/REFUGE1-val/Disc_Cup_Masks/V0345.bmp,mask,mask,val
refuge1_val_V0346,refuge,/home/rpotter/hypertower/REFUGE/Train/REFUGE1-val/REFUGE-Validation400/V0346.jpg,/home/rpotter/hypertower/REFUGE/Train/REFUGE1-val/Disc_Cup_Masks/V0346.bmp,/home/rpotter/hypertower/REFUGE/Train/REFUGE1-val/Disc_Cup_Masks/V0346.bmp,mask,mask,val
refuge1_val_V0347,refuge,/home/rpotter/hypertower/REFUGE/Train/REFUGE1-val/REFUGE-Validation400/V0347.jpg,/home/rpotter/hypertower/REFUGE/Train/REFUGE1-val/Disc_Cup_Masks/V0347.bmp,/home/rpotter/hypertower/REFUGE/Train/REFUGE1-val/Disc_Cup_Masks/V0347.bmp,mask,mask,val
refuge1_val_V0348,refuge,/home/rpotter/hypertower/REFUGE/Train/REFUGE1-val/REFUGE-Validation400/V0348.jpg,/home/rpotter/hypertower/REFUGE/Train/REFUGE1-val/Disc_Cup_Masks/V0348.bmp,/home/rpotter/hypertower/REFUGE/Train/REFUGE1-val/Disc_Cup_Masks/V0348.bmp,mask,mask,val
refuge1_val_V0349,refuge,/home/rpotter/hypertower/REFUGE/Train/REFUGE1-val/REFUGE-Validation400/V0349.jpg,/home/rpotter/hypertower/REFUGE/Train/REFUGE1-val/Disc_Cup_Masks/V0349.bmp,/home/rpotter/hypertower/REFUGE/Train/REFUGE1-val/Disc_Cup_Masks/V0349.bmp,mask,mask,val
refuge1_val_V0350,refuge,/home/rpotter/hypertower/REFUGE/Train/REFUGE1-val/REFUGE-Validation400/V0350.jpg,/home/rpotter/hypertower/REFUGE/Train/REFUGE1-val/Disc_Cup_Masks/V0350.bmp,/home/rpotter/hypertower/REFUGE/Train/REFUGE1-val/Disc_Cup_Masks/V0350.bmp,mask,mask,val
refuge1_val_V0351,refuge,/home/rpotter/hypertower/REFUGE/Train/REFUGE1-val/REFUGE-Validation400/V0351.jpg,/home/rpotter/hypertower/REFUGE/Train/REFUGE1-val/Disc_Cup_Masks/V0351.bmp,/home/rpotter/hypertower/REFUGE/Train/REFUGE1-val/Disc_Cup_Masks/V0351.bmp,mask,mask,val
refuge1_val_V0352,refuge,/home/rpotter/hypertower/REFUGE/Train/REFUGE1-val/REFUGE-Validation400/V0352.jpg,/home/rpotter/hypertower/REFUGE/Train/REFUGE1-val/Disc_Cup_Masks/V0352.bmp,/home/rpotter/hypertower/REFUGE/Train/REFUGE1-val/Disc_Cup_Masks/V0352.bmp,mask,mask,val
refuge1_val_V0353,refuge,/home/rpotter/hypertower/REFUGE/Train/REFUGE1-val/REFUGE-Validation400/V0353.jpg,/home/rpotter/hypertower/REFUGE/Train/REFUGE1-val/Disc_Cup_Masks/V0353.bmp,/home/rpotter/hypertower/REFUGE/Train/REFUGE1-val/Disc_Cup_Masks/V0353.bmp,mask,mask,val
refuge1_val_V0354,refuge,/home/rpotter/hypertower/REFUGE/Train/REFUGE1-val/REFUGE-Validation400/V0354.jpg,/home/rpotter/hypertower/REFUGE/Train/REFUGE1-val/Disc_Cup_Masks/V0354.bmp,/home/rpotter/hypertower/REFUGE/Train/REFUGE1-val/Disc_Cup_Masks/V0354.bmp,mask,mask,val
refuge1_val_V0355,refuge,/home/rpotter/hypertower/REFUGE/Train/REFUGE1-val/REFUGE-Validation400/V0355.jpg,/home/rpotter/hypertower/REFUGE/Train/REFUGE1-val/Disc_Cup_Masks/V0355.bmp,/home/rpotter/hypertower/REFUGE/Train/REFUGE1-val/Disc_Cup_Masks/V0355.bmp,mask,mask,val
refuge1_val_V0356,refuge,/home/rpotter/hypertower/REFUGE/Train/REFUGE1-val/REFUGE-Validation400/V0356.jpg,/home/rpotter/hypertower/REFUGE/Train/REFUGE1-val/Disc_Cup_Masks/V0356.bmp,/home/rpotter/hypertower/REFUGE/Train/REFUGE1-val/Disc_Cup_Masks/V0356.bmp,mask,mask,val
refuge1_val_V0357,refuge,/home/rpotter/hypertower/REFUGE/Train/REFUGE1-val/REFUGE-Validation400/V0357.jpg,/home/rpotter/hypertower/REFUGE/Train/REFUGE1-val/Disc_Cup_Masks/V0357.bmp,/home/rpotter/hypertower/REFUGE/Train/REFUGE1-val/Disc_Cup_Masks/V0357.bmp,mask,mask,val
refuge1_val_V0358,refuge,/home/rpotter/hypertower/REFUGE/Train/REFUGE1-val/REFUGE-Validation400/V0358.jpg,/home/rpotter/hypertower/REFUGE/Train/REFUGE1-val/Disc_Cup_Masks/V0358.bmp,/home/rpotter/hypertower/REFUGE/Train/REFUGE1-val/Disc_Cup_Masks/V0358.bmp,mask,mask,val
refuge1_val_V0359,refuge,/home/rpotter/hypertower/REFUGE/Train/REFUGE1-val/REFUGE-Validation400/V0359.jpg,/home/rpotter/hypertower/REFUGE/Train/REFUGE1-val/Disc_Cup_Masks/V0359.bmp,/home/rpotter/hypertower/REFUGE/Train/REFUGE1-val/Disc_Cup_Masks/V0359.bmp,mask,mask,val
refuge1_val_V0360,refuge,/home/rpotter/hypertower/REFUGE/Train/REFUGE1-val/REFUGE-Validation400/V0360.jpg,/home/rpotter/hypertower/REFUGE/Train/REFUGE1-val/Disc_Cup_Masks/V0360.bmp,/home/rpotter/hypertower/REFUGE/Train/REFUGE1-val/Disc_Cup_Masks/V0360.bmp,mask,mask,val
refuge1_val_V0361,refuge,/home/rpotter/hypertower/REFUGE/Train/REFUGE1-val/REFUGE-Validation400/V0361.jpg,/home/rpotter/hypertower/REFUGE/Train/REFUGE1-val/Disc_Cup_Masks/V0361.bmp,/home/rpotter/hypertower/REFUGE/Train/REFUGE1-val/Disc_Cup_Masks/V0361.bmp,mask,mask,val
refuge1_val_V0362,refuge,/home/rpotter/hypertower/REFUGE/Train/REFUGE1-val/REFUGE-Validation400/V0362.jpg,/home/rpotter/hypertower/REFUGE/Train/REFUGE1-val/Disc_Cup_Masks/V0362.bmp,/home/rpotter/hypertower/REFUGE/Train/REFUGE1-val/Disc_Cup_Masks/V0362.bmp,mask,mask,val
refuge1_val_V0363,refuge,/home/rpotter/hypertower/REFUGE/Train/REFUGE1-val/REFUGE-Validation400/V0363.jpg,/home/rpotter/hypertower/REFUGE/Train/REFUGE1-val/Disc_Cup_Masks/V0363.bmp,/home/rpotter/hypertower/REFUGE/Train/REFUGE1-val/Disc_Cup_Masks/V0363.bmp,mask,mask,val
refuge1_val_V0364,refuge,/home/rpotter/hypertower/REFUGE/Train/REFUGE1-val/REFUGE-Validation400/V0364.jpg,/home/rpotter/hypertower/REFUGE/Train/REFUGE1-val/Disc_Cup_Masks/V0364.bmp,/home/rpotter/hypertower/REFUGE/Train/REFUGE1-val/Disc_Cup_Masks/V0364.bmp,mask,mask,val
refuge1_val_V0365,refuge,/home/rpotter/hypertower/REFUGE/Train/REFUGE1-val/REFUGE-Validation400/V0365.jpg,/home/rpotter/hypertower/REFUGE/Train/REFUGE1-val/Disc_Cup_Masks/V0365.bmp,/home/rpotter/hypertower/REFUGE/Train/REFUGE1-val/Disc_Cup_Masks/V0365.bmp,mask,mask,val
refuge1_val_V0366,refuge,/home/rpotter/hypertower/REFUGE/Train/REFUGE1-val/REFUGE-Validation400/V0366.jpg,/home/rpotter/hypertower/REFUGE/Train/REFUGE1-val/Disc_Cup_Masks/V0366.bmp,/home/rpotter/hypertower/REFUGE/Train/REFUGE1-val/Disc_Cup_Masks/V0366.bmp,mask,mask,val
refuge1_val_V0367,refuge,/home/rpotter/hypertower/REFUGE/Train/REFUGE1-val/REFUGE-Validation400/V0367.jpg,/home/rpotter/hypertower/REFUGE/Train/REFUGE1-val/Disc_Cup_Masks/V0367.bmp,/home/rpotter/hypertower/REFUGE/Train/REFUGE1-val/Disc_Cup_Masks/V0367.bmp,mask,mask,val
refuge1_val_V0368,refuge,/home/rpotter/hypertower/REFUGE/Train/REFUGE1-val/REFUGE-Validation400/V0368.jpg,/home/rpotter/hypertower/REFUGE/Train/REFUGE1-val/Disc_Cup_Masks/V0368.bmp,/home/rpotter/hypertower/REFUGE/Train/REFUGE1-val/Disc_Cup_Masks/V0368.bmp,mask,mask,val
refuge1_val_V0369,refuge,/home/rpotter/hypertower/REFUGE/Train/REFUGE1-val/REFUGE-Validation400/V0369.jpg,/home/rpotter/hypertower/REFUGE/Train/REFUGE1-val/Disc_Cup_Masks/V0369.bmp,/home/rpotter/hypertower/REFUGE/Train/REFUGE1-val/Disc_Cup_Masks/V0369.bmp,mask,mask,val
refuge1_val_V0370,refuge,/home/rpotter/hypertower/REFUGE/Train/REFUGE1-val/REFUGE-Validation400/V0370.jpg,/home/rpotter/hypertower/REFUGE/Train/REFUGE1-val/Disc_Cup_Masks/V0370.bmp,/home/rpotter/hypertower/REFUGE/Train/REFUGE1-val/Disc_Cup_Masks/V0370.bmp,mask,mask,val
refuge1_val_V0371,refuge,/home/rpotter/hypertower/REFUGE/Train/REFUGE1-val/REFUGE-Validation400/V0371.jpg,/home/rpotter/hypertower/REFUGE/Train/REFUGE1-val/Disc_Cup_Masks/V0371.bmp,/home/rpotter/hypertower/REFUGE/Train/REFUGE1-val/Disc_Cup_Masks/V0371.bmp,mask,mask,val
refuge1_val_V0372,refuge,/home/rpotter/hypertower/REFUGE/Train/REFUGE1-val/REFUGE-Validation400/V0372.jpg,/home/rpotter/hypertower/REFUGE/Train/REFUGE1-val/Disc_Cup_Masks/V0372.bmp,/home/rpotter/hypertower/REFUGE/Train/REFUGE1-val/Disc_Cup_Masks/V0372.bmp,mask,mask,val
refuge1_val_V0373,refuge,/home/rpotter/hypertower/REFUGE/Train/REFUGE1-val/REFUGE-Validation400/V0373.jpg,/home/rpotter/hypertower/REFUGE/Train/REFUGE1-val/Disc_Cup_Masks/V0373.bmp,/home/rpotter/hypertower/REFUGE/Train/REFUGE1-val/Disc_Cup_Masks/V0373.bmp,mask,mask,val
refuge1_val_V0374,refuge,/home/rpotter/hypertower/REFUGE/Train/REFUGE1-val/REFUGE-Validation400/V0374.jpg,/home/rpotter/hypertower/REFUGE/Train/REFUGE1-val/Disc_Cup_Masks/V0374.bmp,/home/rpotter/hypertower/REFUGE/Train/REFUGE1-val/Disc_Cup_Masks/V0374.bmp,mask,mask,val
refuge1_val_V0375,refuge,/home/rpotter/hypertower/REFUGE/Train/REFUGE1-val/REFUGE-Validation400/V0375.jpg,/home/rpotter/hypertower/REFUGE/Train/REFUGE1-val/Disc_Cup_Masks/V0375.bmp,/home/rpotter/hypertower/REFUGE/Train/REFUGE1-val/Disc_Cup_Masks/V0375.bmp,mask,mask,val
refuge1_val_V0376,refuge,/home/rpotter/hypertower/REFUGE/Train/REFUGE1-val/REFUGE-Validation400/V0376.jpg,/home/rpotter/hypertower/REFUGE/Train/REFUGE1-val/Disc_Cup_Masks/V0376.bmp,/home/rpotter/hypertower/REFUGE/Train/REFUGE1-val/Disc_Cup_Masks/V0376.bmp,mask,mask,val
refuge1_val_V0377,refuge,/home/rpotter/hypertower/REFUGE/Train/REFUGE1-val/REFUGE-Validation400/V0377.jpg,/home/rpotter/hypertower/REFUGE/Train/REFUGE1-val/Disc_Cup_Masks/V0377.bmp,/home/rpotter/hypertower/REFUGE/Train/REFUGE1-val/Disc_Cup_Masks/V0377.bmp,mask,mask,val
refuge1_val_V0378,refuge,/home/rpotter/hypertower/REFUGE/Train/REFUGE1-val/REFUGE-Validation400/V0378.jpg,/home/rpotter/hypertower/REFUGE/Train/REFUGE1-val/Disc_Cup_Masks/V0378.bmp,/home/rpotter/hypertower/REFUGE/Train/REFUGE1-val/Disc_Cup_Masks/V0378.bmp,mask,mask,val
refuge1_val_V0379,refuge,/home/rpotter/hypertower/REFUGE/Train/REFUGE1-val/REFUGE-Validation400/V0379.jpg,/home/rpotter/hypertower/REFUGE/Train/REFUGE1-val/Disc_Cup_Masks/V0379.bmp,/home/rpotter/hypertower/REFUGE/Train/REFUGE1-val/Disc_Cup_Masks/V0379.bmp,mask,mask,val
refuge1_val_V0380,refuge,/home/rpotter/hypertower/REFUGE/Train/REFUGE1-val/REFUGE-Validation400/V0380.jpg,/home/rpotter/hypertower/REFUGE/Train/REFUGE1-val/Disc_Cup_Masks/V0380.bmp,/home/rpotter/hypertower/REFUGE/Train/REFUGE1-val/Disc_Cup_Masks/V0380.bmp,mask,mask,val
refuge1_val_V0381,refuge,/home/rpotter/hypertower/REFUGE/Train/REFUGE1-val/REFUGE-Validation400/V0381.jpg,/home/rpotter/hypertower/REFUGE/Train/REFUGE1-val/Disc_Cup_Masks/V0381.bmp,/home/rpotter/hypertower/REFUGE/Train/REFUGE1-val/Disc_Cup_Masks/V0381.bmp,mask,mask,val
refuge1_val_V0382,refuge,/home/rpotter/hypertower/REFUGE/Train/REFUGE1-val/REFUGE-Validation400/V0382.jpg,/home/rpotter/hypertower/REFUGE/Train/REFUGE1-val/Disc_Cup_Masks/V0382.bmp,/home/rpotter/hypertower/REFUGE/Train/REFUGE1-val/Disc_Cup_Masks/V0382.bmp,mask,mask,val
refuge1_val_V0383,refuge,/home/rpotter/hypertower/REFUGE/Train/REFUGE1-val/REFUGE-Validation400/V0383.jpg,/home/rpotter/hypertower/REFUGE/Train/REFUGE1-val/Disc_Cup_Masks/V0383.bmp,/home/rpotter/hypertower/REFUGE/Train/REFUGE1-val/Disc_Cup_Masks/V0383.bmp,mask,mask,val
refuge1_val_V0384,refuge,/home/rpotter/hypertower/REFUGE/Train/REFUGE1-val/REFUGE-Validation400/V0384.jpg,/home/rpotter/hypertower/REFUGE/Train/REFUGE1-val/Disc_Cup_Masks/V0384.bmp,/home/rpotter/hypertower/REFUGE/Train/REFUGE1-val/Disc_Cup_Masks/V0384.bmp,mask,mask,val
refuge1_val_V0385,refuge,/home/rpotter/hypertower/REFUGE/Train/REFUGE1-val/REFUGE-Validation400/V0385.jpg,/home/rpotter/hypertower/REFUGE/Train/REFUGE1-val/Disc_Cup_Masks/V0385.bmp,/home/rpotter/hypertower/REFUGE/Train/REFUGE1-val/Disc_Cup_Masks/V0385.bmp,mask,mask,val
refuge1_val_V0386,refuge,/home/rpotter/hypertower/REFUGE/Train/REFUGE1-val/REFUGE-Validation400/V0386.jpg,/home/rpotter/hypertower/REFUGE/Train/REFUGE1-val/Disc_Cup_Masks/V0386.bmp,/home/rpotter/hypertower/REFUGE/Train/REFUGE1-val/Disc_Cup_Masks/V0386.bmp,mask,mask,val
refuge1_val_V0387,refuge,/home/rpotter/hypertower/REFUGE/Train/REFUGE1-val/REFUGE-Validation400/V0387.jpg,/home/rpotter/hypertower/REFUGE/Train/REFUGE1-val/Disc_Cup_Masks/V0387.bmp,/home/rpotter/hypertower/REFUGE/Train/REFUGE1-val/Disc_Cup_Masks/V0387.bmp,mask,mask,val
refuge1_val_V0388,refuge,/home/rpotter/hypertower/REFUGE/Train/REFUGE1-val/REFUGE-Validation400/V0388.jpg,/home/rpotter/hypertower/REFUGE/Train/REFUGE1-val/Disc_Cup_Masks/V0388.bmp,/home/rpotter/hypertower/REFUGE/Train/REFUGE1-val/Disc_Cup_Masks/V0388.bmp,mask,mask,val
refuge1_val_V0389,refuge,/home/rpotter/hypertower/REFUGE/Train/REFUGE1-val/REFUGE-Validation400/V0389.jpg,/home/rpotter/hypertower/REFUGE/Train/REFUGE1-val/Disc_Cup_Masks/V0389.bmp,/home/rpotter/hypertower/REFUGE/Train/REFUGE1-val/Disc_Cup_Masks/V0389.bmp,mask,mask,val
refuge1_val_V0390,refuge,/home/rpotter/hypertower/REFUGE/Train/REFUGE1-val/REFUGE-Validation400/V0390.jpg,/home/rpotter/hypertower/REFUGE/Train/REFUGE1-val/Disc_Cup_Masks/V0390.bmp,/home/rpotter/hypertower/REFUGE/Train/REFUGE1-val/Disc_Cup_Masks/V0390.bmp,mask,mask,val
refuge1_val_V0391,refuge,/home/rpotter/hypertower/REFUGE/Train/REFUGE1-val/REFUGE-Validation400/V0391.jpg,/home/rpotter/hypertower/REFUGE/Train/REFUGE1-val/Disc_Cup_Masks/V0391.bmp,/home/rpotter/hypertower/REFUGE/Train/REFUGE1-val/Disc_Cup_Masks/V0391.bmp,mask,mask,val
refuge1_val_V0392,refuge,/home/rpotter/hypertower/REFUGE/Train/REFUGE1-val/REFUGE-Validation400/V0392.jpg,/home/rpotter/hypertower/REFUGE/Train/REFUGE1-val/Disc_Cup_Masks/V0392.bmp,/home/rpotter/hypertower/REFUGE/Train/REFUGE1-val/Disc_Cup_Masks/V0392.bmp,mask,mask,val
refuge1_val_V0393,refuge,/home/rpotter/hypertower/REFUGE/Train/REFUGE1-val/REFUGE-Validation400/V0393.jpg,/home/rpotter/hypertower/REFUGE/Train/REFUGE1-val/Disc_Cup_Masks/V0393.bmp,/home/rpotter/hypertower/REFUGE/Train/REFUGE1-val/Disc_Cup_Masks/V0393.bmp,mask,mask,val
refuge1_val_V0394,refuge,/home/rpotter/hypertower/REFUGE/Train/REFUGE1-val/REFUGE-Validation400/V0394.jpg,/home/rpotter/hypertower/REFUGE/Train/REFUGE1-val/Disc_Cup_Masks/V0394.bmp,/home/rpotter/hypertower/REFUGE/Train/REFUGE1-val/Disc_Cup_Masks/V0394.bmp,mask,mask,val
refuge1_val_V0395,refuge,/home/rpotter/hypertower/REFUGE/Train/REFUGE1-val/REFUGE-Validation400/V0395.jpg,/home/rpotter/hypertower/REFUGE/Train/REFUGE1-val/Disc_Cup_Masks/V0395.bmp,/home/rpotter/hypertower/REFUGE/Train/REFUGE1-val/Disc_Cup_Masks/V0395.bmp,mask,mask,val
refuge1_val_V0396,refuge,/home/rpotter/hypertower/REFUGE/Train/REFUGE1-val/REFUGE-Validation400/V0396.jpg,/home/rpotter/hypertower/REFUGE/Train/REFUGE1-val/Disc_Cup_Masks/V0396.bmp,/home/rpotter/hypertower/REFUGE/Train/REFUGE1-val/Disc_Cup_Masks/V0396.bmp,mask,mask,val
refuge1_val_V0397,refuge,/home/rpotter/hypertower/REFUGE/Train/REFUGE1-val/REFUGE-Validation400/V0397.jpg,/home/rpotter/hypertower/REFUGE/Train/REFUGE1-val/Disc_Cup_Masks/V0397.bmp,/home/rpotter/hypertower/REFUGE/Train/REFUGE1-val/Disc_Cup_Masks/V0397.bmp,mask,mask,val
refuge1_val_V0398,refuge,/home/rpotter/hypertower/REFUGE/Train/REFUGE1-val/REFUGE-Validation400/V0398.jpg,/home/rpotter/hypertower/REFUGE/Train/REFUGE1-val/Disc_Cup_Masks/V0398.bmp,/home/rpotter/hypertower/REFUGE/Train/REFUGE1-val/Disc_Cup_Masks/V0398.bmp,mask,mask,val
refuge1_val_V0399,refuge,/home/rpotter/hypertower/REFUGE/Train/REFUGE1-val/REFUGE-Validation400/V0399.jpg,/home/rpotter/hypertower/REFUGE/Train/REFUGE1-val/Disc_Cup_Masks/V0399.bmp,/home/rpotter/hypertower/REFUGE/Train/REFUGE1-val/Disc_Cup_Masks/V0399.bmp,mask,mask,val
refuge1_val_V0400,refuge,/home/rpotter/hypertower/REFUGE/Train/REFUGE1-val/REFUGE-Validation400/V0400.jpg,/home/rpotter/hypertower/REFUGE/Train/REFUGE1-val/Disc_Cup_Masks/V0400.bmp,/home/rpotter/hypertower/REFUGE/Train/REFUGE1-val/Disc_Cup_Masks/V0400.bmp,mask,mask,val
refuge2_val_V0001,refuge,/home/rpotter/hypertower/REFUGE/Validation/Images/V0001.jpg,/home/rpotter/hypertower/REFUGE/Validation/Disc_Masks/V0001.png,/home/rpotter/hypertower/REFUGE/Validation/Disc_Masks/V0001.png,mask,mask,val
refuge2_val_V0002,refuge,/home/rpotter/hypertower/REFUGE/Validation/Images/V0002.jpg,/home/rpotter/hypertower/REFUGE/Validation/Disc_Masks/V0002.png,/home/rpotter/hypertower/REFUGE/Validation/Disc_Masks/V0002.png,mask,mask,val
refuge2_val_V0003,refuge,/home/rpotter/hypertower/REFUGE/Validation/Images/V0003.jpg,/home/rpotter/hypertower/REFUGE/Validation/Disc_Masks/V0003.png,/home/rpotter/hypertower/REFUGE/Validation/Disc_Masks/V0003.png,mask,mask,val
refuge2_val_V0004,refuge,/home/rpotter/hypertower/REFUGE/Validation/Images/V0004.jpg,/home/rpotter/hypertower/REFUGE/Validation/Disc_Masks/V0004.png,/home/rpotter/hypertower/REFUGE/Validation/Disc_Masks/V0004.png,mask,mask,val
refuge2_val_V0005,refuge,/home/rpotter/hypertower/REFUGE/Validation/Images/V0005.jpg,/home/rpotter/hypertower/REFUGE/Validation/Disc_Masks/V0005.png,/home/rpotter/hypertower/REFUGE/Validation/Disc_Masks/V0005.png,mask,mask,val
refuge2_val_V0006,refuge,/home/rpotter/hypertower/REFUGE/Validation/Images/V0006.jpg,/home/rpotter/hypertower/REFUGE/Validation/Disc_Masks/V0006.png,/home/rpotter/hypertower/REFUGE/Validation/Disc_Masks/V0006.png,mask,mask,val
refuge2_val_V0007,refuge,/home/rpotter/hypertower/REFUGE/Validation/Images/V0007.jpg,/home/rpotter/hypertower/REFUGE/Validation/Disc_Masks/V0007.png,/home/rpotter/hypertower/REFUGE/Validation/Disc_Masks/V0007.png,mask,mask,val
refuge2_val_V0008,refuge,/home/rpotter/hypertower/REFUGE/Validation/Images/V0008.jpg,/home/rpotter/hypertower/REFUGE/Validation/Disc_Masks/V0008.png,/home/rpotter/hypertower/REFUGE/Validation/Disc_Masks/V0008.png,mask,mask,val
refuge2_val_V0009,refuge,/home/rpotter/hypertower/REFUGE/Validation/Images/V0009.jpg,/home/rpotter/hypertower/REFUGE/Validation/Disc_Masks/V0009.png,/home/rpotter/hypertower/REFUGE/Validation/Disc_Masks/V0009.png,mask,mask,val
refuge2_val_V0010,refuge,/home/rpotter/hypertower/REFUGE/Validation/Images/V0010.jpg,/home/rpotter/hypertower/REFUGE/Validation/Disc_Masks/V0010.png,/home/rpotter/hypertower/REFUGE/Validation/Disc_Masks/V0010.png,mask,mask,val
refuge2_val_V0011,refuge,/home/rpotter/hypertower/REFUGE/Validation/Images/V0011.jpg,/home/rpotter/hypertower/REFUGE/Validation/Disc_Masks/V0011.png,/home/rpotter/hypertower/REFUGE/Validation/Disc_Masks/V0011.png,mask,mask,val
refuge2_val_V0012,refuge,/home/rpotter/hypertower/REFUGE/Validation/Images/V0012.jpg,/home/rpotter/hypertower/REFUGE/Validation/Disc_Masks/V0012.png,/home/rpotter/hypertower/REFUGE/Validation/Disc_Masks/V0012.png,mask,mask,val
refuge2_val_V0013,refuge,/home/rpotter/hypertower/REFUGE/Validation/Images/V0013.jpg,/home/rpotter/hypertower/REFUGE/Validation/Disc_Masks/V0013.png,/home/rpotter/hypertower/REFUGE/Validation/Disc_Masks/V0013.png,mask,mask,val
refuge2_val_V0014,refuge,/home/rpotter/hypertower/REFUGE/Validation/Images/V0014.jpg,/home/rpotter/hypertower/REFUGE/Validation/Disc_Masks/V0014.png,/home/rpotter/hypertower/REFUGE/Validation/Disc_Masks/V0014.png,mask,mask,val
refuge2_val_V0015,refuge,/home/rpotter/hypertower/REFUGE/Validation/Images/V0015.jpg,/home/rpotter/hypertower/REFUGE/Validation/Disc_Masks/V0015.png,/home/rpotter/hypertower/REFUGE/Validation/Disc_Masks/V0015.png,mask,mask,val
refuge2_val_V0016,refuge,/home/rpotter/hypertower/REFUGE/Validation/Images/V0016.jpg,/home/rpotter/hypertower/REFUGE/Validation/Disc_Masks/V0016.png,/home/rpotter/hypertower/REFUGE/Validation/Disc_Masks/V0016.png,mask,mask,val
refuge2_val_V0017,refuge,/home/rpotter/hypertower/REFUGE/Validation/Images/V0017.jpg,/home/rpotter/hypertower/REFUGE/Validation/Disc_Masks/V0017.png,/home/rpotter/hypertower/REFUGE/Validation/Disc_Masks/V0017.png,mask,mask,val
refuge2_val_V0018,refuge,/home/rpotter/hypertower/REFUGE/Validation/Images/V0018.jpg,/home/rpotter/hypertower/REFUGE/Validation/Disc_Masks/V0018.png,/home/rpotter/hypertower/REFUGE/Validation/Disc_Masks/V0018.png,mask,mask,val
refuge2_val_V0019,refuge,/home/rpotter/hypertower/REFUGE/Validation/Images/V0019.jpg,/home/rpotter/hypertower/REFUGE/Validation/Disc_Masks/V0019.png,/home/rpotter/hypertower/REFUGE/Validation/Disc_Masks/V0019.png,mask,mask,val
refuge2_val_V0020,refuge,/home/rpotter/hypertower/REFUGE/Validation/Images/V0020.jpg,/home/rpotter/hypertower/REFUGE/Validation/Disc_Masks/V0020.png,/home/rpotter/hypertower/REFUGE/Validation/Disc_Masks/V0020.png,mask,mask,val
refuge2_val_V0021,refuge,/home/rpotter/hypertower/REFUGE/Validation/Images/V0021.jpg,/home/rpotter/hypertower/REFUGE/Validation/Disc_Masks/V0021.png,/home/rpotter/hypertower/REFUGE/Validation/Disc_Masks/V0021.png,mask,mask,val
refuge2_val_V0022,refuge,/home/rpotter/hypertower/REFUGE/Validation/Images/V0022.jpg,/home/rpotter/hypertower/REFUGE/Validation/Disc_Masks/V0022.png,/home/rpotter/hypertower/REFUGE/Validation/Disc_Masks/V0022.png,mask,mask,val
refuge2_val_V0023,refuge,/home/rpotter/hypertower/REFUGE/Validation/Images/V0023.jpg,/home/rpotter/hypertower/REFUGE/Validation/Disc_Masks/V0023.png,/home/rpotter/hypertower/REFUGE/Validation/Disc_Masks/V0023.png,mask,mask,val
refuge2_val_V0024,refuge,/home/rpotter/hypertower/REFUGE/Validation/Images/V0024.jpg,/home/rpotter/hypertower/REFUGE/Validation/Disc_Masks/V0024.png,/home/rpotter/hypertower/REFUGE/Validation/Disc_Masks/V0024.png,mask,mask,val
refuge2_val_V0025,refuge,/home/rpotter/hypertower/REFUGE/Validation/Images/V0025.jpg,/home/rpotter/hypertower/REFUGE/Validation/Disc_Masks/V0025.png,/home/rpotter/hypertower/REFUGE/Validation/Disc_Masks/V0025.png,mask,mask,val
refuge2_val_V0026,refuge,/home/rpotter/hypertower/REFUGE/Validation/Images/V0026.jpg,/home/rpotter/hypertower/REFUGE/Validation/Disc_Masks/V0026.png,/home/rpotter/hypertower/REFUGE/Validation/Disc_Masks/V0026.png,mask,mask,val
refuge2_val_V0027,refuge,/home/rpotter/hypertower/REFUGE/Validation/Images/V0027.jpg,/home/rpotter/hypertower/REFUGE/Validation/Disc_Masks/V0027.png,/home/rpotter/hypertower/REFUGE/Validation/Disc_Masks/V0027.png,mask,mask,val
refuge2_val_V0028,refuge,/home/rpotter/hypertower/REFUGE/Validation/Images/V0028.jpg,/home/rpotter/hypertower/REFUGE/Validation/Disc_Masks/V0028.png,/home/rpotter/hypertower/REFUGE/Validation/Disc_Masks/V0028.png,mask,mask,val
refuge2_val_V0029,refuge,/home/rpotter/hypertower/REFUGE/Validation/Images/V0029.jpg,/home/rpotter/hypertower/REFUGE/Validation/Disc_Masks/V0029.png,/home/rpotter/hypertower/REFUGE/Validation/Disc_Masks/V0029.png,mask,mask,val
refuge2_val_V0030,refuge,/home/rpotter/hypertower/REFUGE/Validation/Images/V0030.jpg,/home/rpotter/hypertower/REFUGE/Validation/Disc_Masks/V0030.png,/home/rpotter/hypertower/REFUGE/Validation/Disc_Masks/V0030.png,mask,mask,val
refuge2_val_V0031,refuge,/home/rpotter/hypertower/REFUGE/Validation/Images/V0031.jpg,/home/rpotter/hypertower/REFUGE/Validation/Disc_Masks/V0031.png,/home/rpotter/hypertower/REFUGE/Validation/Disc_Masks/V0031.png,mask,mask,val
refuge2_val_V0032,refuge,/home/rpotter/hypertower/REFUGE/Validation/Images/V0032.jpg,/home/rpotter/hypertower/REFUGE/Validation/Disc_Masks/V0032.png,/home/rpotter/hypertower/REFUGE/Validation/Disc_Masks/V0032.png,mask,mask,val
refuge2_val_V0033,refuge,/home/rpotter/hypertower/REFUGE/Validation/Images/V0033.jpg,/home/rpotter/hypertower/REFUGE/Validation/Disc_Masks/V0033.png,/home/rpotter/hypertower/REFUGE/Validation/Disc_Masks/V0033.png,mask,mask,val
refuge2_val_V0034,refuge,/home/rpotter/hypertower/REFUGE/Validation/Images/V0034.jpg,/home/rpotter/hypertower/REFUGE/Validation/Disc_Masks/V0034.png,/home/rpotter/hypertower/REFUGE/Validation/Disc_Masks/V0034.png,mask,mask,val
refuge2_val_V0035,refuge,/home/rpotter/hypertower/REFUGE/Validation/Images/V0035.jpg,/home/rpotter/hypertower/REFUGE/Validation/Disc_Masks/V0035.png,/home/rpotter/hypertower/REFUGE/Validation/Disc_Masks/V0035.png,mask,mask,val
refuge2_val_V0036,refuge,/home/rpotter/hypertower/REFUGE/Validation/Images/V0036.jpg,/home/rpotter/hypertower/REFUGE/Validation/Disc_Masks/V0036.png,/home/rpotter/hypertower/REFUGE/Validation/Disc_Masks/V0036.png,mask,mask,val
refuge2_val_V0037,refuge,/home/rpotter/hypertower/REFUGE/Validation/Images/V0037.jpg,/home/rpotter/hypertower/REFUGE/Validation/Disc_Masks/V0037.png,/home/rpotter/hypertower/REFUGE/Validation/Disc_Masks/V0037.png,mask,mask,val
refuge2_val_V0038,refuge,/home/rpotter/hypertower/REFUGE/Validation/Images/V0038.jpg,/home/rpotter/hypertower/REFUGE/Validation/Disc_Masks/V0038.png,/home/rpotter/hypertower/REFUGE/Validation/Disc_Masks/V0038.png,mask,mask,val
refuge2_val_V0039,refuge,/home/rpotter/hypertower/REFUGE/Validation/Images/V0039.jpg,/home/rpotter/hypertower/REFUGE/Validation/Disc_Masks/V0039.png,/home/rpotter/hypertower/REFUGE/Validation/Disc_Masks/V0039.png,mask,mask,val
refuge2_val_V0040,refuge,/home/rpotter/hypertower/REFUGE/Validation/Images/V0040.jpg,/home/rpotter/hypertower/REFUGE/Validation/Disc_Masks/V0040.png,/home/rpotter/hypertower/REFUGE/Validation/Disc_Masks/V0040.png,mask,mask,val
refuge2_val_V0041,refuge,/home/rpotter/hypertower/REFUGE/Validation/Images/V0041.jpg,/home/rpotter/hypertower/REFUGE/Validation/Disc_Masks/V0041.png,/home/rpotter/hypertower/REFUGE/Validation/Disc_Masks/V0041.png,mask,mask,val
refuge2_val_V0042,refuge,/home/rpotter/hypertower/REFUGE/Validation/Images/V0042.jpg,/home/rpotter/hypertower/REFUGE/Validation/Disc_Masks/V0042.png,/home/rpotter/hypertower/REFUGE/Validation/Disc_Masks/V0042.png,mask,mask,val
refuge2_val_V0043,refuge,/home/rpotter/hypertower/REFUGE/Validation/Images/V0043.jpg,/home/rpotter/hypertower/REFUGE/Validation/Disc_Masks/V0043.png,/home/rpotter/hypertower/REFUGE/Validation/Disc_Masks/V0043.png,mask,mask,val
refuge2_val_V0044,refuge,/home/rpotter/hypertower/REFUGE/Validation/Images/V0044.jpg,/home/rpotter/hypertower/REFUGE/Validation/Disc_Masks/V0044.png,/home/rpotter/hypertower/REFUGE/Validation/Disc_Masks/V0044.png,mask,mask,val
refuge2_val_V0045,refuge,/home/rpotter/hypertower/REFUGE/Validation/Images/V0045.jpg,/home/rpotter/hypertower/REFUGE/Validation/Disc_Masks/V0045.png,/home/rpotter/hypertower/REFUGE/Validation/Disc_Masks/V0045.png,mask,mask,val
refuge2_val_V0046,refuge,/home/rpotter/hypertower/REFUGE/Validation/Images/V0046.jpg,/home/rpotter/hypertower/REFUGE/Validation/Disc_Masks/V0046.png,/home/rpotter/hypertower/REFUGE/Validation/Disc_Masks/V0046.png,mask,mask,val
refuge2_val_V0047,refuge,/home/rpotter/hypertower/REFUGE/Validation/Images/V0047.jpg,/home/rpotter/hypertower/REFUGE/Validation/Disc_Masks/V0047.png,/home/rpotter/hypertower/REFUGE/Validation/Disc_Masks/V0047.png,mask,mask,val
refuge2_val_V0048,refuge,/home/rpotter/hypertower/REFUGE/Validation/Images/V0048.jpg,/home/rpotter/hypertower/REFUGE/Validation/Disc_Masks/V0048.png,/home/rpotter/hypertower/REFUGE/Validation/Disc_Masks/V0048.png,mask,mask,val
refuge2_val_V0049,refuge,/home/rpotter/hypertower/REFUGE/Validation/Images/V0049.jpg,/home/rpotter/hypertower/REFUGE/Validation/Disc_Masks/V0049.png,/home/rpotter/hypertower/REFUGE/Validation/Disc_Masks/V0049.png,mask,mask,val
refuge2_val_V0050,refuge,/home/rpotter/hypertower/REFUGE/Validation/Images/V0050.jpg,/home/rpotter/hypertower/REFUGE/Validation/Disc_Masks/V0050.png,/home/rpotter/hypertower/REFUGE/Validation/Disc_Masks/V0050.png,mask,mask,val
refuge2_val_V0051,refuge,/home/rpotter/hypertower/REFUGE/Validation/Images/V0051.jpg,/home/rpotter/hypertower/REFUGE/Validation/Disc_Masks/V0051.png,/home/rpotter/hypertower/REFUGE/Validation/Disc_Masks/V0051.png,mask,mask,val
refuge2_val_V0052,refuge,/home/rpotter/hypertower/REFUGE/Validation/Images/V0052.jpg,/home/rpotter/hypertower/REFUGE/Validation/Disc_Masks/V0052.png,/home/rpotter/hypertower/REFUGE/Validation/Disc_Masks/V0052.png,mask,mask,val
refuge2_val_V0053,refuge,/home/rpotter/hypertower/REFUGE/Validation/Images/V0053.jpg,/home/rpotter/hypertower/REFUGE/Validation/Disc_Masks/V0053.png,/home/rpotter/hypertower/REFUGE/Validation/Disc_Masks/V0053.png,mask,mask,val
refuge2_val_V0054,refuge,/home/rpotter/hypertower/REFUGE/Validation/Images/V0054.jpg,/home/rpotter/hypertower/REFUGE/Validation/Disc_Masks/V0054.png,/home/rpotter/hypertower/REFUGE/Validation/Disc_Masks/V0054.png,mask,mask,val
refuge2_val_V0055,refuge,/home/rpotter/hypertower/REFUGE/Validation/Images/V0055.jpg,/home/rpotter/hypertower/REFUGE/Validation/Disc_Masks/V0055.png,/home/rpotter/hypertower/REFUGE/Validation/Disc_Masks/V0055.png,mask,mask,val
refuge2_val_V0056,refuge,/home/rpotter/hypertower/REFUGE/Validation/Images/V0056.jpg,/home/rpotter/hypertower/REFUGE/Validation/Disc_Masks/V0056.png,/home/rpotter/hypertower/REFUGE/Validation/Disc_Masks/V0056.png,mask,mask,val
refuge2_val_V0057,refuge,/home/rpotter/hypertower/REFUGE/Validation/Images/V0057.jpg,/home/rpotter/hypertower/REFUGE/Validation/Disc_Masks/V0057.png,/home/rpotter/hypertower/REFUGE/Validation/Disc_Masks/V0057.png,mask,mask,val
refuge2_val_V0058,refuge,/home/rpotter/hypertower/REFUGE/Validation/Images/V0058.jpg,/home/rpotter/hypertower/REFUGE/Validation/Disc_Masks/V0058.png,/home/rpotter/hypertower/REFUGE/Validation/Disc_Masks/V0058.png,mask,mask,val
refuge2_val_V0059,refuge,/home/rpotter/hypertower/REFUGE/Validation/Images/V0059.jpg,/home/rpotter/hypertower/REFUGE/Validation/Disc_Masks/V0059.png,/home/rpotter/hypertower/REFUGE/Validation/Disc_Masks/V0059.png,mask,mask,val
refuge2_val_V0060,refuge,/home/rpotter/hypertower/REFUGE/Validation/Images/V0060.jpg,/home/rpotter/hypertower/REFUGE/Validation/Disc_Masks/V0060.png,/home/rpotter/hypertower/REFUGE/Validation/Disc_Masks/V0060.png,mask,mask,val
refuge2_val_V0061,refuge,/home/rpotter/hypertower/REFUGE/Validation/Images/V0061.jpg,/home/rpotter/hypertower/REFUGE/Validation/Disc_Masks/V0061.png,/home/rpotter/hypertower/REFUGE/Validation/Disc_Masks/V0061.png,mask,mask,val
refuge2_val_V0062,refuge,/home/rpotter/hypertower/REFUGE/Validation/Images/V0062.jpg,/home/rpotter/hypertower/REFUGE/Validation/Disc_Masks/V0062.png,/home/rpotter/hypertower/REFUGE/Validation/Disc_Masks/V0062.png,mask,mask,val
refuge2_val_V0063,refuge,/home/rpotter/hypertower/REFUGE/Validation/Images/V0063.jpg,/home/rpotter/hypertower/REFUGE/Validation/Disc_Masks/V0063.png,/home/rpotter/hypertower/REFUGE/Validation/Disc_Masks/V0063.png,mask,mask,val
refuge2_val_V0064,refuge,/home/rpotter/hypertower/REFUGE/Validation/Images/V0064.jpg,/home/rpotter/hypertower/REFUGE/Validation/Disc_Masks/V0064.png,/home/rpotter/hypertower/REFUGE/Validation/Disc_Masks/V0064.png,mask,mask,val
refuge2_val_V0065,refuge,/home/rpotter/hypertower/REFUGE/Validation/Images/V0065.jpg,/home/rpotter/hypertower/REFUGE/Validation/Disc_Masks/V0065.png,/home/rpotter/hypertower/REFUGE/Validation/Disc_Masks/V0065.png,mask,mask,val
refuge2_val_V0066,refuge,/home/rpotter/hypertower/REFUGE/Validation/Images/V0066.jpg,/home/rpotter/hypertower/REFUGE/Validation/Disc_Masks/V0066.png,/home/rpotter/hypertower/REFUGE/Validation/Disc_Masks/V0066.png,mask,mask,val
refuge2_val_V0067,refuge,/home/rpotter/hypertower/REFUGE/Validation/Images/V0067.jpg,/home/rpotter/hypertower/REFUGE/Validation/Disc_Masks/V0067.png,/home/rpotter/hypertower/REFUGE/Validation/Disc_Masks/V0067.png,mask,mask,val
refuge2_val_V0068,refuge,/home/rpotter/hypertower/REFUGE/Validation/Images/V0068.jpg,/home/rpotter/hypertower/REFUGE/Validation/Disc_Masks/V0068.png,/home/rpotter/hypertower/REFUGE/Validation/Disc_Masks/V0068.png,mask,mask,val
refuge2_val_V0069,refuge,/home/rpotter/hypertower/REFUGE/Validation/Images/V0069.jpg,/home/rpotter/hypertower/REFUGE/Validation/Disc_Masks/V0069.png,/home/rpotter/hypertower/REFUGE/Validation/Disc_Masks/V0069.png,mask,mask,val
refuge2_val_V0070,refuge,/home/rpotter/hypertower/REFUGE/Validation/Images/V0070.jpg,/home/rpotter/hypertower/REFUGE/Validation/Disc_Masks/V0070.png,/home/rpotter/hypertower/REFUGE/Validation/Disc_Masks/V0070.png,mask,mask,val
refuge2_val_V0071,refuge,/home/rpotter/hypertower/REFUGE/Validation/Images/V0071.jpg,/home/rpotter/hypertower/REFUGE/Validation/Disc_Masks/V0071.png,/home/rpotter/hypertower/REFUGE/Validation/Disc_Masks/V0071.png,mask,mask,val
refuge2_val_V0072,refuge,/home/rpotter/hypertower/REFUGE/Validation/Images/V0072.jpg,/home/rpotter/hypertower/REFUGE/Validation/Disc_Masks/V0072.png,/home/rpotter/hypertower/REFUGE/Validation/Disc_Masks/V0072.png,mask,mask,val
refuge2_val_V0073,refuge,/home/rpotter/hypertower/REFUGE/Validation/Images/V0073.jpg,/home/rpotter/hypertower/REFUGE/Validation/Disc_Masks/V0073.png,/home/rpotter/hypertower/REFUGE/Validation/Disc_Masks/V0073.png,mask,mask,val
refuge2_val_V0074,refuge,/home/rpotter/hypertower/REFUGE/Validation/Images/V0074.jpg,/home/rpotter/hypertower/REFUGE/Validation/Disc_Masks/V0074.png,/home/rpotter/hypertower/REFUGE/Validation/Disc_Masks/V0074.png,mask,mask,val
refuge2_val_V0075,refuge,/home/rpotter/hypertower/REFUGE/Validation/Images/V0075.jpg,/home/rpotter/hypertower/REFUGE/Validation/Disc_Masks/V0075.png,/home/rpotter/hypertower/REFUGE/Validation/Disc_Masks/V0075.png,mask,mask,val
refuge2_val_V0076,refuge,/home/rpotter/hypertower/REFUGE/Validation/Images/V0076.jpg,/home/rpotter/hypertower/REFUGE/Validation/Disc_Masks/V0076.png,/home/rpotter/hypertower/REFUGE/Validation/Disc_Masks/V0076.png,mask,mask,val
refuge2_val_V0077,refuge,/home/rpotter/hypertower/REFUGE/Validation/Images/V0077.jpg,/home/rpotter/hypertower/REFUGE/Validation/Disc_Masks/V0077.png,/home/rpotter/hypertower/REFUGE/Validation/Disc_Masks/V0077.png,mask,mask,val
refuge2_val_V0078,refuge,/home/rpotter/hypertower/REFUGE/Validation/Images/V0078.jpg,/home/rpotter/hypertower/REFUGE/Validation/Disc_Masks/V0078.png,/home/rpotter/hypertower/REFUGE/Validation/Disc_Masks/V0078.png,mask,mask,val
refuge2_val_V0079,refuge,/home/rpotter/hypertower/REFUGE/Validation/Images/V0079.jpg,/home/rpotter/hypertower/REFUGE/Validation/Disc_Masks/V0079.png,/home/rpotter/hypertower/REFUGE/Validation/Disc_Masks/V0079.png,mask,mask,val
refuge2_val_V0080,refuge,/home/rpotter/hypertower/REFUGE/Validation/Images/V0080.jpg,/home/rpotter/hypertower/REFUGE/Validation/Disc_Masks/V0080.png,/home/rpotter/hypertower/REFUGE/Validation/Disc_Masks/V0080.png,mask,mask,val
refuge2_val_V0081,refuge,/home/rpotter/hypertower/REFUGE/Validation/Images/V0081.jpg,/home/rpotter/hypertower/REFUGE/Validation/Disc_Masks/V0081.png,/home/rpotter/hypertower/REFUGE/Validation/Disc_Masks/V0081.png,mask,mask,val
refuge2_val_V0082,refuge,/home/rpotter/hypertower/REFUGE/Validation/Images/V0082.jpg,/home/rpotter/hypertower/REFUGE/Validation/Disc_Masks/V0082.png,/home/rpotter/hypertower/REFUGE/Validation/Disc_Masks/V0082.png,mask,mask,val
refuge2_val_V0083,refuge,/home/rpotter/hypertower/REFUGE/Validation/Images/V0083.jpg,/home/rpotter/hypertower/REFUGE/Validation/Disc_Masks/V0083.png,/home/rpotter/hypertower/REFUGE/Validation/Disc_Masks/V0083.png,mask,mask,val
refuge2_val_V0084,refuge,/home/rpotter/hypertower/REFUGE/Validation/Images/V0084.jpg,/home/rpotter/hypertower/REFUGE/Validation/Disc_Masks/V0084.png,/home/rpotter/hypertower/REFUGE/Validation/Disc_Masks/V0084.png,mask,mask,val
refuge2_val_V0085,refuge,/home/rpotter/hypertower/REFUGE/Validation/Images/V0085.jpg,/home/rpotter/hypertower/REFUGE/Validation/Disc_Masks/V0085.png,/home/rpotter/hypertower/REFUGE/Validation/Disc_Masks/V0085.png,mask,mask,val
refuge2_val_V0086,refuge,/home/rpotter/hypertower/REFUGE/Validation/Images/V0086.jpg,/home/rpotter/hypertower/REFUGE/Validation/Disc_Masks/V0086.png,/home/rpotter/hypertower/REFUGE/Validation/Disc_Masks/V0086.png,mask,mask,val
refuge2_val_V0087,refuge,/home/rpotter/hypertower/REFUGE/Validation/Images/V0087.jpg,/home/rpotter/hypertower/REFUGE/Validation/Disc_Masks/V0087.png,/home/rpotter/hypertower/REFUGE/Validation/Disc_Masks/V0087.png,mask,mask,val
refuge2_val_V0088,refuge,/home/rpotter/hypertower/REFUGE/Validation/Images/V0088.jpg,/home/rpotter/hypertower/REFUGE/Validation/Disc_Masks/V0088.png,/home/rpotter/hypertower/REFUGE/Validation/Disc_Masks/V0088.png,mask,mask,val
refuge2_val_V0089,refuge,/home/rpotter/hypertower/REFUGE/Validation/Images/V0089.jpg,/home/rpotter/hypertower/REFUGE/Validation/Disc_Masks/V0089.png,/home/rpotter/hypertower/REFUGE/Validation/Disc_Masks/V0089.png,mask,mask,val
refuge2_val_V0090,refuge,/home/rpotter/hypertower/REFUGE/Validation/Images/V0090.jpg,/home/rpotter/hypertower/REFUGE/Validation/Disc_Masks/V0090.png,/home/rpotter/hypertower/REFUGE/Validation/Disc_Masks/V0090.png,mask,mask,val
refuge2_val_V0091,refuge,/home/rpotter/hypertower/REFUGE/Validation/Images/V0091.jpg,/home/rpotter/hypertower/REFUGE/Validation/Disc_Masks/V0091.png,/home/rpotter/hypertower/REFUGE/Validation/Disc_Masks/V0091.png,mask,mask,val
refuge2_val_V0092,refuge,/home/rpotter/hypertower/REFUGE/Validation/Images/V0092.jpg,/home/rpotter/hypertower/REFUGE/Validation/Disc_Masks/V0092.png,/home/rpotter/hypertower/REFUGE/Validation/Disc_Masks/V0092.png,mask,mask,val
refuge2_val_V0093,refuge,/home/rpotter/hypertower/REFUGE/Validation/Images/V0093.jpg,/home/rpotter/hypertower/REFUGE/Validation/Disc_Masks/V0093.png,/home/rpotter/hypertower/REFUGE/Validation/Disc_Masks/V0093.png,mask,mask,val
refuge2_val_V0094,refuge,/home/rpotter/hypertower/REFUGE/Validation/Images/V0094.jpg,/home/rpotter/hypertower/REFUGE/Validation/Disc_Masks/V0094.png,/home/rpotter/hypertower/REFUGE/Validation/Disc_Masks/V0094.png,mask,mask,val
refuge2_val_V0095,refuge,/home/rpotter/hypertower/REFUGE/Validation/Images/V0095.jpg,/home/rpotter/hypertower/REFUGE/Validation/Disc_Masks/V0095.png,/home/rpotter/hypertower/REFUGE/Validation/Disc_Masks/V0095.png,mask,mask,val
refuge2_val_V0096,refuge,/home/rpotter/hypertower/REFUGE/Validation/Images/V0096.jpg,/home/rpotter/hypertower/REFUGE/Validation/Disc_Masks/V0096.png,/home/rpotter/hypertower/REFUGE/Validation/Disc_Masks/V0096.png,mask,mask,val
refuge2_val_V0097,refuge,/home/rpotter/hypertower/REFUGE/Validation/Images/V0097.jpg,/home/rpotter/hypertower/REFUGE/Validation/Disc_Masks/V0097.png,/home/rpotter/hypertower/REFUGE/Validation/Disc_Masks/V0097.png,mask,mask,val
refuge2_val_V0098,refuge,/home/rpotter/hypertower/REFUGE/Validation/Images/V0098.jpg,/home/rpotter/hypertower/REFUGE/Validation/Disc_Masks/V0098.png,/home/rpotter/hypertower/REFUGE/Validation/Disc_Masks/V0098.png,mask,mask,val
refuge2_val_V0099,refuge,/home/rpotter/hypertower/REFUGE/Validation/Images/V0099.jpg,/home/rpotter/hypertower/REFUGE/Validation/Disc_Masks/V0099.png,/home/rpotter/hypertower/REFUGE/Validation/Disc_Masks/V0099.png,mask,mask,val
refuge2_val_V0100,refuge,/home/rpotter/hypertower/REFUGE/Validation/Images/V0100.jpg,/home/rpotter/hypertower/REFUGE/Validation/Disc_Masks/V0100.png,/home/rpotter/hypertower/REFUGE/Validation/Disc_Masks/V0100.png,mask,mask,val
refuge2_val_V0101,refuge,/home/rpotter/hypertower/REFUGE/Validation/Images/V0101.jpg,/home/rpotter/hypertower/REFUGE/Validation/Disc_Masks/V0101.png,/home/rpotter/hypertower/REFUGE/Validation/Disc_Masks/V0101.png,mask,mask,val
refuge2_val_V0102,refuge,/home/rpotter/hypertower/REFUGE/Validation/Images/V0102.jpg,/home/rpotter/hypertower/REFUGE/Validation/Disc_Masks/V0102.png,/home/rpotter/hypertower/REFUGE/Validation/Disc_Masks/V0102.png,mask,mask,val
refuge2_val_V0103,refuge,/home/rpotter/hypertower/REFUGE/Validation/Images/V0103.jpg,/home/rpotter/hypertower/REFUGE/Validation/Disc_Masks/V0103.png,/home/rpotter/hypertower/REFUGE/Validation/Disc_Masks/V0103.png,mask,mask,val
refuge2_val_V0104,refuge,/home/rpotter/hypertower/REFUGE/Validation/Images/V0104.jpg,/home/rpotter/hypertower/REFUGE/Validation/Disc_Masks/V0104.png,/home/rpotter/hypertower/REFUGE/Validation/Disc_Masks/V0104.png,mask,mask,val
refuge2_val_V0105,refuge,/home/rpotter/hypertower/REFUGE/Validation/Images/V0105.jpg,/home/rpotter/hypertower/REFUGE/Validation/Disc_Masks/V0105.png,/home/rpotter/hypertower/REFUGE/Validation/Disc_Masks/V0105.png,mask,mask,val
refuge2_val_V0106,refuge,/home/rpotter/hypertower/REFUGE/Validation/Images/V0106.jpg,/home/rpotter/hypertower/REFUGE/Validation/Disc_Masks/V0106.png,/home/rpotter/hypertower/REFUGE/Validation/Disc_Masks/V0106.png,mask,mask,val
refuge2_val_V0107,refuge,/home/rpotter/hypertower/REFUGE/Validation/Images/V0107.jpg,/home/rpotter/hypertower/REFUGE/Validation/Disc_Masks/V0107.png,/home/rpotter/hypertower/REFUGE/Validation/Disc_Masks/V0107.png,mask,mask,val
refuge2_val_V0108,refuge,/home/rpotter/hypertower/REFUGE/Validation/Images/V0108.jpg,/home/rpotter/hypertower/REFUGE/Validation/Disc_Masks/V0108.png,/home/rpotter/hypertower/REFUGE/Validation/Disc_Masks/V0108.png,mask,mask,val
refuge2_val_V0109,refuge,/home/rpotter/hypertower/REFUGE/Validation/Images/V0109.jpg,/home/rpotter/hypertower/REFUGE/Validation/Disc_Masks/V0109.png,/home/rpotter/hypertower/REFUGE/Validation/Disc_Masks/V0109.png,mask,mask,val
refuge2_val_V0110,refuge,/home/rpotter/hypertower/REFUGE/Validation/Images/V0110.jpg,/home/rpotter/hypertower/REFUGE/Validation/Disc_Masks/V0110.png,/home/rpotter/hypertower/REFUGE/Validation/Disc_Masks/V0110.png,mask,mask,val
refuge2_val_V0111,refuge,/home/rpotter/hypertower/REFUGE/Validation/Images/V0111.jpg,/home/rpotter/hypertower/REFUGE/Validation/Disc_Masks/V0111.png,/home/rpotter/hypertower/REFUGE/Validation/Disc_Masks/V0111.png,mask,mask,val
refuge2_val_V0112,refuge,/home/rpotter/hypertower/REFUGE/Validation/Images/V0112.jpg,/home/rpotter/hypertower/REFUGE/Validation/Disc_Masks/V0112.png,/home/rpotter/hypertower/REFUGE/Validation/Disc_Masks/V0112.png,mask,mask,val
refuge2_val_V0113,refuge,/home/rpotter/hypertower/REFUGE/Validation/Images/V0113.jpg,/home/rpotter/hypertower/REFUGE/Validation/Disc_Masks/V0113.png,/home/rpotter/hypertower/REFUGE/Validation/Disc_Masks/V0113.png,mask,mask,val
refuge2_val_V0114,refuge,/home/rpotter/hypertower/REFUGE/Validation/Images/V0114.jpg,/home/rpotter/hypertower/REFUGE/Validation/Disc_Masks/V0114.png,/home/rpotter/hypertower/REFUGE/Validation/Disc_Masks/V0114.png,mask,mask,val
refuge2_val_V0115,refuge,/home/rpotter/hypertower/REFUGE/Validation/Images/V0115.jpg,/home/rpotter/hypertower/REFUGE/Validation/Disc_Masks/V0115.png,/home/rpotter/hypertower/REFUGE/Validation/Disc_Masks/V0115.png,mask,mask,val
refuge2_val_V0116,refuge,/home/rpotter/hypertower/REFUGE/Validation/Images/V0116.jpg,/home/rpotter/hypertower/REFUGE/Validation/Disc_Masks/V0116.png,/home/rpotter/hypertower/REFUGE/Validation/Disc_Masks/V0116.png,mask,mask,val
refuge2_val_V0117,refuge,/home/rpotter/hypertower/REFUGE/Validation/Images/V0117.jpg,/home/rpotter/hypertower/REFUGE/Validation/Disc_Masks/V0117.png,/home/rpotter/hypertower/REFUGE/Validation/Disc_Masks/V0117.png,mask,mask,val
refuge2_val_V0118,refuge,/home/rpotter/hypertower/REFUGE/Validation/Images/V0118.jpg,/home/rpotter/hypertower/REFUGE/Validation/Disc_Masks/V0118.png,/home/rpotter/hypertower/REFUGE/Validation/Disc_Masks/V0118.png,mask,mask,val
refuge2_val_V0119,refuge,/home/rpotter/hypertower/REFUGE/Validation/Images/V0119.jpg,/home/rpotter/hypertower/REFUGE/Validation/Disc_Masks/V0119.png,/home/rpotter/hypertower/REFUGE/Validation/Disc_Masks/V0119.png,mask,mask,val
refuge2_val_V0120,refuge,/home/rpotter/hypertower/REFUGE/Validation/Images/V0120.jpg,/home/rpotter/hypertower/REFUGE/Validation/Disc_Masks/V0120.png,/home/rpotter/hypertower/REFUGE/Validation/Disc_Masks/V0120.png,mask,mask,val
refuge2_val_V0121,refuge,/home/rpotter/hypertower/REFUGE/Validation/Images/V0121.jpg,/home/rpotter/hypertower/REFUGE/Validation/Disc_Masks/V0121.png,/home/rpotter/hypertower/REFUGE/Validation/Disc_Masks/V0121.png,mask,mask,val
refuge2_val_V0122,refuge,/home/rpotter/hypertower/REFUGE/Validation/Images/V0122.jpg,/home/rpotter/hypertower/REFUGE/Validation/Disc_Masks/V0122.png,/home/rpotter/hypertower/REFUGE/Validation/Disc_Masks/V0122.png,mask,mask,val
refuge2_val_V0123,refuge,/home/rpotter/hypertower/REFUGE/Validation/Images/V0123.jpg,/home/rpotter/hypertower/REFUGE/Validation/Disc_Masks/V0123.png,/home/rpotter/hypertower/REFUGE/Validation/Disc_Masks/V0123.png,mask,mask,val
refuge2_val_V0124,refuge,/home/rpotter/hypertower/REFUGE/Validation/Images/V0124.jpg,/home/rpotter/hypertower/REFUGE/Validation/Disc_Masks/V0124.png,/home/rpotter/hypertower/REFUGE/Validation/Disc_Masks/V0124.png,mask,mask,val
refuge2_val_V0125,refuge,/home/rpotter/hypertower/REFUGE/Validation/Images/V0125.jpg,/home/rpotter/hypertower/REFUGE/Validation/Disc_Masks/V0125.png,/home/rpotter/hypertower/REFUGE/Validation/Disc_Masks/V0125.png,mask,mask,val
refuge2_val_V0126,refuge,/home/rpotter/hypertower/REFUGE/Validation/Images/V0126.jpg,/home/rpotter/hypertower/REFUGE/Validation/Disc_Masks/V0126.png,/home/rpotter/hypertower/REFUGE/Validation/Disc_Masks/V0126.png,mask,mask,val
refuge2_val_V0127,refuge,/home/rpotter/hypertower/REFUGE/Validation/Images/V0127.jpg,/home/rpotter/hypertower/REFUGE/Validation/Disc_Masks/V0127.png,/home/rpotter/hypertower/REFUGE/Validation/Disc_Masks/V0127.png,mask,mask,val
refuge2_val_V0128,refuge,/home/rpotter/hypertower/REFUGE/Validation/Images/V0128.jpg,/home/rpotter/hypertower/REFUGE/Validation/Disc_Masks/V0128.png,/home/rpotter/hypertower/REFUGE/Validation/Disc_Masks/V0128.png,mask,mask,val
refuge2_val_V0129,refuge,/home/rpotter/hypertower/REFUGE/Validation/Images/V0129.jpg,/home/rpotter/hypertower/REFUGE/Validation/Disc_Masks/V0129.png,/home/rpotter/hypertower/REFUGE/Validation/Disc_Masks/V0129.png,mask,mask,val
refuge2_val_V0130,refuge,/home/rpotter/hypertower/REFUGE/Validation/Images/V0130.jpg,/home/rpotter/hypertower/REFUGE/Validation/Disc_Masks/V0130.png,/home/rpotter/hypertower/REFUGE/Validation/Disc_Masks/V0130.png,mask,mask,val
refuge2_val_V0131,refuge,/home/rpotter/hypertower/REFUGE/Validation/Images/V0131.jpg,/home/rpotter/hypertower/REFUGE/Validation/Disc_Masks/V0131.png,/home/rpotter/hypertower/REFUGE/Validation/Disc_Masks/V0131.png,mask,mask,val
refuge2_val_V0132,refuge,/home/rpotter/hypertower/REFUGE/Validation/Images/V0132.jpg,/home/rpotter/hypertower/REFUGE/Validation/Disc_Masks/V0132.png,/home/rpotter/hypertower/REFUGE/Validation/Disc_Masks/V0132.png,mask,mask,val
refuge2_val_V0133,refuge,/home/rpotter/hypertower/REFUGE/Validation/Images/V0133.jpg,/home/rpotter/hypertower/REFUGE/Validation/Disc_Masks/V0133.png,/home/rpotter/hypertower/REFUGE/Validation/Disc_Masks/V0133.png,mask,mask,val
refuge2_val_V0134,refuge,/home/rpotter/hypertower/REFUGE/Validation/Images/V0134.jpg,/home/rpotter/hypertower/REFUGE/Validation/Disc_Masks/V0134.png,/home/rpotter/hypertower/REFUGE/Validation/Disc_Masks/V0134.png,mask,mask,val
refuge2_val_V0135,refuge,/home/rpotter/hypertower/REFUGE/Validation/Images/V0135.jpg,/home/rpotter/hypertower/REFUGE/Validation/Disc_Masks/V0135.png,/home/rpotter/hypertower/REFUGE/Validation/Disc_Masks/V0135.png,mask,mask,val
refuge2_val_V0136,refuge,/home/rpotter/hypertower/REFUGE/Validation/Images/V0136.jpg,/home/rpotter/hypertower/REFUGE/Validation/Disc_Masks/V0136.png,/home/rpotter/hypertower/REFUGE/Validation/Disc_Masks/V0136.png,mask,mask,val
refuge2_val_V0137,refuge,/home/rpotter/hypertower/REFUGE/Validation/Images/V0137.jpg,/home/rpotter/hypertower/REFUGE/Validation/Disc_Masks/V0137.png,/home/rpotter/hypertower/REFUGE/Validation/Disc_Masks/V0137.png,mask,mask,val
refuge2_val_V0138,refuge,/home/rpotter/hypertower/REFUGE/Validation/Images/V0138.jpg,/home/rpotter/hypertower/REFUGE/Validation/Disc_Masks/V0138.png,/home/rpotter/hypertower/REFUGE/Validation/Disc_Masks/V0138.png,mask,mask,val
refuge2_val_V0139,refuge,/home/rpotter/hypertower/REFUGE/Validation/Images/V0139.jpg,/home/rpotter/hypertower/REFUGE/Validation/Disc_Masks/V0139.png,/home/rpotter/hypertower/REFUGE/Validation/Disc_Masks/V0139.png,mask,mask,val
refuge2_val_V0140,refuge,/home/rpotter/hypertower/REFUGE/Validation/Images/V0140.jpg,/home/rpotter/hypertower/REFUGE/Validation/Disc_Masks/V0140.png,/home/rpotter/hypertower/REFUGE/Validation/Disc_Masks/V0140.png,mask,mask,val
refuge2_val_V0141,refuge,/home/rpotter/hypertower/REFUGE/Validation/Images/V0141.jpg,/home/rpotter/hypertower/REFUGE/Validation/Disc_Masks/V0141.png,/home/rpotter/hypertower/REFUGE/Validation/Disc_Masks/V0141.png,mask,mask,val
refuge2_val_V0142,refuge,/home/rpotter/hypertower/REFUGE/Validation/Images/V0142.jpg,/home/rpotter/hypertower/REFUGE/Validation/Disc_Masks/V0142.png,/home/rpotter/hypertower/REFUGE/Validation/Disc_Masks/V0142.png,mask,mask,val
refuge2_val_V0143,refuge,/home/rpotter/hypertower/REFUGE/Validation/Images/V0143.jpg,/home/rpotter/hypertower/REFUGE/Validation/Disc_Masks/V0143.png,/home/rpotter/hypertower/REFUGE/Validation/Disc_Masks/V0143.png,mask,mask,val
refuge2_val_V0144,refuge,/home/rpotter/hypertower/REFUGE/Validation/Images/V0144.jpg,/home/rpotter/hypertower/REFUGE/Validation/Disc_Masks/V0144.png,/home/rpotter/hypertower/REFUGE/Validation/Disc_Masks/V0144.png,mask,mask,val
refuge2_val_V0145,refuge,/home/rpotter/hypertower/REFUGE/Validation/Images/V0145.jpg,/home/rpotter/hypertower/REFUGE/Validation/Disc_Masks/V0145.png,/home/rpotter/hypertower/REFUGE/Validation/Disc_Masks/V0145.png,mask,mask,val
refuge2_val_V0146,refuge,/home/rpotter/hypertower/REFUGE/Validation/Images/V0146.jpg,/home/rpotter/hypertower/REFUGE/Validation/Disc_Masks/V0146.png,/home/rpotter/hypertower/REFUGE/Validation/Disc_Masks/V0146.png,mask,mask,val
refuge2_val_V0147,refuge,/home/rpotter/hypertower/REFUGE/Validation/Images/V0147.jpg,/home/rpotter/hypertower/REFUGE/Validation/Disc_Masks/V0147.png,/home/rpotter/hypertower/REFUGE/Validation/Disc_Masks/V0147.png,mask,mask,val
refuge2_val_V0148,refuge,/home/rpotter/hypertower/REFUGE/Validation/Images/V0148.jpg,/home/rpotter/hypertower/REFUGE/Validation/Disc_Masks/V0148.png,/home/rpotter/hypertower/REFUGE/Validation/Disc_Masks/V0148.png,mask,mask,val
refuge2_val_V0149,refuge,/home/rpotter/hypertower/REFUGE/Validation/Images/V0149.jpg,/home/rpotter/hypertower/REFUGE/Validation/Disc_Masks/V0149.png,/home/rpotter/hypertower/REFUGE/Validation/Disc_Masks/V0149.png,mask,mask,val
refuge2_val_V0150,refuge,/home/rpotter/hypertower/REFUGE/Validation/Images/V0150.jpg,/home/rpotter/hypertower/REFUGE/Validation/Disc_Masks/V0150.png,/home/rpotter/hypertower/REFUGE/Validation/Disc_Masks/V0150.png,mask,mask,val
refuge2_val_V0151,refuge,/home/rpotter/hypertower/REFUGE/Validation/Images/V0151.jpg,/home/rpotter/hypertower/REFUGE/Validation/Disc_Masks/V0151.png,/home/rpotter/hypertower/REFUGE/Validation/Disc_Masks/V0151.png,mask,mask,val
refuge2_val_V0152,refuge,/home/rpotter/hypertower/REFUGE/Validation/Images/V0152.jpg,/home/rpotter/hypertower/REFUGE/Validation/Disc_Masks/V0152.png,/home/rpotter/hypertower/REFUGE/Validation/Disc_Masks/V0152.png,mask,mask,val
refuge2_val_V0153,refuge,/home/rpotter/hypertower/REFUGE/Validation/Images/V0153.jpg,/home/rpotter/hypertower/REFUGE/Validation/Disc_Masks/V0153.png,/home/rpotter/hypertower/REFUGE/Validation/Disc_Masks/V0153.png,mask,mask,val
refuge2_val_V0154,refuge,/home/rpotter/hypertower/REFUGE/Validation/Images/V0154.jpg,/home/rpotter/hypertower/REFUGE/Validation/Disc_Masks/V0154.png,/home/rpotter/hypertower/REFUGE/Validation/Disc_Masks/V0154.png,mask,mask,val
refuge2_val_V0155,refuge,/home/rpotter/hypertower/REFUGE/Validation/Images/V0155.jpg,/home/rpotter/hypertower/REFUGE/Validation/Disc_Masks/V0155.png,/home/rpotter/hypertower/REFUGE/Validation/Disc_Masks/V0155.png,mask,mask,val
refuge2_val_V0156,refuge,/home/rpotter/hypertower/REFUGE/Validation/Images/V0156.jpg,/home/rpotter/hypertower/REFUGE/Validation/Disc_Masks/V0156.png,/home/rpotter/hypertower/REFUGE/Validation/Disc_Masks/V0156.png,mask,mask,val
refuge2_val_V0157,refuge,/home/rpotter/hypertower/REFUGE/Validation/Images/V0157.jpg,/home/rpotter/hypertower/REFUGE/Validation/Disc_Masks/V0157.png,/home/rpotter/hypertower/REFUGE/Validation/Disc_Masks/V0157.png,mask,mask,val
refuge2_val_V0158,refuge,/home/rpotter/hypertower/REFUGE/Validation/Images/V0158.jpg,/home/rpotter/hypertower/REFUGE/Validation/Disc_Masks/V0158.png,/home/rpotter/hypertower/REFUGE/Validation/Disc_Masks/V0158.png,mask,mask,val
refuge2_val_V0159,refuge,/home/rpotter/hypertower/REFUGE/Validation/Images/V0159.jpg,/home/rpotter/hypertower/REFUGE/Validation/Disc_Masks/V0159.png,/home/rpotter/hypertower/REFUGE/Validation/Disc_Masks/V0159.png,mask,mask,val
refuge2_val_V0160,refuge,/home/rpotter/hypertower/REFUGE/Validation/Images/V0160.jpg,/home/rpotter/hypertower/REFUGE/Validation/Disc_Masks/V0160.png,/home/rpotter/hypertower/REFUGE/Validation/Disc_Masks/V0160.png,mask,mask,val
refuge2_val_V0161,refuge,/home/rpotter/hypertower/REFUGE/Validation/Images/V0161.jpg,/home/rpotter/hypertower/REFUGE/Validation/Disc_Masks/V0161.png,/home/rpotter/hypertower/REFUGE/Validation/Disc_Masks/V0161.png,mask,mask,val
refuge2_val_V0162,refuge,/home/rpotter/hypertower/REFUGE/Validation/Images/V0162.jpg,/home/rpotter/hypertower/REFUGE/Validation/Disc_Masks/V0162.png,/home/rpotter/hypertower/REFUGE/Validation/Disc_Masks/V0162.png,mask,mask,val
refuge2_val_V0163,refuge,/home/rpotter/hypertower/REFUGE/Validation/Images/V0163.jpg,/home/rpotter/hypertower/REFUGE/Validation/Disc_Masks/V0163.png,/home/rpotter/hypertower/REFUGE/Validation/Disc_Masks/V0163.png,mask,mask,val
refuge2_val_V0164,refuge,/home/rpotter/hypertower/REFUGE/Validation/Images/V0164.jpg,/home/rpotter/hypertower/REFUGE/Validation/Disc_Masks/V0164.png,/home/rpotter/hypertower/REFUGE/Validation/Disc_Masks/V0164.png,mask,mask,val
refuge2_val_V0165,refuge,/home/rpotter/hypertower/REFUGE/Validation/Images/V0165.jpg,/home/rpotter/hypertower/REFUGE/Validation/Disc_Masks/V0165.png,/home/rpotter/hypertower/REFUGE/Validation/Disc_Masks/V0165.png,mask,mask,val
refuge2_val_V0166,refuge,/home/rpotter/hypertower/REFUGE/Validation/Images/V0166.jpg,/home/rpotter/hypertower/REFUGE/Validation/Disc_Masks/V0166.png,/home/rpotter/hypertower/REFUGE/Validation/Disc_Masks/V0166.png,mask,mask,val
refuge2_val_V0167,refuge,/home/rpotter/hypertower/REFUGE/Validation/Images/V0167.jpg,/home/rpotter/hypertower/REFUGE/Validation/Disc_Masks/V0167.png,/home/rpotter/hypertower/REFUGE/Validation/Disc_Masks/V0167.png,mask,mask,val
refuge2_val_V0168,refuge,/home/rpotter/hypertower/REFUGE/Validation/Images/V0168.jpg,/home/rpotter/hypertower/REFUGE/Validation/Disc_Masks/V0168.png,/home/rpotter/hypertower/REFUGE/Validation/Disc_Masks/V0168.png,mask,mask,val
refuge2_val_V0169,refuge,/home/rpotter/hypertower/REFUGE/Validation/Images/V0169.jpg,/home/rpotter/hypertower/REFUGE/Validation/Disc_Masks/V0169.png,/home/rpotter/hypertower/REFUGE/Validation/Disc_Masks/V0169.png,mask,mask,val
refuge2_val_V0170,refuge,/home/rpotter/hypertower/REFUGE/Validation/Images/V0170.jpg,/home/rpotter/hypertower/REFUGE/Validation/Disc_Masks/V0170.png,/home/rpotter/hypertower/REFUGE/Validation/Disc_Masks/V0170.png,mask,mask,val
refuge2_val_V0171,refuge,/home/rpotter/hypertower/REFUGE/Validation/Images/V0171.jpg,/home/rpotter/hypertower/REFUGE/Validation/Disc_Masks/V0171.png,/home/rpotter/hypertower/REFUGE/Validation/Disc_Masks/V0171.png,mask,mask,val
refuge2_val_V0172,refuge,/home/rpotter/hypertower/REFUGE/Validation/Images/V0172.jpg,/home/rpotter/hypertower/REFUGE/Validation/Disc_Masks/V0172.png,/home/rpotter/hypertower/REFUGE/Validation/Disc_Masks/V0172.png,mask,mask,val
refuge2_val_V0173,refuge,/home/rpotter/hypertower/REFUGE/Validation/Images/V0173.jpg,/home/rpotter/hypertower/REFUGE/Validation/Disc_Masks/V0173.png,/home/rpotter/hypertower/REFUGE/Validation/Disc_Masks/V0173.png,mask,mask,val
refuge2_val_V0174,refuge,/home/rpotter/hypertower/REFUGE/Validation/Images/V0174.jpg,/home/rpotter/hypertower/REFUGE/Validation/Disc_Masks/V0174.png,/home/rpotter/hypertower/REFUGE/Validation/Disc_Masks/V0174.png,mask,mask,val
refuge2_val_V0175,refuge,/home/rpotter/hypertower/REFUGE/Validation/Images/V0175.jpg,/home/rpotter/hypertower/REFUGE/Validation/Disc_Masks/V0175.png,/home/rpotter/hypertower/REFUGE/Validation/Disc_Masks/V0175.png,mask,mask,val
refuge2_val_V0176,refuge,/home/rpotter/hypertower/REFUGE/Validation/Images/V0176.jpg,/home/rpotter/hypertower/REFUGE/Validation/Disc_Masks/V0176.png,/home/rpotter/hypertower/REFUGE/Validation/Disc_Masks/V0176.png,mask,mask,val
refuge2_val_V0177,refuge,/home/rpotter/hypertower/REFUGE/Validation/Images/V0177.jpg,/home/rpotter/hypertower/REFUGE/Validation/Disc_Masks/V0177.png,/home/rpotter/hypertower/REFUGE/Validation/Disc_Masks/V0177.png,mask,mask,val
refuge2_val_V0178,refuge,/home/rpotter/hypertower/REFUGE/Validation/Images/V0178.jpg,/home/rpotter/hypertower/REFUGE/Validation/Disc_Masks/V0178.png,/home/rpotter/hypertower/REFUGE/Validation/Disc_Masks/V0178.png,mask,mask,val
refuge2_val_V0179,refuge,/home/rpotter/hypertower/REFUGE/Validation/Images/V0179.jpg,/home/rpotter/hypertower/REFUGE/Validation/Disc_Masks/V0179.png,/home/rpotter/hypertower/REFUGE/Validation/Disc_Masks/V0179.png,mask,mask,val
refuge2_val_V0180,refuge,/home/rpotter/hypertower/REFUGE/Validation/Images/V0180.jpg,/home/rpotter/hypertower/REFUGE/Validation/Disc_Masks/V0180.png,/home/rpotter/hypertower/REFUGE/Validation/Disc_Masks/V0180.png,mask,mask,val
refuge2_val_V0181,refuge,/home/rpotter/hypertower/REFUGE/Validation/Images/V0181.jpg,/home/rpotter/hypertower/REFUGE/Validation/Disc_Masks/V0181.png,/home/rpotter/hypertower/REFUGE/Validation/Disc_Masks/V0181.png,mask,mask,val
refuge2_val_V0182,refuge,/home/rpotter/hypertower/REFUGE/Validation/Images/V0182.jpg,/home/rpotter/hypertower/REFUGE/Validation/Disc_Masks/V0182.png,/home/rpotter/hypertower/REFUGE/Validation/Disc_Masks/V0182.png,mask,mask,val
refuge2_val_V0183,refuge,/home/rpotter/hypertower/REFUGE/Validation/Images/V0183.jpg,/home/rpotter/hypertower/REFUGE/Validation/Disc_Masks/V0183.png,/home/rpotter/hypertower/REFUGE/Validation/Disc_Masks/V0183.png,mask,mask,val
refuge2_val_V0184,refuge,/home/rpotter/hypertower/REFUGE/Validation/Images/V0184.jpg,/home/rpotter/hypertower/REFUGE/Validation/Disc_Masks/V0184.png,/home/rpotter/hypertower/REFUGE/Validation/Disc_Masks/V0184.png,mask,mask,val
refuge2_val_V0185,refuge,/home/rpotter/hypertower/REFUGE/Validation/Images/V0185.jpg,/home/rpotter/hypertower/REFUGE/Validation/Disc_Masks/V0185.png,/home/rpotter/hypertower/REFUGE/Validation/Disc_Masks/V0185.png,mask,mask,val
refuge2_val_V0186,refuge,/home/rpotter/hypertower/REFUGE/Validation/Images/V0186.jpg,/home/rpotter/hypertower/REFUGE/Validation/Disc_Masks/V0186.png,/home/rpotter/hypertower/REFUGE/Validation/Disc_Masks/V0186.png,mask,mask,val
refuge2_val_V0187,refuge,/home/rpotter/hypertower/REFUGE/Validation/Images/V0187.jpg,/home/rpotter/hypertower/REFUGE/Validation/Disc_Masks/V0187.png,/home/rpotter/hypertower/REFUGE/Validation/Disc_Masks/V0187.png,mask,mask,val
refuge2_val_V0188,refuge,/home/rpotter/hypertower/REFUGE/Validation/Images/V0188.jpg,/home/rpotter/hypertower/REFUGE/Validation/Disc_Masks/V0188.png,/home/rpotter/hypertower/REFUGE/Validation/Disc_Masks/V0188.png,mask,mask,val
refuge2_val_V0189,refuge,/home/rpotter/hypertower/REFUGE/Validation/Images/V0189.jpg,/home/rpotter/hypertower/REFUGE/Validation/Disc_Masks/V0189.png,/home/rpotter/hypertower/REFUGE/Validation/Disc_Masks/V0189.png,mask,mask,val
refuge2_val_V0190,refuge,/home/rpotter/hypertower/REFUGE/Validation/Images/V0190.jpg,/home/rpotter/hypertower/REFUGE/Validation/Disc_Masks/V0190.png,/home/rpotter/hypertower/REFUGE/Validation/Disc_Masks/V0190.png,mask,mask,val
refuge2_val_V0191,refuge,/home/rpotter/hypertower/REFUGE/Validation/Images/V0191.jpg,/home/rpotter/hypertower/REFUGE/Validation/Disc_Masks/V0191.png,/home/rpotter/hypertower/REFUGE/Validation/Disc_Masks/V0191.png,mask,mask,val
refuge2_val_V0192,refuge,/home/rpotter/hypertower/REFUGE/Validation/Images/V0192.jpg,/home/rpotter/hypertower/REFUGE/Validation/Disc_Masks/V0192.png,/home/rpotter/hypertower/REFUGE/Validation/Disc_Masks/V0192.png,mask,mask,val
refuge2_val_V0193,refuge,/home/rpotter/hypertower/REFUGE/Validation/Images/V0193.jpg,/home/rpotter/hypertower/REFUGE/Validation/Disc_Masks/V0193.png,/home/rpotter/hypertower/REFUGE/Validation/Disc_Masks/V0193.png,mask,mask,val
refuge2_val_V0194,refuge,/home/rpotter/hypertower/REFUGE/Validation/Images/V0194.jpg,/home/rpotter/hypertower/REFUGE/Validation/Disc_Masks/V0194.png,/home/rpotter/hypertower/REFUGE/Validation/Disc_Masks/V0194.png,mask,mask,val
refuge2_val_V0195,refuge,/home/rpotter/hypertower/REFUGE/Validation/Images/V0195.jpg,/home/rpotter/hypertower/REFUGE/Validation/Disc_Masks/V0195.png,/home/rpotter/hypertower/REFUGE/Validation/Disc_Masks/V0195.png,mask,mask,val
refuge2_val_V0196,refuge,/home/rpotter/hypertower/REFUGE/Validation/Images/V0196.jpg,/home/rpotter/hypertower/REFUGE/Validation/Disc_Masks/V0196.png,/home/rpotter/hypertower/REFUGE/Validation/Disc_Masks/V0196.png,mask,mask,val
refuge2_val_V0197,refuge,/home/rpotter/hypertower/REFUGE/Validation/Images/V0197.jpg,/home/rpotter/hypertower/REFUGE/Validation/Disc_Masks/V0197.png,/home/rpotter/hypertower/REFUGE/Validation/Disc_Masks/V0197.png,mask,mask,val
refuge2_val_V0198,refuge,/home/rpotter/hypertower/REFUGE/Validation/Images/V0198.jpg,/home/rpotter/hypertower/REFUGE/Validation/Disc_Masks/V0198.png,/home/rpotter/hypertower/REFUGE/Validation/Disc_Masks/V0198.png,mask,mask,val
refuge2_val_V0199,refuge,/home/rpotter/hypertower/REFUGE/Validation/Images/V0199.jpg,/home/rpotter/hypertower/REFUGE/Validation/Disc_Masks/V0199.png,/home/rpotter/hypertower/REFUGE/Validation/Disc_Masks/V0199.png,mask,mask,val
refuge2_val_V0200,refuge,/home/rpotter/hypertower/REFUGE/Validation/Images/V0200.jpg,/home/rpotter/hypertower/REFUGE/Validation/Disc_Masks/V0200.png,/home/rpotter/hypertower/REFUGE/Validation/Disc_Masks/V0200.png,mask,mask,val
refuge2_val_V0201,refuge,/home/rpotter/hypertower/REFUGE/Validation/Images/V0201.jpg,/home/rpotter/hypertower/REFUGE/Validation/Disc_Masks/V0201.png,/home/rpotter/hypertower/REFUGE/Validation/Disc_Masks/V0201.png,mask,mask,val
refuge2_val_V0202,refuge,/home/rpotter/hypertower/REFUGE/Validation/Images/V0202.jpg,/home/rpotter/hypertower/REFUGE/Validation/Disc_Masks/V0202.png,/home/rpotter/hypertower/REFUGE/Validation/Disc_Masks/V0202.png,mask,mask,val
refuge2_val_V0203,refuge,/home/rpotter/hypertower/REFUGE/Validation/Images/V0203.jpg,/home/rpotter/hypertower/REFUGE/Validation/Disc_Masks/V0203.png,/home/rpotter/hypertower/REFUGE/Validation/Disc_Masks/V0203.png,mask,mask,val
refuge2_val_V0204,refuge,/home/rpotter/hypertower/REFUGE/Validation/Images/V0204.jpg,/home/rpotter/hypertower/REFUGE/Validation/Disc_Masks/V0204.png,/home/rpotter/hypertower/REFUGE/Validation/Disc_Masks/V0204.png,mask,mask,val
refuge2_val_V0205,refuge,/home/rpotter/hypertower/REFUGE/Validation/Images/V0205.jpg,/home/rpotter/hypertower/REFUGE/Validation/Disc_Masks/V0205.png,/home/rpotter/hypertower/REFUGE/Validation/Disc_Masks/V0205.png,mask,mask,val
refuge2_val_V0206,refuge,/home/rpotter/hypertower/REFUGE/Validation/Images/V0206.jpg,/home/rpotter/hypertower/REFUGE/Validation/Disc_Masks/V0206.png,/home/rpotter/hypertower/REFUGE/Validation/Disc_Masks/V0206.png,mask,mask,val
refuge2_val_V0207,refuge,/home/rpotter/hypertower/REFUGE/Validation/Images/V0207.jpg,/home/rpotter/hypertower/REFUGE/Validation/Disc_Masks/V0207.png,/home/rpotter/hypertower/REFUGE/Validation/Disc_Masks/V0207.png,mask,mask,val
refuge2_val_V0208,refuge,/home/rpotter/hypertower/REFUGE/Validation/Images/V0208.jpg,/home/rpotter/hypertower/REFUGE/Validation/Disc_Masks/V0208.png,/home/rpotter/hypertower/REFUGE/Validation/Disc_Masks/V0208.png,mask,mask,val
refuge2_val_V0209,refuge,/home/rpotter/hypertower/REFUGE/Validation/Images/V0209.jpg,/home/rpotter/hypertower/REFUGE/Validation/Disc_Masks/V0209.png,/home/rpotter/hypertower/REFUGE/Validation/Disc_Masks/V0209.png,mask,mask,val
refuge2_val_V0210,refuge,/home/rpotter/hypertower/REFUGE/Validation/Images/V0210.jpg,/home/rpotter/hypertower/REFUGE/Validation/Disc_Masks/V0210.png,/home/rpotter/hypertower/REFUGE/Validation/Disc_Masks/V0210.png,mask,mask,val
refuge2_val_V0211,refuge,/home/rpotter/hypertower/REFUGE/Validation/Images/V0211.jpg,/home/rpotter/hypertower/REFUGE/Validation/Disc_Masks/V0211.png,/home/rpotter/hypertower/REFUGE/Validation/Disc_Masks/V0211.png,mask,mask,val
refuge2_val_V0212,refuge,/home/rpotter/hypertower/REFUGE/Validation/Images/V0212.jpg,/home/rpotter/hypertower/REFUGE/Validation/Disc_Masks/V0212.png,/home/rpotter/hypertower/REFUGE/Validation/Disc_Masks/V0212.png,mask,mask,val
refuge2_val_V0213,refuge,/home/rpotter/hypertower/REFUGE/Validation/Images/V0213.jpg,/home/rpotter/hypertower/REFUGE/Validation/Disc_Masks/V0213.png,/home/rpotter/hypertower/REFUGE/Validation/Disc_Masks/V0213.png,mask,mask,val
refuge2_val_V0214,refuge,/home/rpotter/hypertower/REFUGE/Validation/Images/V0214.jpg,/home/rpotter/hypertower/REFUGE/Validation/Disc_Masks/V0214.png,/home/rpotter/hypertower/REFUGE/Validation/Disc_Masks/V0214.png,mask,mask,val
refuge2_val_V0215,refuge,/home/rpotter/hypertower/REFUGE/Validation/Images/V0215.jpg,/home/rpotter/hypertower/REFUGE/Validation/Disc_Masks/V0215.png,/home/rpotter/hypertower/REFUGE/Validation/Disc_Masks/V0215.png,mask,mask,val
refuge2_val_V0216,refuge,/home/rpotter/hypertower/REFUGE/Validation/Images/V0216.jpg,/home/rpotter/hypertower/REFUGE/Validation/Disc_Masks/V0216.png,/home/rpotter/hypertower/REFUGE/Validation/Disc_Masks/V0216.png,mask,mask,val
refuge2_val_V0217,refuge,/home/rpotter/hypertower/REFUGE/Validation/Images/V0217.jpg,/home/rpotter/hypertower/REFUGE/Validation/Disc_Masks/V0217.png,/home/rpotter/hypertower/REFUGE/Validation/Disc_Masks/V0217.png,mask,mask,val
refuge2_val_V0218,refuge,/home/rpotter/hypertower/REFUGE/Validation/Images/V0218.jpg,/home/rpotter/hypertower/REFUGE/Validation/Disc_Masks/V0218.png,/home/rpotter/hypertower/REFUGE/Validation/Disc_Masks/V0218.png,mask,mask,val
refuge2_val_V0219,refuge,/home/rpotter/hypertower/REFUGE/Validation/Images/V0219.jpg,/home/rpotter/hypertower/REFUGE/Validation/Disc_Masks/V0219.png,/home/rpotter/hypertower/REFUGE/Validation/Disc_Masks/V0219.png,mask,mask,val
refuge2_val_V0220,refuge,/home/rpotter/hypertower/REFUGE/Validation/Images/V0220.jpg,/home/rpotter/hypertower/REFUGE/Validation/Disc_Masks/V0220.png,/home/rpotter/hypertower/REFUGE/Validation/Disc_Masks/V0220.png,mask,mask,val
refuge2_val_V0221,refuge,/home/rpotter/hypertower/REFUGE/Validation/Images/V0221.jpg,/home/rpotter/hypertower/REFUGE/Validation/Disc_Masks/V0221.png,/home/rpotter/hypertower/REFUGE/Validation/Disc_Masks/V0221.png,mask,mask,val
refuge2_val_V0222,refuge,/home/rpotter/hypertower/REFUGE/Validation/Images/V0222.jpg,/home/rpotter/hypertower/REFUGE/Validation/Disc_Masks/V0222.png,/home/rpotter/hypertower/REFUGE/Validation/Disc_Masks/V0222.png,mask,mask,val
refuge2_val_V0223,refuge,/home/rpotter/hypertower/REFUGE/Validation/Images/V0223.jpg,/home/rpotter/hypertower/REFUGE/Validation/Disc_Masks/V0223.png,/home/rpotter/hypertower/REFUGE/Validation/Disc_Masks/V0223.png,mask,mask,val
refuge2_val_V0224,refuge,/home/rpotter/hypertower/REFUGE/Validation/Images/V0224.jpg,/home/rpotter/hypertower/REFUGE/Validation/Disc_Masks/V0224.png,/home/rpotter/hypertower/REFUGE/Validation/Disc_Masks/V0224.png,mask,mask,val
refuge2_val_V0225,refuge,/home/rpotter/hypertower/REFUGE/Validation/Images/V0225.jpg,/home/rpotter/hypertower/REFUGE/Validation/Disc_Masks/V0225.png,/home/rpotter/hypertower/REFUGE/Validation/Disc_Masks/V0225.png,mask,mask,val
refuge2_val_V0226,refuge,/home/rpotter/hypertower/REFUGE/Validation/Images/V0226.jpg,/home/rpotter/hypertower/REFUGE/Validation/Disc_Masks/V0226.png,/home/rpotter/hypertower/REFUGE/Validation/Disc_Masks/V0226.png,mask,mask,val
refuge2_val_V0227,refuge,/home/rpotter/hypertower/REFUGE/Validation/Images/V0227.jpg,/home/rpotter/hypertower/REFUGE/Validation/Disc_Masks/V0227.png,/home/rpotter/hypertower/REFUGE/Validation/Disc_Masks/V0227.png,mask,mask,val
refuge2_val_V0228,refuge,/home/rpotter/hypertower/REFUGE/Validation/Images/V0228.jpg,/home/rpotter/hypertower/REFUGE/Validation/Disc_Masks/V0228.png,/home/rpotter/hypertower/REFUGE/Validation/Disc_Masks/V0228.png,mask,mask,val
refuge2_val_V0229,refuge,/home/rpotter/hypertower/REFUGE/Validation/Images/V0229.jpg,/home/rpotter/hypertower/REFUGE/Validation/Disc_Masks/V0229.png,/home/rpotter/hypertower/REFUGE/Validation/Disc_Masks/V0229.png,mask,mask,val
refuge2_val_V0230,refuge,/home/rpotter/hypertower/REFUGE/Validation/Images/V0230.jpg,/home/rpotter/hypertower/REFUGE/Validation/Disc_Masks/V0230.png,/home/rpotter/hypertower/REFUGE/Validation/Disc_Masks/V0230.png,mask,mask,val
refuge2_val_V0231,refuge,/home/rpotter/hypertower/REFUGE/Validation/Images/V0231.jpg,/home/rpotter/hypertower/REFUGE/Validation/Disc_Masks/V0231.png,/home/rpotter/hypertower/REFUGE/Validation/Disc_Masks/V0231.png,mask,mask,val
refuge2_val_V0232,refuge,/home/rpotter/hypertower/REFUGE/Validation/Images/V0232.jpg,/home/rpotter/hypertower/REFUGE/Validation/Disc_Masks/V0232.png,/home/rpotter/hypertower/REFUGE/Validation/Disc_Masks/V0232.png,mask,mask,val
refuge2_val_V0233,refuge,/home/rpotter/hypertower/REFUGE/Validation/Images/V0233.jpg,/home/rpotter/hypertower/REFUGE/Validation/Disc_Masks/V0233.png,/home/rpotter/hypertower/REFUGE/Validation/Disc_Masks/V0233.png,mask,mask,val
refuge2_val_V0234,refuge,/home/rpotter/hypertower/REFUGE/Validation/Images/V0234.jpg,/home/rpotter/hypertower/REFUGE/Validation/Disc_Masks/V0234.png,/home/rpotter/hypertower/REFUGE/Validation/Disc_Masks/V0234.png,mask,mask,val
refuge2_val_V0235,refuge,/home/rpotter/hypertower/REFUGE/Validation/Images/V0235.jpg,/home/rpotter/hypertower/REFUGE/Validation/Disc_Masks/V0235.png,/home/rpotter/hypertower/REFUGE/Validation/Disc_Masks/V0235.png,mask,mask,val
refuge2_val_V0236,refuge,/home/rpotter/hypertower/REFUGE/Validation/Images/V0236.jpg,/home/rpotter/hypertower/REFUGE/Validation/Disc_Masks/V0236.png,/home/rpotter/hypertower/REFUGE/Validation/Disc_Masks/V0236.png,mask,mask,val
refuge2_val_V0237,refuge,/home/rpotter/hypertower/REFUGE/Validation/Images/V0237.jpg,/home/rpotter/hypertower/REFUGE/Validation/Disc_Masks/V0237.png,/home/rpotter/hypertower/REFUGE/Validation/Disc_Masks/V0237.png,mask,mask,val
refuge2_val_V0238,refuge,/home/rpotter/hypertower/REFUGE/Validation/Images/V0238.jpg,/home/rpotter/hypertower/REFUGE/Validation/Disc_Masks/V0238.png,/home/rpotter/hypertower/REFUGE/Validation/Disc_Masks/V0238.png,mask,mask,val
refuge2_val_V0239,refuge,/home/rpotter/hypertower/REFUGE/Validation/Images/V0239.jpg,/home/rpotter/hypertower/REFUGE/Validation/Disc_Masks/V0239.png,/home/rpotter/hypertower/REFUGE/Validation/Disc_Masks/V0239.png,mask,mask,val
refuge2_val_V0240,refuge,/home/rpotter/hypertower/REFUGE/Validation/Images/V0240.jpg,/home/rpotter/hypertower/REFUGE/Validation/Disc_Masks/V0240.png,/home/rpotter/hypertower/REFUGE/Validation/Disc_Masks/V0240.png,mask,mask,val
refuge2_val_V0241,refuge,/home/rpotter/hypertower/REFUGE/Validation/Images/V0241.jpg,/home/rpotter/hypertower/REFUGE/Validation/Disc_Masks/V0241.png,/home/rpotter/hypertower/REFUGE/Validation/Disc_Masks/V0241.png,mask,mask,val
refuge2_val_V0242,refuge,/home/rpotter/hypertower/REFUGE/Validation/Images/V0242.jpg,/home/rpotter/hypertower/REFUGE/Validation/Disc_Masks/V0242.png,/home/rpotter/hypertower/REFUGE/Validation/Disc_Masks/V0242.png,mask,mask,val
refuge2_val_V0243,refuge,/home/rpotter/hypertower/REFUGE/Validation/Images/V0243.jpg,/home/rpotter/hypertower/REFUGE/Validation/Disc_Masks/V0243.png,/home/rpotter/hypertower/REFUGE/Validation/Disc_Masks/V0243.png,mask,mask,val
refuge2_val_V0244,refuge,/home/rpotter/hypertower/REFUGE/Validation/Images/V0244.jpg,/home/rpotter/hypertower/REFUGE/Validation/Disc_Masks/V0244.png,/home/rpotter/hypertower/REFUGE/Validation/Disc_Masks/V0244.png,mask,mask,val
refuge2_val_V0245,refuge,/home/rpotter/hypertower/REFUGE/Validation/Images/V0245.jpg,/home/rpotter/hypertower/REFUGE/Validation/Disc_Masks/V0245.png,/home/rpotter/hypertower/REFUGE/Validation/Disc_Masks/V0245.png,mask,mask,val
refuge2_val_V0246,refuge,/home/rpotter/hypertower/REFUGE/Validation/Images/V0246.jpg,/home/rpotter/hypertower/REFUGE/Validation/Disc_Masks/V0246.png,/home/rpotter/hypertower/REFUGE/Validation/Disc_Masks/V0246.png,mask,mask,val
refuge2_val_V0247,refuge,/home/rpotter/hypertower/REFUGE/Validation/Images/V0247.jpg,/home/rpotter/hypertower/REFUGE/Validation/Disc_Masks/V0247.png,/home/rpotter/hypertower/REFUGE/Validation/Disc_Masks/V0247.png,mask,mask,val
refuge2_val_V0248,refuge,/home/rpotter/hypertower/REFUGE/Validation/Images/V0248.jpg,/home/rpotter/hypertower/REFUGE/Validation/Disc_Masks/V0248.png,/home/rpotter/hypertower/REFUGE/Validation/Disc_Masks/V0248.png,mask,mask,val
refuge2_val_V0249,refuge,/home/rpotter/hypertower/REFUGE/Validation/Images/V0249.jpg,/home/rpotter/hypertower/REFUGE/Validation/Disc_Masks/V0249.png,/home/rpotter/hypertower/REFUGE/Validation/Disc_Masks/V0249.png,mask,mask,val
refuge2_val_V0250,refuge,/home/rpotter/hypertower/REFUGE/Validation/Images/V0250.jpg,/home/rpotter/hypertower/REFUGE/Validation/Disc_Masks/V0250.png,/home/rpotter/hypertower/REFUGE/Validation/Disc_Masks/V0250.png,mask,mask,val
refuge2_val_V0251,refuge,/home/rpotter/hypertower/REFUGE/Validation/Images/V0251.jpg,/home/rpotter/hypertower/REFUGE/Validation/Disc_Masks/V0251.png,/home/rpotter/hypertower/REFUGE/Validation/Disc_Masks/V0251.png,mask,mask,val
refuge2_val_V0252,refuge,/home/rpotter/hypertower/REFUGE/Validation/Images/V0252.jpg,/home/rpotter/hypertower/REFUGE/Validation/Disc_Masks/V0252.png,/home/rpotter/hypertower/REFUGE/Validation/Disc_Masks/V0252.png,mask,mask,val
refuge2_val_V0253,refuge,/home/rpotter/hypertower/REFUGE/Validation/Images/V0253.jpg,/home/rpotter/hypertower/REFUGE/Validation/Disc_Masks/V0253.png,/home/rpotter/hypertower/REFUGE/Validation/Disc_Masks/V0253.png,mask,mask,val
refuge2_val_V0254,refuge,/home/rpotter/hypertower/REFUGE/Validation/Images/V0254.jpg,/home/rpotter/hypertower/REFUGE/Validation/Disc_Masks/V0254.png,/home/rpotter/hypertower/REFUGE/Validation/Disc_Masks/V0254.png,mask,mask,val
refuge2_val_V0255,refuge,/home/rpotter/hypertower/REFUGE/Validation/Images/V0255.jpg,/home/rpotter/hypertower/REFUGE/Validation/Disc_Masks/V0255.png,/home/rpotter/hypertower/REFUGE/Validation/Disc_Masks/V0255.png,mask,mask,val
refuge2_val_V0256,refuge,/home/rpotter/hypertower/REFUGE/Validation/Images/V0256.jpg,/home/rpotter/hypertower/REFUGE/Validation/Disc_Masks/V0256.png,/home/rpotter/hypertower/REFUGE/Validation/Disc_Masks/V0256.png,mask,mask,val
refuge2_val_V0257,refuge,/home/rpotter/hypertower/REFUGE/Validation/Images/V0257.jpg,/home/rpotter/hypertower/REFUGE/Validation/Disc_Masks/V0257.png,/home/rpotter/hypertower/REFUGE/Validation/Disc_Masks/V0257.png,mask,mask,val
refuge2_val_V0258,refuge,/home/rpotter/hypertower/REFUGE/Validation/Images/V0258.jpg,/home/rpotter/hypertower/REFUGE/Validation/Disc_Masks/V0258.png,/home/rpotter/hypertower/REFUGE/Validation/Disc_Masks/V0258.png,mask,mask,val
refuge2_val_V0259,refuge,/home/rpotter/hypertower/REFUGE/Validation/Images/V0259.jpg,/home/rpotter/hypertower/REFUGE/Validation/Disc_Masks/V0259.png,/home/rpotter/hypertower/REFUGE/Validation/Disc_Masks/V0259.png,mask,mask,val
refuge2_val_V0260,refuge,/home/rpotter/hypertower/REFUGE/Validation/Images/V0260.jpg,/home/rpotter/hypertower/REFUGE/Validation/Disc_Masks/V0260.png,/home/rpotter/hypertower/REFUGE/Validation/Disc_Masks/V0260.png,mask,mask,val
refuge2_val_V0261,refuge,/home/rpotter/hypertower/REFUGE/Validation/Images/V0261.jpg,/home/rpotter/hypertower/REFUGE/Validation/Disc_Masks/V0261.png,/home/rpotter/hypertower/REFUGE/Validation/Disc_Masks/V0261.png,mask,mask,val
refuge2_val_V0262,refuge,/home/rpotter/hypertower/REFUGE/Validation/Images/V0262.jpg,/home/rpotter/hypertower/REFUGE/Validation/Disc_Masks/V0262.png,/home/rpotter/hypertower/REFUGE/Validation/Disc_Masks/V0262.png,mask,mask,val
refuge2_val_V0263,refuge,/home/rpotter/hypertower/REFUGE/Validation/Images/V0263.jpg,/home/rpotter/hypertower/REFUGE/Validation/Disc_Masks/V0263.png,/home/rpotter/hypertower/REFUGE/Validation/Disc_Masks/V0263.png,mask,mask,val
refuge2_val_V0264,refuge,/home/rpotter/hypertower/REFUGE/Validation/Images/V0264.jpg,/home/rpotter/hypertower/REFUGE/Validation/Disc_Masks/V0264.png,/home/rpotter/hypertower/REFUGE/Validation/Disc_Masks/V0264.png,mask,mask,val
refuge2_val_V0265,refuge,/home/rpotter/hypertower/REFUGE/Validation/Images/V0265.jpg,/home/rpotter/hypertower/REFUGE/Validation/Disc_Masks/V0265.png,/home/rpotter/hypertower/REFUGE/Validation/Disc_Masks/V0265.png,mask,mask,val
refuge2_val_V0266,refuge,/home/rpotter/hypertower/REFUGE/Validation/Images/V0266.jpg,/home/rpotter/hypertower/REFUGE/Validation/Disc_Masks/V0266.png,/home/rpotter/hypertower/REFUGE/Validation/Disc_Masks/V0266.png,mask,mask,val
refuge2_val_V0267,refuge,/home/rpotter/hypertower/REFUGE/Validation/Images/V0267.jpg,/home/rpotter/hypertower/REFUGE/Validation/Disc_Masks/V0267.png,/home/rpotter/hypertower/REFUGE/Validation/Disc_Masks/V0267.png,mask,mask,val
refuge2_val_V0268,refuge,/home/rpotter/hypertower/REFUGE/Validation/Images/V0268.jpg,/home/rpotter/hypertower/REFUGE/Validation/Disc_Masks/V0268.png,/home/rpotter/hypertower/REFUGE/Validation/Disc_Masks/V0268.png,mask,mask,val
refuge2_val_V0269,refuge,/home/rpotter/hypertower/REFUGE/Validation/Images/V0269.jpg,/home/rpotter/hypertower/REFUGE/Validation/Disc_Masks/V0269.png,/home/rpotter/hypertower/REFUGE/Validation/Disc_Masks/V0269.png,mask,mask,val
refuge2_val_V0270,refuge,/home/rpotter/hypertower/REFUGE/Validation/Images/V0270.jpg,/home/rpotter/hypertower/REFUGE/Validation/Disc_Masks/V0270.png,/home/rpotter/hypertower/REFUGE/Validation/Disc_Masks/V0270.png,mask,mask,val
refuge2_val_V0271,refuge,/home/rpotter/hypertower/REFUGE/Validation/Images/V0271.jpg,/home/rpotter/hypertower/REFUGE/Validation/Disc_Masks/V0271.png,/home/rpotter/hypertower/REFUGE/Validation/Disc_Masks/V0271.png,mask,mask,val
refuge2_val_V0272,refuge,/home/rpotter/hypertower/REFUGE/Validation/Images/V0272.jpg,/home/rpotter/hypertower/REFUGE/Validation/Disc_Masks/V0272.png,/home/rpotter/hypertower/REFUGE/Validation/Disc_Masks/V0272.png,mask,mask,val
refuge2_val_V0273,refuge,/home/rpotter/hypertower/REFUGE/Validation/Images/V0273.jpg,/home/rpotter/hypertower/REFUGE/Validation/Disc_Masks/V0273.png,/home/rpotter/hypertower/REFUGE/Validation/Disc_Masks/V0273.png,mask,mask,val
refuge2_val_V0274,refuge,/home/rpotter/hypertower/REFUGE/Validation/Images/V0274.jpg,/home/rpotter/hypertower/REFUGE/Validation/Disc_Masks/V0274.png,/home/rpotter/hypertower/REFUGE/Validation/Disc_Masks/V0274.png,mask,mask,val
refuge2_val_V0275,refuge,/home/rpotter/hypertower/REFUGE/Validation/Images/V0275.jpg,/home/rpotter/hypertower/REFUGE/Validation/Disc_Masks/V0275.png,/home/rpotter/hypertower/REFUGE/Validation/Disc_Masks/V0275.png,mask,mask,val
refuge2_val_V0276,refuge,/home/rpotter/hypertower/REFUGE/Validation/Images/V0276.jpg,/home/rpotter/hypertower/REFUGE/Validation/Disc_Masks/V0276.png,/home/rpotter/hypertower/REFUGE/Validation/Disc_Masks/V0276.png,mask,mask,val
refuge2_val_V0277,refuge,/home/rpotter/hypertower/REFUGE/Validation/Images/V0277.jpg,/home/rpotter/hypertower/REFUGE/Validation/Disc_Masks/V0277.png,/home/rpotter/hypertower/REFUGE/Validation/Disc_Masks/V0277.png,mask,mask,val
refuge2_val_V0278,refuge,/home/rpotter/hypertower/REFUGE/Validation/Images/V0278.jpg,/home/rpotter/hypertower/REFUGE/Validation/Disc_Masks/V0278.png,/home/rpotter/hypertower/REFUGE/Validation/Disc_Masks/V0278.png,mask,mask,val
refuge2_val_V0279,refuge,/home/rpotter/hypertower/REFUGE/Validation/Images/V0279.jpg,/home/rpotter/hypertower/REFUGE/Validation/Disc_Masks/V0279.png,/home/rpotter/hypertower/REFUGE/Validation/Disc_Masks/V0279.png,mask,mask,val
refuge2_val_V0280,refuge,/home/rpotter/hypertower/REFUGE/Validation/Images/V0280.jpg,/home/rpotter/hypertower/REFUGE/Validation/Disc_Masks/V0280.png,/home/rpotter/hypertower/REFUGE/Validation/Disc_Masks/V0280.png,mask,mask,val
refuge2_val_V0281,refuge,/home/rpotter/hypertower/REFUGE/Validation/Images/V0281.jpg,/home/rpotter/hypertower/REFUGE/Validation/Disc_Masks/V0281.png,/home/rpotter/hypertower/REFUGE/Validation/Disc_Masks/V0281.png,mask,mask,val
refuge2_val_V0282,refuge,/home/rpotter/hypertower/REFUGE/Validation/Images/V0282.jpg,/home/rpotter/hypertower/REFUGE/Validation/Disc_Masks/V0282.png,/home/rpotter/hypertower/REFUGE/Validation/Disc_Masks/V0282.png,mask,mask,val
refuge2_val_V0283,refuge,/home/rpotter/hypertower/REFUGE/Validation/Images/V0283.jpg,/home/rpotter/hypertower/REFUGE/Validation/Disc_Masks/V0283.png,/home/rpotter/hypertower/REFUGE/Validation/Disc_Masks/V0283.png,mask,mask,val
refuge2_val_V0284,refuge,/home/rpotter/hypertower/REFUGE/Validation/Images/V0284.jpg,/home/rpotter/hypertower/REFUGE/Validation/Disc_Masks/V0284.png,/home/rpotter/hypertower/REFUGE/Validation/Disc_Masks/V0284.png,mask,mask,val
refuge2_val_V0285,refuge,/home/rpotter/hypertower/REFUGE/Validation/Images/V0285.jpg,/home/rpotter/hypertower/REFUGE/Validation/Disc_Masks/V0285.png,/home/rpotter/hypertower/REFUGE/Validation/Disc_Masks/V0285.png,mask,mask,val
refuge2_val_V0286,refuge,/home/rpotter/hypertower/REFUGE/Validation/Images/V0286.jpg,/home/rpotter/hypertower/REFUGE/Validation/Disc_Masks/V0286.png,/home/rpotter/hypertower/REFUGE/Validation/Disc_Masks/V0286.png,mask,mask,val
refuge2_val_V0287,refuge,/home/rpotter/hypertower/REFUGE/Validation/Images/V0287.jpg,/home/rpotter/hypertower/REFUGE/Validation/Disc_Masks/V0287.png,/home/rpotter/hypertower/REFUGE/Validation/Disc_Masks/V0287.png,mask,mask,val
refuge2_val_V0288,refuge,/home/rpotter/hypertower/REFUGE/Validation/Images/V0288.jpg,/home/rpotter/hypertower/REFUGE/Validation/Disc_Masks/V0288.png,/home/rpotter/hypertower/REFUGE/Validation/Disc_Masks/V0288.png,mask,mask,val
refuge2_val_V0289,refuge,/home/rpotter/hypertower/REFUGE/Validation/Images/V0289.jpg,/home/rpotter/hypertower/REFUGE/Validation/Disc_Masks/V0289.png,/home/rpotter/hypertower/REFUGE/Validation/Disc_Masks/V0289.png,mask,mask,val
refuge2_val_V0290,refuge,/home/rpotter/hypertower/REFUGE/Validation/Images/V0290.jpg,/home/rpotter/hypertower/REFUGE/Validation/Disc_Masks/V0290.png,/home/rpotter/hypertower/REFUGE/Validation/Disc_Masks/V0290.png,mask,mask,val
refuge2_val_V0291,refuge,/home/rpotter/hypertower/REFUGE/Validation/Images/V0291.jpg,/home/rpotter/hypertower/REFUGE/Validation/Disc_Masks/V0291.png,/home/rpotter/hypertower/REFUGE/Validation/Disc_Masks/V0291.png,mask,mask,val
refuge2_val_V0292,refuge,/home/rpotter/hypertower/REFUGE/Validation/Images/V0292.jpg,/home/rpotter/hypertower/REFUGE/Validation/Disc_Masks/V0292.png,/home/rpotter/hypertower/REFUGE/Validation/Disc_Masks/V0292.png,mask,mask,val
refuge2_val_V0293,refuge,/home/rpotter/hypertower/REFUGE/Validation/Images/V0293.jpg,/home/rpotter/hypertower/REFUGE/Validation/Disc_Masks/V0293.png,/home/rpotter/hypertower/REFUGE/Validation/Disc_Masks/V0293.png,mask,mask,val
refuge2_val_V0294,refuge,/home/rpotter/hypertower/REFUGE/Validation/Images/V0294.jpg,/home/rpotter/hypertower/REFUGE/Validation/Disc_Masks/V0294.png,/home/rpotter/hypertower/REFUGE/Validation/Disc_Masks/V0294.png,mask,mask,val
refuge2_val_V0295,refuge,/home/rpotter/hypertower/REFUGE/Validation/Images/V0295.jpg,/home/rpotter/hypertower/REFUGE/Validation/Disc_Masks/V0295.png,/home/rpotter/hypertower/REFUGE/Validation/Disc_Masks/V0295.png,mask,mask,val
refuge2_val_V0296,refuge,/home/rpotter/hypertower/REFUGE/Validation/Images/V0296.jpg,/home/rpotter/hypertower/REFUGE/Validation/Disc_Masks/V0296.png,/home/rpotter/hypertower/REFUGE/Validation/Disc_Masks/V0296.png,mask,mask,val
refuge2_val_V0297,refuge,/home/rpotter/hypertower/REFUGE/Validation/Images/V0297.jpg,/home/rpotter/hypertower/REFUGE/Validation/Disc_Masks/V0297.png,/home/rpotter/hypertower/REFUGE/Validation/Disc_Masks/V0297.png,mask,mask,val
refuge2_val_V0298,refuge,/home/rpotter/hypertower/REFUGE/Validation/Images/V0298.jpg,/home/rpotter/hypertower/REFUGE/Validation/Disc_Masks/V0298.png,/home/rpotter/hypertower/REFUGE/Validation/Disc_Masks/V0298.png,mask,mask,val
refuge2_val_V0299,refuge,/home/rpotter/hypertower/REFUGE/Validation/Images/V0299.jpg,/home/rpotter/hypertower/REFUGE/Validation/Disc_Masks/V0299.png,/home/rpotter/hypertower/REFUGE/Validation/Disc_Masks/V0299.png,mask,mask,val
refuge2_val_V0300,refuge,/home/rpotter/hypertower/REFUGE/Validation/Images/V0300.jpg,/home/rpotter/hypertower/REFUGE/Validation/Disc_Masks/V0300.png,/home/rpotter/hypertower/REFUGE/Validation/Disc_Masks/V0300.png,mask,mask,val
refuge2_val_V0301,refuge,/home/rpotter/hypertower/REFUGE/Validation/Images/V0301.jpg,/home/rpotter/hypertower/REFUGE/Validation/Disc_Masks/V0301.png,/home/rpotter/hypertower/REFUGE/Validation/Disc_Masks/V0301.png,mask,mask,val
refuge2_val_V0302,refuge,/home/rpotter/hypertower/REFUGE/Validation/Images/V0302.jpg,/home/rpotter/hypertower/REFUGE/Validation/Disc_Masks/V0302.png,/home/rpotter/hypertower/REFUGE/Validation/Disc_Masks/V0302.png,mask,mask,val
refuge2_val_V0303,refuge,/home/rpotter/hypertower/REFUGE/Validation/Images/V0303.jpg,/home/rpotter/hypertower/REFUGE/Validation/Disc_Masks/V0303.png,/home/rpotter/hypertower/REFUGE/Validation/Disc_Masks/V0303.png,mask,mask,val
refuge2_val_V0304,refuge,/home/rpotter/hypertower/REFUGE/Validation/Images/V0304.jpg,/home/rpotter/hypertower/REFUGE/Validation/Disc_Masks/V0304.png,/home/rpotter/hypertower/REFUGE/Validation/Disc_Masks/V0304.png,mask,mask,val
refuge2_val_V0305,refuge,/home/rpotter/hypertower/REFUGE/Validation/Images/V0305.jpg,/home/rpotter/hypertower/REFUGE/Validation/Disc_Masks/V0305.png,/home/rpotter/hypertower/REFUGE/Validation/Disc_Masks/V0305.png,mask,mask,val
refuge2_val_V0306,refuge,/home/rpotter/hypertower/REFUGE/Validation/Images/V0306.jpg,/home/rpotter/hypertower/REFUGE/Validation/Disc_Masks/V0306.png,/home/rpotter/hypertower/REFUGE/Validation/Disc_Masks/V0306.png,mask,mask,val
refuge2_val_V0307,refuge,/home/rpotter/hypertower/REFUGE/Validation/Images/V0307.jpg,/home/rpotter/hypertower/REFUGE/Validation/Disc_Masks/V0307.png,/home/rpotter/hypertower/REFUGE/Validation/Disc_Masks/V0307.png,mask,mask,val
refuge2_val_V0308,refuge,/home/rpotter/hypertower/REFUGE/Validation/Images/V0308.jpg,/home/rpotter/hypertower/REFUGE/Validation/Disc_Masks/V0308.png,/home/rpotter/hypertower/REFUGE/Validation/Disc_Masks/V0308.png,mask,mask,val
refuge2_val_V0309,refuge,/home/rpotter/hypertower/REFUGE/Validation/Images/V0309.jpg,/home/rpotter/hypertower/REFUGE/Validation/Disc_Masks/V0309.png,/home/rpotter/hypertower/REFUGE/Validation/Disc_Masks/V0309.png,mask,mask,val
refuge2_val_V0310,refuge,/home/rpotter/hypertower/REFUGE/Validation/Images/V0310.jpg,/home/rpotter/hypertower/REFUGE/Validation/Disc_Masks/V0310.png,/home/rpotter/hypertower/REFUGE/Validation/Disc_Masks/V0310.png,mask,mask,val
refuge2_val_V0311,refuge,/home/rpotter/hypertower/REFUGE/Validation/Images/V0311.jpg,/home/rpotter/hypertower/REFUGE/Validation/Disc_Masks/V0311.png,/home/rpotter/hypertower/REFUGE/Validation/Disc_Masks/V0311.png,mask,mask,val
refuge2_val_V0312,refuge,/home/rpotter/hypertower/REFUGE/Validation/Images/V0312.jpg,/home/rpotter/hypertower/REFUGE/Validation/Disc_Masks/V0312.png,/home/rpotter/hypertower/REFUGE/Validation/Disc_Masks/V0312.png,mask,mask,val
refuge2_val_V0313,refuge,/home/rpotter/hypertower/REFUGE/Validation/Images/V0313.jpg,/home/rpotter/hypertower/REFUGE/Validation/Disc_Masks/V0313.png,/home/rpotter/hypertower/REFUGE/Validation/Disc_Masks/V0313.png,mask,mask,val
refuge2_val_V0314,refuge,/home/rpotter/hypertower/REFUGE/Validation/Images/V0314.jpg,/home/rpotter/hypertower/REFUGE/Validation/Disc_Masks/V0314.png,/home/rpotter/hypertower/REFUGE/Validation/Disc_Masks/V0314.png,mask,mask,val
refuge2_val_V0315,refuge,/home/rpotter/hypertower/REFUGE/Validation/Images/V0315.jpg,/home/rpotter/hypertower/REFUGE/Validation/Disc_Masks/V0315.png,/home/rpotter/hypertower/REFUGE/Validation/Disc_Masks/V0315.png,mask,mask,val
refuge2_val_V0316,refuge,/home/rpotter/hypertower/REFUGE/Validation/Images/V0316.jpg,/home/rpotter/hypertower/REFUGE/Validation/Disc_Masks/V0316.png,/home/rpotter/hypertower/REFUGE/Validation/Disc_Masks/V0316.png,mask,mask,val
refuge2_val_V0317,refuge,/home/rpotter/hypertower/REFUGE/Validation/Images/V0317.jpg,/home/rpotter/hypertower/REFUGE/Validation/Disc_Masks/V0317.png,/home/rpotter/hypertower/REFUGE/Validation/Disc_Masks/V0317.png,mask,mask,val
refuge2_val_V0318,refuge,/home/rpotter/hypertower/REFUGE/Validation/Images/V0318.jpg,/home/rpotter/hypertower/REFUGE/Validation/Disc_Masks/V0318.png,/home/rpotter/hypertower/REFUGE/Validation/Disc_Masks/V0318.png,mask,mask,val
refuge2_val_V0319,refuge,/home/rpotter/hypertower/REFUGE/Validation/Images/V0319.jpg,/home/rpotter/hypertower/REFUGE/Validation/Disc_Masks/V0319.png,/home/rpotter/hypertower/REFUGE/Validation/Disc_Masks/V0319.png,mask,mask,val
refuge2_val_V0320,refuge,/home/rpotter/hypertower/REFUGE/Validation/Images/V0320.jpg,/home/rpotter/hypertower/REFUGE/Validation/Disc_Masks/V0320.png,/home/rpotter/hypertower/REFUGE/Validation/Disc_Masks/V0320.png,mask,mask,val
refuge2_val_V0321,refuge,/home/rpotter/hypertower/REFUGE/Validation/Images/V0321.jpg,/home/rpotter/hypertower/REFUGE/Validation/Disc_Masks/V0321.png,/home/rpotter/hypertower/REFUGE/Validation/Disc_Masks/V0321.png,mask,mask,val
refuge2_val_V0322,refuge,/home/rpotter/hypertower/REFUGE/Validation/Images/V0322.jpg,/home/rpotter/hypertower/REFUGE/Validation/Disc_Masks/V0322.png,/home/rpotter/hypertower/REFUGE/Validation/Disc_Masks/V0322.png,mask,mask,val
refuge2_val_V0323,refuge,/home/rpotter/hypertower/REFUGE/Validation/Images/V0323.jpg,/home/rpotter/hypertower/REFUGE/Validation/Disc_Masks/V0323.png,/home/rpotter/hypertower/REFUGE/Validation/Disc_Masks/V0323.png,mask,mask,val
refuge2_val_V0324,refuge,/home/rpotter/hypertower/REFUGE/Validation/Images/V0324.jpg,/home/rpotter/hypertower/REFUGE/Validation/Disc_Masks/V0324.png,/home/rpotter/hypertower/REFUGE/Validation/Disc_Masks/V0324.png,mask,mask,val
refuge2_val_V0325,refuge,/home/rpotter/hypertower/REFUGE/Validation/Images/V0325.jpg,/home/rpotter/hypertower/REFUGE/Validation/Disc_Masks/V0325.png,/home/rpotter/hypertower/REFUGE/Validation/Disc_Masks/V0325.png,mask,mask,val
refuge2_val_V0326,refuge,/home/rpotter/hypertower/REFUGE/Validation/Images/V0326.jpg,/home/rpotter/hypertower/REFUGE/Validation/Disc_Masks/V0326.png,/home/rpotter/hypertower/REFUGE/Validation/Disc_Masks/V0326.png,mask,mask,val
refuge2_val_V0327,refuge,/home/rpotter/hypertower/REFUGE/Validation/Images/V0327.jpg,/home/rpotter/hypertower/REFUGE/Validation/Disc_Masks/V0327.png,/home/rpotter/hypertower/REFUGE/Validation/Disc_Masks/V0327.png,mask,mask,val
refuge2_val_V0328,refuge,/home/rpotter/hypertower/REFUGE/Validation/Images/V0328.jpg,/home/rpotter/hypertower/REFUGE/Validation/Disc_Masks/V0328.png,/home/rpotter/hypertower/REFUGE/Validation/Disc_Masks/V0328.png,mask,mask,val
refuge2_val_V0329,refuge,/home/rpotter/hypertower/REFUGE/Validation/Images/V0329.jpg,/home/rpotter/hypertower/REFUGE/Validation/Disc_Masks/V0329.png,/home/rpotter/hypertower/REFUGE/Validation/Disc_Masks/V0329.png,mask,mask,val
refuge2_val_V0330,refuge,/home/rpotter/hypertower/REFUGE/Validation/Images/V0330.jpg,/home/rpotter/hypertower/REFUGE/Validation/Disc_Masks/V0330.png,/home/rpotter/hypertower/REFUGE/Validation/Disc_Masks/V0330.png,mask,mask,val
refuge2_val_V0331,refuge,/home/rpotter/hypertower/REFUGE/Validation/Images/V0331.jpg,/home/rpotter/hypertower/REFUGE/Validation/Disc_Masks/V0331.png,/home/rpotter/hypertower/REFUGE/Validation/Disc_Masks/V0331.png,mask,mask,val
refuge2_val_V0332,refuge,/home/rpotter/hypertower/REFUGE/Validation/Images/V0332.jpg,/home/rpotter/hypertower/REFUGE/Validation/Disc_Masks/V0332.png,/home/rpotter/hypertower/REFUGE/Validation/Disc_Masks/V0332.png,mask,mask,val
refuge2_val_V0333,refuge,/home/rpotter/hypertower/REFUGE/Validation/Images/V0333.jpg,/home/rpotter/hypertower/REFUGE/Validation/Disc_Masks/V0333.png,/home/rpotter/hypertower/REFUGE/Validation/Disc_Masks/V0333.png,mask,mask,val
refuge2_val_V0334,refuge,/home/rpotter/hypertower/REFUGE/Validation/Images/V0334.jpg,/home/rpotter/hypertower/REFUGE/Validation/Disc_Masks/V0334.png,/home/rpotter/hypertower/REFUGE/Validation/Disc_Masks/V0334.png,mask,mask,val
refuge2_val_V0335,refuge,/home/rpotter/hypertower/REFUGE/Validation/Images/V0335.jpg,/home/rpotter/hypertower/REFUGE/Validation/Disc_Masks/V0335.png,/home/rpotter/hypertower/REFUGE/Validation/Disc_Masks/V0335.png,mask,mask,val
refuge2_val_V0336,refuge,/home/rpotter/hypertower/REFUGE/Validation/Images/V0336.jpg,/home/rpotter/hypertower/REFUGE/Validation/Disc_Masks/V0336.png,/home/rpotter/hypertower/REFUGE/Validation/Disc_Masks/V0336.png,mask,mask,val
refuge2_val_V0337,refuge,/home/rpotter/hypertower/REFUGE/Validation/Images/V0337.jpg,/home/rpotter/hypertower/REFUGE/Validation/Disc_Masks/V0337.png,/home/rpotter/hypertower/REFUGE/Validation/Disc_Masks/V0337.png,mask,mask,val
refuge2_val_V0338,refuge,/home/rpotter/hypertower/REFUGE/Validation/Images/V0338.jpg,/home/rpotter/hypertower/REFUGE/Validation/Disc_Masks/V0338.png,/home/rpotter/hypertower/REFUGE/Validation/Disc_Masks/V0338.png,mask,mask,val
refuge2_val_V0339,refuge,/home/rpotter/hypertower/REFUGE/Validation/Images/V0339.jpg,/home/rpotter/hypertower/REFUGE/Validation/Disc_Masks/V0339.png,/home/rpotter/hypertower/REFUGE/Validation/Disc_Masks/V0339.png,mask,mask,val
refuge2_val_V0340,refuge,/home/rpotter/hypertower/REFUGE/Validation/Images/V0340.jpg,/home/rpotter/hypertower/REFUGE/Validation/Disc_Masks/V0340.png,/home/rpotter/hypertower/REFUGE/Validation/Disc_Masks/V0340.png,mask,mask,val
refuge2_val_V0341,refuge,/home/rpotter/hypertower/REFUGE/Validation/Images/V0341.jpg,/home/rpotter/hypertower/REFUGE/Validation/Disc_Masks/V0341.png,/home/rpotter/hypertower/REFUGE/Validation/Disc_Masks/V0341.png,mask,mask,val
refuge2_val_V0342,refuge,/home/rpotter/hypertower/REFUGE/Validation/Images/V0342.jpg,/home/rpotter/hypertower/REFUGE/Validation/Disc_Masks/V0342.png,/home/rpotter/hypertower/REFUGE/Validation/Disc_Masks/V0342.png,mask,mask,val
refuge2_val_V0343,refuge,/home/rpotter/hypertower/REFUGE/Validation/Images/V0343.jpg,/home/rpotter/hypertower/REFUGE/Validation/Disc_Masks/V0343.png,/home/rpotter/hypertower/REFUGE/Validation/Disc_Masks/V0343.png,mask,mask,val
refuge2_val_V0344,refuge,/home/rpotter/hypertower/REFUGE/Validation/Images/V0344.jpg,/home/rpotter/hypertower/REFUGE/Validation/Disc_Masks/V0344.png,/home/rpotter/hypertower/REFUGE/Validation/Disc_Masks/V0344.png,mask,mask,val
refuge2_val_V0345,refuge,/home/rpotter/hypertower/REFUGE/Validation/Images/V0345.jpg,/home/rpotter/hypertower/REFUGE/Validation/Disc_Masks/V0345.png,/home/rpotter/hypertower/REFUGE/Validation/Disc_Masks/V0345.png,mask,mask,val
refuge2_val_V0346,refuge,/home/rpotter/hypertower/REFUGE/Validation/Images/V0346.jpg,/home/rpotter/hypertower/REFUGE/Validation/Disc_Masks/V0346.png,/home/rpotter/hypertower/REFUGE/Validation/Disc_Masks/V0346.png,mask,mask,val
refuge2_val_V0347,refuge,/home/rpotter/hypertower/REFUGE/Validation/Images/V0347.jpg,/home/rpotter/hypertower/REFUGE/Validation/Disc_Masks/V0347.png,/home/rpotter/hypertower/REFUGE/Validation/Disc_Masks/V0347.png,mask,mask,val
refuge2_val_V0348,refuge,/home/rpotter/hypertower/REFUGE/Validation/Images/V0348.jpg,/home/rpotter/hypertower/REFUGE/Validation/Disc_Masks/V0348.png,/home/rpotter/hypertower/REFUGE/Validation/Disc_Masks/V0348.png,mask,mask,val
refuge2_val_V0349,refuge,/home/rpotter/hypertower/REFUGE/Validation/Images/V0349.jpg,/home/rpotter/hypertower/REFUGE/Validation/Disc_Masks/V0349.png,/home/rpotter/hypertower/REFUGE/Validation/Disc_Masks/V0349.png,mask,mask,val
refuge2_val_V0350,refuge,/home/rpotter/hypertower/REFUGE/Validation/Images/V0350.jpg,/home/rpotter/hypertower/REFUGE/Validation/Disc_Masks/V0350.png,/home/rpotter/hypertower/REFUGE/Validation/Disc_Masks/V0350.png,mask,mask,val
refuge2_val_V0351,refuge,/home/rpotter/hypertower/REFUGE/Validation/Images/V0351.jpg,/home/rpotter/hypertower/REFUGE/Validation/Disc_Masks/V0351.png,/home/rpotter/hypertower/REFUGE/Validation/Disc_Masks/V0351.png,mask,mask,val
refuge2_val_V0352,refuge,/home/rpotter/hypertower/REFUGE/Validation/Images/V0352.jpg,/home/rpotter/hypertower/REFUGE/Validation/Disc_Masks/V0352.png,/home/rpotter/hypertower/REFUGE/Validation/Disc_Masks/V0352.png,mask,mask,val
refuge2_val_V0353,refuge,/home/rpotter/hypertower/REFUGE/Validation/Images/V0353.jpg,/home/rpotter/hypertower/REFUGE/Validation/Disc_Masks/V0353.png,/home/rpotter/hypertower/REFUGE/Validation/Disc_Masks/V0353.png,mask,mask,val
refuge2_val_V0354,refuge,/home/rpotter/hypertower/REFUGE/Validation/Images/V0354.jpg,/home/rpotter/hypertower/REFUGE/Validation/Disc_Masks/V0354.png,/home/rpotter/hypertower/REFUGE/Validation/Disc_Masks/V0354.png,mask,mask,val
refuge2_val_V0355,refuge,/home/rpotter/hypertower/REFUGE/Validation/Images/V0355.jpg,/home/rpotter/hypertower/REFUGE/Validation/Disc_Masks/V0355.png,/home/rpotter/hypertower/REFUGE/Validation/Disc_Masks/V0355.png,mask,mask,val
refuge2_val_V0356,refuge,/home/rpotter/hypertower/REFUGE/Validation/Images/V0356.jpg,/home/rpotter/hypertower/REFUGE/Validation/Disc_Masks/V0356.png,/home/rpotter/hypertower/REFUGE/Validation/Disc_Masks/V0356.png,mask,mask,val
refuge2_val_V0357,refuge,/home/rpotter/hypertower/REFUGE/Validation/Images/V0357.jpg,/home/rpotter/hypertower/REFUGE/Validation/Disc_Masks/V0357.png,/home/rpotter/hypertower/REFUGE/Validation/Disc_Masks/V0357.png,mask,mask,val
refuge2_val_V0358,refuge,/home/rpotter/hypertower/REFUGE/Validation/Images/V0358.jpg,/home/rpotter/hypertower/REFUGE/Validation/Disc_Masks/V0358.png,/home/rpotter/hypertower/REFUGE/Validation/Disc_Masks/V0358.png,mask,mask,val
refuge2_val_V0359,refuge,/home/rpotter/hypertower/REFUGE/Validation/Images/V0359.jpg,/home/rpotter/hypertower/REFUGE/Validation/Disc_Masks/V0359.png,/home/rpotter/hypertower/REFUGE/Validation/Disc_Masks/V0359.png,mask,mask,val
refuge2_val_V0360,refuge,/home/rpotter/hypertower/REFUGE/Validation/Images/V0360.jpg,/home/rpotter/hypertower/REFUGE/Validation/Disc_Masks/V0360.png,/home/rpotter/hypertower/REFUGE/Validation/Disc_Masks/V0360.png,mask,mask,val
refuge2_val_V0361,refuge,/home/rpotter/hypertower/REFUGE/Validation/Images/V0361.jpg,/home/rpotter/hypertower/REFUGE/Validation/Disc_Masks/V0361.png,/home/rpotter/hypertower/REFUGE/Validation/Disc_Masks/V0361.png,mask,mask,val
refuge2_val_V0362,refuge,/home/rpotter/hypertower/REFUGE/Validation/Images/V0362.jpg,/home/rpotter/hypertower/REFUGE/Validation/Disc_Masks/V0362.png,/home/rpotter/hypertower/REFUGE/Validation/Disc_Masks/V0362.png,mask,mask,val
refuge2_val_V0363,refuge,/home/rpotter/hypertower/REFUGE/Validation/Images/V0363.jpg,/home/rpotter/hypertower/REFUGE/Validation/Disc_Masks/V0363.png,/home/rpotter/hypertower/REFUGE/Validation/Disc_Masks/V0363.png,mask,mask,val
refuge2_val_V0364,refuge,/home/rpotter/hypertower/REFUGE/Validation/Images/V0364.jpg,/home/rpotter/hypertower/REFUGE/Validation/Disc_Masks/V0364.png,/home/rpotter/hypertower/REFUGE/Validation/Disc_Masks/V0364.png,mask,mask,val
refuge2_val_V0365,refuge,/home/rpotter/hypertower/REFUGE/Validation/Images/V0365.jpg,/home/rpotter/hypertower/REFUGE/Validation/Disc_Masks/V0365.png,/home/rpotter/hypertower/REFUGE/Validation/Disc_Masks/V0365.png,mask,mask,val
refuge2_val_V0366,refuge,/home/rpotter/hypertower/REFUGE/Validation/Images/V0366.jpg,/home/rpotter/hypertower/REFUGE/Validation/Disc_Masks/V0366.png,/home/rpotter/hypertower/REFUGE/Validation/Disc_Masks/V0366.png,mask,mask,val
refuge2_val_V0367,refuge,/home/rpotter/hypertower/REFUGE/Validation/Images/V0367.jpg,/home/rpotter/hypertower/REFUGE/Validation/Disc_Masks/V0367.png,/home/rpotter/hypertower/REFUGE/Validation/Disc_Masks/V0367.png,mask,mask,val
refuge2_val_V0368,refuge,/home/rpotter/hypertower/REFUGE/Validation/Images/V0368.jpg,/home/rpotter/hypertower/REFUGE/Validation/Disc_Masks/V0368.png,/home/rpotter/hypertower/REFUGE/Validation/Disc_Masks/V0368.png,mask,mask,val
refuge2_val_V0369,refuge,/home/rpotter/hypertower/REFUGE/Validation/Images/V0369.jpg,/home/rpotter/hypertower/REFUGE/Validation/Disc_Masks/V0369.png,/home/rpotter/hypertower/REFUGE/Validation/Disc_Masks/V0369.png,mask,mask,val
refuge2_val_V0370,refuge,/home/rpotter/hypertower/REFUGE/Validation/Images/V0370.jpg,/home/rpotter/hypertower/REFUGE/Validation/Disc_Masks/V0370.png,/home/rpotter/hypertower/REFUGE/Validation/Disc_Masks/V0370.png,mask,mask,val
refuge2_val_V0371,refuge,/home/rpotter/hypertower/REFUGE/Validation/Images/V0371.jpg,/home/rpotter/hypertower/REFUGE/Validation/Disc_Masks/V0371.png,/home/rpotter/hypertower/REFUGE/Validation/Disc_Masks/V0371.png,mask,mask,val
refuge2_val_V0372,refuge,/home/rpotter/hypertower/REFUGE/Validation/Images/V0372.jpg,/home/rpotter/hypertower/REFUGE/Validation/Disc_Masks/V0372.png,/home/rpotter/hypertower/REFUGE/Validation/Disc_Masks/V0372.png,mask,mask,val
refuge2_val_V0373,refuge,/home/rpotter/hypertower/REFUGE/Validation/Images/V0373.jpg,/home/rpotter/hypertower/REFUGE/Validation/Disc_Masks/V0373.png,/home/rpotter/hypertower/REFUGE/Validation/Disc_Masks/V0373.png,mask,mask,val
refuge2_val_V0374,refuge,/home/rpotter/hypertower/REFUGE/Validation/Images/V0374.jpg,/home/rpotter/hypertower/REFUGE/Validation/Disc_Masks/V0374.png,/home/rpotter/hypertower/REFUGE/Validation/Disc_Masks/V0374.png,mask,mask,val
refuge2_val_V0375,refuge,/home/rpotter/hypertower/REFUGE/Validation/Images/V0375.jpg,/home/rpotter/hypertower/REFUGE/Validation/Disc_Masks/V0375.png,/home/rpotter/hypertower/REFUGE/Validation/Disc_Masks/V0375.png,mask,mask,val
refuge2_val_V0376,refuge,/home/rpotter/hypertower/REFUGE/Validation/Images/V0376.jpg,/home/rpotter/hypertower/REFUGE/Validation/Disc_Masks/V0376.png,/home/rpotter/hypertower/REFUGE/Validation/Disc_Masks/V0376.png,mask,mask,val
refuge2_val_V0377,refuge,/home/rpotter/hypertower/REFUGE/Validation/Images/V0377.jpg,/home/rpotter/hypertower/REFUGE/Validation/Disc_Masks/V0377.png,/home/rpotter/hypertower/REFUGE/Validation/Disc_Masks/V0377.png,mask,mask,val
refuge2_val_V0378,refuge,/home/rpotter/hypertower/REFUGE/Validation/Images/V0378.jpg,/home/rpotter/hypertower/REFUGE/Validation/Disc_Masks/V0378.png,/home/rpotter/hypertower/REFUGE/Validation/Disc_Masks/V0378.png,mask,mask,val
refuge2_val_V0379,refuge,/home/rpotter/hypertower/REFUGE/Validation/Images/V0379.jpg,/home/rpotter/hypertower/REFUGE/Validation/Disc_Masks/V0379.png,/home/rpotter/hypertower/REFUGE/Validation/Disc_Masks/V0379.png,mask,mask,val
refuge2_val_V0380,refuge,/home/rpotter/hypertower/REFUGE/Validation/Images/V0380.jpg,/home/rpotter/hypertower/REFUGE/Validation/Disc_Masks/V0380.png,/home/rpotter/hypertower/REFUGE/Validation/Disc_Masks/V0380.png,mask,mask,val
refuge2_val_V0381,refuge,/home/rpotter/hypertower/REFUGE/Validation/Images/V0381.jpg,/home/rpotter/hypertower/REFUGE/Validation/Disc_Masks/V0381.png,/home/rpotter/hypertower/REFUGE/Validation/Disc_Masks/V0381.png,mask,mask,val
refuge2_val_V0382,refuge,/home/rpotter/hypertower/REFUGE/Validation/Images/V0382.jpg,/home/rpotter/hypertower/REFUGE/Validation/Disc_Masks/V0382.png,/home/rpotter/hypertower/REFUGE/Validation/Disc_Masks/V0382.png,mask,mask,val
refuge2_val_V0383,refuge,/home/rpotter/hypertower/REFUGE/Validation/Images/V0383.jpg,/home/rpotter/hypertower/REFUGE/Validation/Disc_Masks/V0383.png,/home/rpotter/hypertower/REFUGE/Validation/Disc_Masks/V0383.png,mask,mask,val
refuge2_val_V0384,refuge,/home/rpotter/hypertower/REFUGE/Validation/Images/V0384.jpg,/home/rpotter/hypertower/REFUGE/Validation/Disc_Masks/V0384.png,/home/rpotter/hypertower/REFUGE/Validation/Disc_Masks/V0384.png,mask,mask,val
refuge2_val_V0385,refuge,/home/rpotter/hypertower/REFUGE/Validation/Images/V0385.jpg,/home/rpotter/hypertower/REFUGE/Validation/Disc_Masks/V0385.png,/home/rpotter/hypertower/REFUGE/Validation/Disc_Masks/V0385.png,mask,mask,val
refuge2_val_V0386,refuge,/home/rpotter/hypertower/REFUGE/Validation/Images/V0386.jpg,/home/rpotter/hypertower/REFUGE/Validation/Disc_Masks/V0386.png,/home/rpotter/hypertower/REFUGE/Validation/Disc_Masks/V0386.png,mask,mask,val
refuge2_val_V0387,refuge,/home/rpotter/hypertower/REFUGE/Validation/Images/V0387.jpg,/home/rpotter/hypertower/REFUGE/Validation/Disc_Masks/V0387.png,/home/rpotter/hypertower/REFUGE/Validation/Disc_Masks/V0387.png,mask,mask,val
refuge2_val_V0388,refuge,/home/rpotter/hypertower/REFUGE/Validation/Images/V0388.jpg,/home/rpotter/hypertower/REFUGE/Validation/Disc_Masks/V0388.png,/home/rpotter/hypertower/REFUGE/Validation/Disc_Masks/V0388.png,mask,mask,val
refuge2_val_V0389,refuge,/home/rpotter/hypertower/REFUGE/Validation/Images/V0389.jpg,/home/rpotter/hypertower/REFUGE/Validation/Disc_Masks/V0389.png,/home/rpotter/hypertower/REFUGE/Validation/Disc_Masks/V0389.png,mask,mask,val
refuge2_val_V0390,refuge,/home/rpotter/hypertower/REFUGE/Validation/Images/V0390.jpg,/home/rpotter/hypertower/REFUGE/Validation/Disc_Masks/V0390.png,/home/rpotter/hypertower/REFUGE/Validation/Disc_Masks/V0390.png,mask,mask,val
refuge2_val_V0391,refuge,/home/rpotter/hypertower/REFUGE/Validation/Images/V0391.jpg,/home/rpotter/hypertower/REFUGE/Validation/Disc_Masks/V0391.png,/home/rpotter/hypertower/REFUGE/Validation/Disc_Masks/V0391.png,mask,mask,val
refuge2_val_V0392,refuge,/home/rpotter/hypertower/REFUGE/Validation/Images/V0392.jpg,/home/rpotter/hypertower/REFUGE/Validation/Disc_Masks/V0392.png,/home/rpotter/hypertower/REFUGE/Validation/Disc_Masks/V0392.png,mask,mask,val
refuge2_val_V0393,refuge,/home/rpotter/hypertower/REFUGE/Validation/Images/V0393.jpg,/home/rpotter/hypertower/REFUGE/Validation/Disc_Masks/V0393.png,/home/rpotter/hypertower/REFUGE/Validation/Disc_Masks/V0393.png,mask,mask,val
refuge2_val_V0394,refuge,/home/rpotter/hypertower/REFUGE/Validation/Images/V0394.jpg,/home/rpotter/hypertower/REFUGE/Validation/Disc_Masks/V0394.png,/home/rpotter/hypertower/REFUGE/Validation/Disc_Masks/V0394.png,mask,mask,val
refuge2_val_V0395,refuge,/home/rpotter/hypertower/REFUGE/Validation/Images/V0395.jpg,/home/rpotter/hypertower/REFUGE/Validation/Disc_Masks/V0395.png,/home/rpotter/hypertower/REFUGE/Validation/Disc_Masks/V0395.png,mask,mask,val
refuge2_val_V0396,refuge,/home/rpotter/hypertower/REFUGE/Validation/Images/V0396.jpg,/home/rpotter/hypertower/REFUGE/Validation/Disc_Masks/V0396.png,/home/rpotter/hypertower/REFUGE/Validation/Disc_Masks/V0396.png,mask,mask,val
refuge2_val_V0397,refuge,/home/rpotter/hypertower/REFUGE/Validation/Images/V0397.jpg,/home/rpotter/hypertower/REFUGE/Validation/Disc_Masks/V0397.png,/home/rpotter/hypertower/REFUGE/Validation/Disc_Masks/V0397.png,mask,mask,val
refuge2_val_V0398,refuge,/home/rpotter/hypertower/REFUGE/Validation/Images/V0398.jpg,/home/rpotter/hypertower/REFUGE/Validation/Disc_Masks/V0398.png,/home/rpotter/hypertower/REFUGE/Validation/Disc_Masks/V0398.png,mask,mask,val
refuge2_val_V0399,refuge,/home/rpotter/hypertower/REFUGE/Validation/Images/V0399.jpg,/home/rpotter/hypertower/REFUGE/Validation/Disc_Masks/V0399.png,/home/rpotter/hypertower/REFUGE/Validation/Disc_Masks/V0399.png,mask,mask,val
refuge2_val_V0400,refuge,/home/rpotter/hypertower/REFUGE/Validation/Images/V0400.jpg,/home/rpotter/hypertower/REFUGE/Validation/Disc_Masks/V0400.png,/home/rpotter/hypertower/REFUGE/Validation/Disc_Masks/V0400.png,mask,mask,val
refuge2_test_T0001,refuge,/home/rpotter/hypertower/REFUGE/Test/refuge2-test/T0001.jpg,/home/rpotter/hypertower/REFUGE/Test/Disc_Mask/T0001.png,/home/rpotter/hypertower/REFUGE/Test/Disc_Mask/T0001.png,mask,mask,holdout
refuge2_test_T0002,refuge,/home/rpotter/hypertower/REFUGE/Test/refuge2-test/T0002.jpg,/home/rpotter/hypertower/REFUGE/Test/Disc_Mask/T0002.png,/home/rpotter/hypertower/REFUGE/Test/Disc_Mask/T0002.png,mask,mask,holdout
refuge2_test_T0003,refuge,/home/rpotter/hypertower/REFUGE/Test/refuge2-test/T0003.jpg,/home/rpotter/hypertower/REFUGE/Test/Disc_Mask/T0003.png,/home/rpotter/hypertower/REFUGE/Test/Disc_Mask/T0003.png,mask,mask,holdout
refuge2_test_T0004,refuge,/home/rpotter/hypertower/REFUGE/Test/refuge2-test/T0004.jpg,/home/rpotter/hypertower/REFUGE/Test/Disc_Mask/T0004.png,/home/rpotter/hypertower/REFUGE/Test/Disc_Mask/T0004.png,mask,mask,holdout
refuge2_test_T0005,refuge,/home/rpotter/hypertower/REFUGE/Test/refuge2-test/T0005.jpg,/home/rpotter/hypertower/REFUGE/Test/Disc_Mask/T0005.png,/home/rpotter/hypertower/REFUGE/Test/Disc_Mask/T0005.png,mask,mask,holdout
refuge2_test_T0006,refuge,/home/rpotter/hypertower/REFUGE/Test/refuge2-test/T0006.jpg,/home/rpotter/hypertower/REFUGE/Test/Disc_Mask/T0006.png,/home/rpotter/hypertower/REFUGE/Test/Disc_Mask/T0006.png,mask,mask,holdout
refuge2_test_T0007,refuge,/home/rpotter/hypertower/REFUGE/Test/refuge2-test/T0007.jpg,/home/rpotter/hypertower/REFUGE/Test/Disc_Mask/T0007.png,/home/rpotter/hypertower/REFUGE/Test/Disc_Mask/T0007.png,mask,mask,holdout
refuge2_test_T0008,refuge,/home/rpotter/hypertower/REFUGE/Test/refuge2-test/T0008.jpg,/home/rpotter/hypertower/REFUGE/Test/Disc_Mask/T0008.png,/home/rpotter/hypertower/REFUGE/Test/Disc_Mask/T0008.png,mask,mask,holdout
refuge2_test_T0009,refuge,/home/rpotter/hypertower/REFUGE/Test/refuge2-test/T0009.jpg,/home/rpotter/hypertower/REFUGE/Test/Disc_Mask/T0009.png,/home/rpotter/hypertower/REFUGE/Test/Disc_Mask/T0009.png,mask,mask,holdout
refuge2_test_T0010,refuge,/home/rpotter/hypertower/REFUGE/Test/refuge2-test/T0010.jpg,/home/rpotter/hypertower/REFUGE/Test/Disc_Mask/T0010.png,/home/rpotter/hypertower/REFUGE/Test/Disc_Mask/T0010.png,mask,mask,holdout
refuge2_test_T0011,refuge,/home/rpotter/hypertower/REFUGE/Test/refuge2-test/T0011.jpg,/home/rpotter/hypertower/REFUGE/Test/Disc_Mask/T0011.png,/home/rpotter/hypertower/REFUGE/Test/Disc_Mask/T0011.png,mask,mask,holdout
refuge2_test_T0012,refuge,/home/rpotter/hypertower/REFUGE/Test/refuge2-test/T0012.jpg,/home/rpotter/hypertower/REFUGE/Test/Disc_Mask/T0012.png,/home/rpotter/hypertower/REFUGE/Test/Disc_Mask/T0012.png,mask,mask,holdout
refuge2_test_T0013,refuge,/home/rpotter/hypertower/REFUGE/Test/refuge2-test/T0013.jpg,/home/rpotter/hypertower/REFUGE/Test/Disc_Mask/T0013.png,/home/rpotter/hypertower/REFUGE/Test/Disc_Mask/T0013.png,mask,mask,holdout
refuge2_test_T0014,refuge,/home/rpotter/hypertower/REFUGE/Test/refuge2-test/T0014.jpg,/home/rpotter/hypertower/REFUGE/Test/Disc_Mask/T0014.png,/home/rpotter/hypertower/REFUGE/Test/Disc_Mask/T0014.png,mask,mask,holdout
refuge2_test_T0015,refuge,/home/rpotter/hypertower/REFUGE/Test/refuge2-test/T0015.jpg,/home/rpotter/hypertower/REFUGE/Test/Disc_Mask/T0015.png,/home/rpotter/hypertower/REFUGE/Test/Disc_Mask/T0015.png,mask,mask,holdout
refuge2_test_T0016,refuge,/home/rpotter/hypertower/REFUGE/Test/refuge2-test/T0016.jpg,/home/rpotter/hypertower/REFUGE/Test/Disc_Mask/T0016.png,/home/rpotter/hypertower/REFUGE/Test/Disc_Mask/T0016.png,mask,mask,holdout
refuge2_test_T0017,refuge,/home/rpotter/hypertower/REFUGE/Test/refuge2-test/T0017.jpg,/home/rpotter/hypertower/REFUGE/Test/Disc_Mask/T0017.png,/home/rpotter/hypertower/REFUGE/Test/Disc_Mask/T0017.png,mask,mask,holdout
refuge2_test_T0018,refuge,/home/rpotter/hypertower/REFUGE/Test/refuge2-test/T0018.jpg,/home/rpotter/hypertower/REFUGE/Test/Disc_Mask/T0018.png,/home/rpotter/hypertower/REFUGE/Test/Disc_Mask/T0018.png,mask,mask,holdout
refuge2_test_T0019,refuge,/home/rpotter/hypertower/REFUGE/Test/refuge2-test/T0019.jpg,/home/rpotter/hypertower/REFUGE/Test/Disc_Mask/T0019.png,/home/rpotter/hypertower/REFUGE/Test/Disc_Mask/T0019.png,mask,mask,holdout
refuge2_test_T0020,refuge,/home/rpotter/hypertower/REFUGE/Test/refuge2-test/T0020.jpg,/home/rpotter/hypertower/REFUGE/Test/Disc_Mask/T0020.png,/home/rpotter/hypertower/REFUGE/Test/Disc_Mask/T0020.png,mask,mask,holdout
refuge2_test_T0021,refuge,/home/rpotter/hypertower/REFUGE/Test/refuge2-test/T0021.jpg,/home/rpotter/hypertower/REFUGE/Test/Disc_Mask/T0021.png,/home/rpotter/hypertower/REFUGE/Test/Disc_Mask/T0021.png,mask,mask,holdout
refuge2_test_T0022,refuge,/home/rpotter/hypertower/REFUGE/Test/refuge2-test/T0022.jpg,/home/rpotter/hypertower/REFUGE/Test/Disc_Mask/T0022.png,/home/rpotter/hypertower/REFUGE/Test/Disc_Mask/T0022.png,mask,mask,holdout
refuge2_test_T0023,refuge,/home/rpotter/hypertower/REFUGE/Test/refuge2-test/T0023.jpg,/home/rpotter/hypertower/REFUGE/Test/Disc_Mask/T0023.png,/home/rpotter/hypertower/REFUGE/Test/Disc_Mask/T0023.png,mask,mask,holdout
refuge2_test_T0024,refuge,/home/rpotter/hypertower/REFUGE/Test/refuge2-test/T0024.jpg,/home/rpotter/hypertower/REFUGE/Test/Disc_Mask/T0024.png,/home/rpotter/hypertower/REFUGE/Test/Disc_Mask/T0024.png,mask,mask,holdout
refuge2_test_T0025,refuge,/home/rpotter/hypertower/REFUGE/Test/refuge2-test/T0025.jpg,/home/rpotter/hypertower/REFUGE/Test/Disc_Mask/T0025.png,/home/rpotter/hypertower/REFUGE/Test/Disc_Mask/T0025.png,mask,mask,holdout
refuge2_test_T0026,refuge,/home/rpotter/hypertower/REFUGE/Test/refuge2-test/T0026.jpg,/home/rpotter/hypertower/REFUGE/Test/Disc_Mask/T0026.png,/home/rpotter/hypertower/REFUGE/Test/Disc_Mask/T0026.png,mask,mask,holdout
refuge2_test_T0027,refuge,/home/rpotter/hypertower/REFUGE/Test/refuge2-test/T0027.jpg,/home/rpotter/hypertower/REFUGE/Test/Disc_Mask/T0027.png,/home/rpotter/hypertower/REFUGE/Test/Disc_Mask/T0027.png,mask,mask,holdout
refuge2_test_T0028,refuge,/home/rpotter/hypertower/REFUGE/Test/refuge2-test/T0028.jpg,/home/rpotter/hypertower/REFUGE/Test/Disc_Mask/T0028.png,/home/rpotter/hypertower/REFUGE/Test/Disc_Mask/T0028.png,mask,mask,holdout
refuge2_test_T0029,refuge,/home/rpotter/hypertower/REFUGE/Test/refuge2-test/T0029.jpg,/home/rpotter/hypertower/REFUGE/Test/Disc_Mask/T0029.png,/home/rpotter/hypertower/REFUGE/Test/Disc_Mask/T0029.png,mask,mask,holdout
refuge2_test_T0030,refuge,/home/rpotter/hypertower/REFUGE/Test/refuge2-test/T0030.jpg,/home/rpotter/hypertower/REFUGE/Test/Disc_Mask/T0030.png,/home/rpotter/hypertower/REFUGE/Test/Disc_Mask/T0030.png,mask,mask,holdout
refuge2_test_T0031,refuge,/home/rpotter/hypertower/REFUGE/Test/refuge2-test/T0031.jpg,/home/rpotter/hypertower/REFUGE/Test/Disc_Mask/T0031.png,/home/rpotter/hypertower/REFUGE/Test/Disc_Mask/T0031.png,mask,mask,holdout
refuge2_test_T0032,refuge,/home/rpotter/hypertower/REFUGE/Test/refuge2-test/T0032.jpg,/home/rpotter/hypertower/REFUGE/Test/Disc_Mask/T0032.png,/home/rpotter/hypertower/REFUGE/Test/Disc_Mask/T0032.png,mask,mask,holdout
refuge2_test_T0033,refuge,/home/rpotter/hypertower/REFUGE/Test/refuge2-test/T0033.jpg,/home/rpotter/hypertower/REFUGE/Test/Disc_Mask/T0033.png,/home/rpotter/hypertower/REFUGE/Test/Disc_Mask/T0033.png,mask,mask,holdout
refuge2_test_T0034,refuge,/home/rpotter/hypertower/REFUGE/Test/refuge2-test/T0034.jpg,/home/rpotter/hypertower/REFUGE/Test/Disc_Mask/T0034.png,/home/rpotter/hypertower/REFUGE/Test/Disc_Mask/T0034.png,mask,mask,holdout
refuge2_test_T0035,refuge,/home/rpotter/hypertower/REFUGE/Test/refuge2-test/T0035.jpg,/home/rpotter/hypertower/REFUGE/Test/Disc_Mask/T0035.png,/home/rpotter/hypertower/REFUGE/Test/Disc_Mask/T0035.png,mask,mask,holdout
refuge2_test_T0036,refuge,/home/rpotter/hypertower/REFUGE/Test/refuge2-test/T0036.jpg,/home/rpotter/hypertower/REFUGE/Test/Disc_Mask/T0036.png,/home/rpotter/hypertower/REFUGE/Test/Disc_Mask/T0036.png,mask,mask,holdout
refuge2_test_T0037,refuge,/home/rpotter/hypertower/REFUGE/Test/refuge2-test/T0037.jpg,/home/rpotter/hypertower/REFUGE/Test/Disc_Mask/T0037.png,/home/rpotter/hypertower/REFUGE/Test/Disc_Mask/T0037.png,mask,mask,holdout
refuge2_test_T0038,refuge,/home/rpotter/hypertower/REFUGE/Test/refuge2-test/T0038.jpg,/home/rpotter/hypertower/REFUGE/Test/Disc_Mask/T0038.png,/home/rpotter/hypertower/REFUGE/Test/Disc_Mask/T0038.png,mask,mask,holdout
refuge2_test_T0039,refuge,/home/rpotter/hypertower/REFUGE/Test/refuge2-test/T0039.jpg,/home/rpotter/hypertower/REFUGE/Test/Disc_Mask/T0039.png,/home/rpotter/hypertower/REFUGE/Test/Disc_Mask/T0039.png,mask,mask,holdout
refuge2_test_T0040,refuge,/home/rpotter/hypertower/REFUGE/Test/refuge2-test/T0040.jpg,/home/rpotter/hypertower/REFUGE/Test/Disc_Mask/T0040.png,/home/rpotter/hypertower/REFUGE/Test/Disc_Mask/T0040.png,mask,mask,holdout
refuge2_test_T0041,refuge,/home/rpotter/hypertower/REFUGE/Test/refuge2-test/T0041.jpg,/home/rpotter/hypertower/REFUGE/Test/Disc_Mask/T0041.png,/home/rpotter/hypertower/REFUGE/Test/Disc_Mask/T0041.png,mask,mask,holdout
refuge2_test_T0042,refuge,/home/rpotter/hypertower/REFUGE/Test/refuge2-test/T0042.jpg,/home/rpotter/hypertower/REFUGE/Test/Disc_Mask/T0042.png,/home/rpotter/hypertower/REFUGE/Test/Disc_Mask/T0042.png,mask,mask,holdout
refuge2_test_T0043,refuge,/home/rpotter/hypertower/REFUGE/Test/refuge2-test/T0043.jpg,/home/rpotter/hypertower/REFUGE/Test/Disc_Mask/T0043.png,/home/rpotter/hypertower/REFUGE/Test/Disc_Mask/T0043.png,mask,mask,holdout
refuge2_test_T0044,refuge,/home/rpotter/hypertower/REFUGE/Test/refuge2-test/T0044.jpg,/home/rpotter/hypertower/REFUGE/Test/Disc_Mask/T0044.png,/home/rpotter/hypertower/REFUGE/Test/Disc_Mask/T0044.png,mask,mask,holdout
refuge2_test_T0045,refuge,/home/rpotter/hypertower/REFUGE/Test/refuge2-test/T0045.jpg,/home/rpotter/hypertower/REFUGE/Test/Disc_Mask/T0045.png,/home/rpotter/hypertower/REFUGE/Test/Disc_Mask/T0045.png,mask,mask,holdout
refuge2_test_T0046,refuge,/home/rpotter/hypertower/REFUGE/Test/refuge2-test/T0046.jpg,/home/rpotter/hypertower/REFUGE/Test/Disc_Mask/T0046.png,/home/rpotter/hypertower/REFUGE/Test/Disc_Mask/T0046.png,mask,mask,holdout
refuge2_test_T0047,refuge,/home/rpotter/hypertower/REFUGE/Test/refuge2-test/T0047.jpg,/home/rpotter/hypertower/REFUGE/Test/Disc_Mask/T0047.png,/home/rpotter/hypertower/REFUGE/Test/Disc_Mask/T0047.png,mask,mask,holdout
refuge2_test_T0048,refuge,/home/rpotter/hypertower/REFUGE/Test/refuge2-test/T0048.jpg,/home/rpotter/hypertower/REFUGE/Test/Disc_Mask/T0048.png,/home/rpotter/hypertower/REFUGE/Test/Disc_Mask/T0048.png,mask,mask,holdout
refuge2_test_T0049,refuge,/home/rpotter/hypertower/REFUGE/Test/refuge2-test/T0049.jpg,/home/rpotter/hypertower/REFUGE/Test/Disc_Mask/T0049.png,/home/rpotter/hypertower/REFUGE/Test/Disc_Mask/T0049.png,mask,mask,holdout
refuge2_test_T0050,refuge,/home/rpotter/hypertower/REFUGE/Test/refuge2-test/T0050.jpg,/home/rpotter/hypertower/REFUGE/Test/Disc_Mask/T0050.png,/home/rpotter/hypertower/REFUGE/Test/Disc_Mask/T0050.png,mask,mask,holdout
refuge2_test_T0051,refuge,/home/rpotter/hypertower/REFUGE/Test/refuge2-test/T0051.jpg,/home/rpotter/hypertower/REFUGE/Test/Disc_Mask/T0051.png,/home/rpotter/hypertower/REFUGE/Test/Disc_Mask/T0051.png,mask,mask,holdout
refuge2_test_T0052,refuge,/home/rpotter/hypertower/REFUGE/Test/refuge2-test/T0052.jpg,/home/rpotter/hypertower/REFUGE/Test/Disc_Mask/T0052.png,/home/rpotter/hypertower/REFUGE/Test/Disc_Mask/T0052.png,mask,mask,holdout
refuge2_test_T0053,refuge,/home/rpotter/hypertower/REFUGE/Test/refuge2-test/T0053.jpg,/home/rpotter/hypertower/REFUGE/Test/Disc_Mask/T0053.png,/home/rpotter/hypertower/REFUGE/Test/Disc_Mask/T0053.png,mask,mask,holdout
refuge2_test_T0054,refuge,/home/rpotter/hypertower/REFUGE/Test/refuge2-test/T0054.jpg,/home/rpotter/hypertower/REFUGE/Test/Disc_Mask/T0054.png,/home/rpotter/hypertower/REFUGE/Test/Disc_Mask/T0054.png,mask,mask,holdout
refuge2_test_T0055,refuge,/home/rpotter/hypertower/REFUGE/Test/refuge2-test/T0055.jpg,/home/rpotter/hypertower/REFUGE/Test/Disc_Mask/T0055.png,/home/rpotter/hypertower/REFUGE/Test/Disc_Mask/T0055.png,mask,mask,holdout
refuge2_test_T0056,refuge,/home/rpotter/hypertower/REFUGE/Test/refuge2-test/T0056.jpg,/home/rpotter/hypertower/REFUGE/Test/Disc_Mask/T0056.png,/home/rpotter/hypertower/REFUGE/Test/Disc_Mask/T0056.png,mask,mask,holdout
refuge2_test_T0057,refuge,/home/rpotter/hypertower/REFUGE/Test/refuge2-test/T0057.jpg,/home/rpotter/hypertower/REFUGE/Test/Disc_Mask/T0057.png,/home/rpotter/hypertower/REFUGE/Test/Disc_Mask/T0057.png,mask,mask,holdout
refuge2_test_T0058,refuge,/home/rpotter/hypertower/REFUGE/Test/refuge2-test/T0058.jpg,/home/rpotter/hypertower/REFUGE/Test/Disc_Mask/T0058.png,/home/rpotter/hypertower/REFUGE/Test/Disc_Mask/T0058.png,mask,mask,holdout
refuge2_test_T0059,refuge,/home/rpotter/hypertower/REFUGE/Test/refuge2-test/T0059.jpg,/home/rpotter/hypertower/REFUGE/Test/Disc_Mask/T0059.png,/home/rpotter/hypertower/REFUGE/Test/Disc_Mask/T0059.png,mask,mask,holdout
refuge2_test_T0060,refuge,/home/rpotter/hypertower/REFUGE/Test/refuge2-test/T0060.jpg,/home/rpotter/hypertower/REFUGE/Test/Disc_Mask/T0060.png,/home/rpotter/hypertower/REFUGE/Test/Disc_Mask/T0060.png,mask,mask,holdout
refuge2_test_T0061,refuge,/home/rpotter/hypertower/REFUGE/Test/refuge2-test/T0061.jpg,/home/rpotter/hypertower/REFUGE/Test/Disc_Mask/T0061.png,/home/rpotter/hypertower/REFUGE/Test/Disc_Mask/T0061.png,mask,mask,holdout
refuge2_test_T0062,refuge,/home/rpotter/hypertower/REFUGE/Test/refuge2-test/T0062.jpg,/home/rpotter/hypertower/REFUGE/Test/Disc_Mask/T0062.png,/home/rpotter/hypertower/REFUGE/Test/Disc_Mask/T0062.png,mask,mask,holdout
refuge2_test_T0063,refuge,/home/rpotter/hypertower/REFUGE/Test/refuge2-test/T0063.jpg,/home/rpotter/hypertower/REFUGE/Test/Disc_Mask/T0063.png,/home/rpotter/hypertower/REFUGE/Test/Disc_Mask/T0063.png,mask,mask,holdout
refuge2_test_T0064,refuge,/home/rpotter/hypertower/REFUGE/Test/refuge2-test/T0064.jpg,/home/rpotter/hypertower/REFUGE/Test/Disc_Mask/T0064.png,/home/rpotter/hypertower/REFUGE/Test/Disc_Mask/T0064.png,mask,mask,holdout
refuge2_test_T0065,refuge,/home/rpotter/hypertower/REFUGE/Test/refuge2-test/T0065.jpg,/home/rpotter/hypertower/REFUGE/Test/Disc_Mask/T0065.png,/home/rpotter/hypertower/REFUGE/Test/Disc_Mask/T0065.png,mask,mask,holdout
refuge2_test_T0066,refuge,/home/rpotter/hypertower/REFUGE/Test/refuge2-test/T0066.jpg,/home/rpotter/hypertower/REFUGE/Test/Disc_Mask/T0066.png,/home/rpotter/hypertower/REFUGE/Test/Disc_Mask/T0066.png,mask,mask,holdout
refuge2_test_T0067,refuge,/home/rpotter/hypertower/REFUGE/Test/refuge2-test/T0067.jpg,/home/rpotter/hypertower/REFUGE/Test/Disc_Mask/T0067.png,/home/rpotter/hypertower/REFUGE/Test/Disc_Mask/T0067.png,mask,mask,holdout
refuge2_test_T0068,refuge,/home/rpotter/hypertower/REFUGE/Test/refuge2-test/T0068.jpg,/home/rpotter/hypertower/REFUGE/Test/Disc_Mask/T0068.png,/home/rpotter/hypertower/REFUGE/Test/Disc_Mask/T0068.png,mask,mask,holdout
refuge2_test_T0069,refuge,/home/rpotter/hypertower/REFUGE/Test/refuge2-test/T0069.jpg,/home/rpotter/hypertower/REFUGE/Test/Disc_Mask/T0069.png,/home/rpotter/hypertower/REFUGE/Test/Disc_Mask/T0069.png,mask,mask,holdout
refuge2_test_T0070,refuge,/home/rpotter/hypertower/REFUGE/Test/refuge2-test/T0070.jpg,/home/rpotter/hypertower/REFUGE/Test/Disc_Mask/T0070.png,/home/rpotter/hypertower/REFUGE/Test/Disc_Mask/T0070.png,mask,mask,holdout
refuge2_test_T0071,refuge,/home/rpotter/hypertower/REFUGE/Test/refuge2-test/T0071.jpg,/home/rpotter/hypertower/REFUGE/Test/Disc_Mask/T0071.png,/home/rpotter/hypertower/REFUGE/Test/Disc_Mask/T0071.png,mask,mask,holdout
refuge2_test_T0072,refuge,/home/rpotter/hypertower/REFUGE/Test/refuge2-test/T0072.jpg,/home/rpotter/hypertower/REFUGE/Test/Disc_Mask/T0072.png,/home/rpotter/hypertower/REFUGE/Test/Disc_Mask/T0072.png,mask,mask,holdout
refuge2_test_T0073,refuge,/home/rpotter/hypertower/REFUGE/Test/refuge2-test/T0073.jpg,/home/rpotter/hypertower/REFUGE/Test/Disc_Mask/T0073.png,/home/rpotter/hypertower/REFUGE/Test/Disc_Mask/T0073.png,mask,mask,holdout
refuge2_test_T0074,refuge,/home/rpotter/hypertower/REFUGE/Test/refuge2-test/T0074.jpg,/home/rpotter/hypertower/REFUGE/Test/Disc_Mask/T0074.png,/home/rpotter/hypertower/REFUGE/Test/Disc_Mask/T0074.png,mask,mask,holdout
refuge2_test_T0075,refuge,/home/rpotter/hypertower/REFUGE/Test/refuge2-test/T0075.jpg,/home/rpotter/hypertower/REFUGE/Test/Disc_Mask/T0075.png,/home/rpotter/hypertower/REFUGE/Test/Disc_Mask/T0075.png,mask,mask,holdout
refuge2_test_T0076,refuge,/home/rpotter/hypertower/REFUGE/Test/refuge2-test/T0076.jpg,/home/rpotter/hypertower/REFUGE/Test/Disc_Mask/T0076.png,/home/rpotter/hypertower/REFUGE/Test/Disc_Mask/T0076.png,mask,mask,holdout
refuge2_test_T0077,refuge,/home/rpotter/hypertower/REFUGE/Test/refuge2-test/T0077.jpg,/home/rpotter/hypertower/REFUGE/Test/Disc_Mask/T0077.png,/home/rpotter/hypertower/REFUGE/Test/Disc_Mask/T0077.png,mask,mask,holdout
refuge2_test_T0078,refuge,/home/rpotter/hypertower/REFUGE/Test/refuge2-test/T0078.jpg,/home/rpotter/hypertower/REFUGE/Test/Disc_Mask/T0078.png,/home/rpotter/hypertower/REFUGE/Test/Disc_Mask/T0078.png,mask,mask,holdout
refuge2_test_T0079,refuge,/home/rpotter/hypertower/REFUGE/Test/refuge2-test/T0079.jpg,/home/rpotter/hypertower/REFUGE/Test/Disc_Mask/T0079.png,/home/rpotter/hypertower/REFUGE/Test/Disc_Mask/T0079.png,mask,mask,holdout
refuge2_test_T0080,refuge,/home/rpotter/hypertower/REFUGE/Test/refuge2-test/T0080.jpg,/home/rpotter/hypertower/REFUGE/Test/Disc_Mask/T0080.png,/home/rpotter/hypertower/REFUGE/Test/Disc_Mask/T0080.png,mask,mask,holdout
refuge2_test_T0081,refuge,/home/rpotter/hypertower/REFUGE/Test/refuge2-test/T0081.jpg,/home/rpotter/hypertower/REFUGE/Test/Disc_Mask/T0081.png,/home/rpotter/hypertower/REFUGE/Test/Disc_Mask/T0081.png,mask,mask,holdout
refuge2_test_T0082,refuge,/home/rpotter/hypertower/REFUGE/Test/refuge2-test/T0082.jpg,/home/rpotter/hypertower/REFUGE/Test/Disc_Mask/T0082.png,/home/rpotter/hypertower/REFUGE/Test/Disc_Mask/T0082.png,mask,mask,holdout
refuge2_test_T0083,refuge,/home/rpotter/hypertower/REFUGE/Test/refuge2-test/T0083.jpg,/home/rpotter/hypertower/REFUGE/Test/Disc_Mask/T0083.png,/home/rpotter/hypertower/REFUGE/Test/Disc_Mask/T0083.png,mask,mask,holdout
refuge2_test_T0084,refuge,/home/rpotter/hypertower/REFUGE/Test/refuge2-test/T0084.jpg,/home/rpotter/hypertower/REFUGE/Test/Disc_Mask/T0084.png,/home/rpotter/hypertower/REFUGE/Test/Disc_Mask/T0084.png,mask,mask,holdout
refuge2_test_T0085,refuge,/home/rpotter/hypertower/REFUGE/Test/refuge2-test/T0085.jpg,/home/rpotter/hypertower/REFUGE/Test/Disc_Mask/T0085.png,/home/rpotter/hypertower/REFUGE/Test/Disc_Mask/T0085.png,mask,mask,holdout
refuge2_test_T0086,refuge,/home/rpotter/hypertower/REFUGE/Test/refuge2-test/T0086.jpg,/home/rpotter/hypertower/REFUGE/Test/Disc_Mask/T0086.png,/home/rpotter/hypertower/REFUGE/Test/Disc_Mask/T0086.png,mask,mask,holdout
refuge2_test_T0087,refuge,/home/rpotter/hypertower/REFUGE/Test/refuge2-test/T0087.jpg,/home/rpotter/hypertower/REFUGE/Test/Disc_Mask/T0087.png,/home/rpotter/hypertower/REFUGE/Test/Disc_Mask/T0087.png,mask,mask,holdout
refuge2_test_T0088,refuge,/home/rpotter/hypertower/REFUGE/Test/refuge2-test/T0088.jpg,/home/rpotter/hypertower/REFUGE/Test/Disc_Mask/T0088.png,/home/rpotter/hypertower/REFUGE/Test/Disc_Mask/T0088.png,mask,mask,holdout
refuge2_test_T0089,refuge,/home/rpotter/hypertower/REFUGE/Test/refuge2-test/T0089.jpg,/home/rpotter/hypertower/REFUGE/Test/Disc_Mask/T0089.png,/home/rpotter/hypertower/REFUGE/Test/Disc_Mask/T0089.png,mask,mask,holdout
refuge2_test_T0090,refuge,/home/rpotter/hypertower/REFUGE/Test/refuge2-test/T0090.jpg,/home/rpotter/hypertower/REFUGE/Test/Disc_Mask/T0090.png,/home/rpotter/hypertower/REFUGE/Test/Disc_Mask/T0090.png,mask,mask,holdout
refuge2_test_T0091,refuge,/home/rpotter/hypertower/REFUGE/Test/refuge2-test/T0091.jpg,/home/rpotter/hypertower/REFUGE/Test/Disc_Mask/T0091.png,/home/rpotter/hypertower/REFUGE/Test/Disc_Mask/T0091.png,mask,mask,holdout
refuge2_test_T0092,refuge,/home/rpotter/hypertower/REFUGE/Test/refuge2-test/T0092.jpg,/home/rpotter/hypertower/REFUGE/Test/Disc_Mask/T0092.png,/home/rpotter/hypertower/REFUGE/Test/Disc_Mask/T0092.png,mask,mask,holdout
refuge2_test_T0093,refuge,/home/rpotter/hypertower/REFUGE/Test/refuge2-test/T0093.jpg,/home/rpotter/hypertower/REFUGE/Test/Disc_Mask/T0093.png,/home/rpotter/hypertower/REFUGE/Test/Disc_Mask/T0093.png,mask,mask,holdout
refuge2_test_T0094,refuge,/home/rpotter/hypertower/REFUGE/Test/refuge2-test/T0094.jpg,/home/rpotter/hypertower/REFUGE/Test/Disc_Mask/T0094.png,/home/rpotter/hypertower/REFUGE/Test/Disc_Mask/T0094.png,mask,mask,holdout
refuge2_test_T0095,refuge,/home/rpotter/hypertower/REFUGE/Test/refuge2-test/T0095.jpg,/home/rpotter/hypertower/REFUGE/Test/Disc_Mask/T0095.png,/home/rpotter/hypertower/REFUGE/Test/Disc_Mask/T0095.png,mask,mask,holdout
refuge2_test_T0096,refuge,/home/rpotter/hypertower/REFUGE/Test/refuge2-test/T0096.jpg,/home/rpotter/hypertower/REFUGE/Test/Disc_Mask/T0096.png,/home/rpotter/hypertower/REFUGE/Test/Disc_Mask/T0096.png,mask,mask,holdout
refuge2_test_T0097,refuge,/home/rpotter/hypertower/REFUGE/Test/refuge2-test/T0097.jpg,/home/rpotter/hypertower/REFUGE/Test/Disc_Mask/T0097.png,/home/rpotter/hypertower/REFUGE/Test/Disc_Mask/T0097.png,mask,mask,holdout
refuge2_test_T0098,refuge,/home/rpotter/hypertower/REFUGE/Test/refuge2-test/T0098.jpg,/home/rpotter/hypertower/REFUGE/Test/Disc_Mask/T0098.png,/home/rpotter/hypertower/REFUGE/Test/Disc_Mask/T0098.png,mask,mask,holdout
refuge2_test_T0099,refuge,/home/rpotter/hypertower/REFUGE/Test/refuge2-test/T0099.jpg,/home/rpotter/hypertower/REFUGE/Test/Disc_Mask/T0099.png,/home/rpotter/hypertower/REFUGE/Test/Disc_Mask/T0099.png,mask,mask,holdout
refuge2_test_T0100,refuge,/home/rpotter/hypertower/REFUGE/Test/refuge2-test/T0100.jpg,/home/rpotter/hypertower/REFUGE/Test/Disc_Mask/T0100.png,/home/rpotter/hypertower/REFUGE/Test/Disc_Mask/T0100.png,mask,mask,holdout
refuge2_test_T0101,refuge,/home/rpotter/hypertower/REFUGE/Test/refuge2-test/T0101.jpg,/home/rpotter/hypertower/REFUGE/Test/Disc_Mask/T0101.png,/home/rpotter/hypertower/REFUGE/Test/Disc_Mask/T0101.png,mask,mask,holdout
refuge2_test_T0102,refuge,/home/rpotter/hypertower/REFUGE/Test/refuge2-test/T0102.jpg,/home/rpotter/hypertower/REFUGE/Test/Disc_Mask/T0102.png,/home/rpotter/hypertower/REFUGE/Test/Disc_Mask/T0102.png,mask,mask,holdout
refuge2_test_T0103,refuge,/home/rpotter/hypertower/REFUGE/Test/refuge2-test/T0103.jpg,/home/rpotter/hypertower/REFUGE/Test/Disc_Mask/T0103.png,/home/rpotter/hypertower/REFUGE/Test/Disc_Mask/T0103.png,mask,mask,holdout
refuge2_test_T0104,refuge,/home/rpotter/hypertower/REFUGE/Test/refuge2-test/T0104.jpg,/home/rpotter/hypertower/REFUGE/Test/Disc_Mask/T0104.png,/home/rpotter/hypertower/REFUGE/Test/Disc_Mask/T0104.png,mask,mask,holdout
refuge2_test_T0105,refuge,/home/rpotter/hypertower/REFUGE/Test/refuge2-test/T0105.jpg,/home/rpotter/hypertower/REFUGE/Test/Disc_Mask/T0105.png,/home/rpotter/hypertower/REFUGE/Test/Disc_Mask/T0105.png,mask,mask,holdout
refuge2_test_T0106,refuge,/home/rpotter/hypertower/REFUGE/Test/refuge2-test/T0106.jpg,/home/rpotter/hypertower/REFUGE/Test/Disc_Mask/T0106.png,/home/rpotter/hypertower/REFUGE/Test/Disc_Mask/T0106.png,mask,mask,holdout
refuge2_test_T0107,refuge,/home/rpotter/hypertower/REFUGE/Test/refuge2-test/T0107.jpg,/home/rpotter/hypertower/REFUGE/Test/Disc_Mask/T0107.png,/home/rpotter/hypertower/REFUGE/Test/Disc_Mask/T0107.png,mask,mask,holdout
refuge2_test_T0108,refuge,/home/rpotter/hypertower/REFUGE/Test/refuge2-test/T0108.jpg,/home/rpotter/hypertower/REFUGE/Test/Disc_Mask/T0108.png,/home/rpotter/hypertower/REFUGE/Test/Disc_Mask/T0108.png,mask,mask,holdout
refuge2_test_T0109,refuge,/home/rpotter/hypertower/REFUGE/Test/refuge2-test/T0109.jpg,/home/rpotter/hypertower/REFUGE/Test/Disc_Mask/T0109.png,/home/rpotter/hypertower/REFUGE/Test/Disc_Mask/T0109.png,mask,mask,holdout
refuge2_test_T0110,refuge,/home/rpotter/hypertower/REFUGE/Test/refuge2-test/T0110.jpg,/home/rpotter/hypertower/REFUGE/Test/Disc_Mask/T0110.png,/home/rpotter/hypertower/REFUGE/Test/Disc_Mask/T0110.png,mask,mask,holdout
refuge2_test_T0111,refuge,/home/rpotter/hypertower/REFUGE/Test/refuge2-test/T0111.jpg,/home/rpotter/hypertower/REFUGE/Test/Disc_Mask/T0111.png,/home/rpotter/hypertower/REFUGE/Test/Disc_Mask/T0111.png,mask,mask,holdout
refuge2_test_T0112,refuge,/home/rpotter/hypertower/REFUGE/Test/refuge2-test/T0112.jpg,/home/rpotter/hypertower/REFUGE/Test/Disc_Mask/T0112.png,/home/rpotter/hypertower/REFUGE/Test/Disc_Mask/T0112.png,mask,mask,holdout
refuge2_test_T0113,refuge,/home/rpotter/hypertower/REFUGE/Test/refuge2-test/T0113.jpg,/home/rpotter/hypertower/REFUGE/Test/Disc_Mask/T0113.png,/home/rpotter/hypertower/REFUGE/Test/Disc_Mask/T0113.png,mask,mask,holdout
refuge2_test_T0114,refuge,/home/rpotter/hypertower/REFUGE/Test/refuge2-test/T0114.jpg,/home/rpotter/hypertower/REFUGE/Test/Disc_Mask/T0114.png,/home/rpotter/hypertower/REFUGE/Test/Disc_Mask/T0114.png,mask,mask,holdout
refuge2_test_T0115,refuge,/home/rpotter/hypertower/REFUGE/Test/refuge2-test/T0115.jpg,/home/rpotter/hypertower/REFUGE/Test/Disc_Mask/T0115.png,/home/rpotter/hypertower/REFUGE/Test/Disc_Mask/T0115.png,mask,mask,holdout
refuge2_test_T0116,refuge,/home/rpotter/hypertower/REFUGE/Test/refuge2-test/T0116.jpg,/home/rpotter/hypertower/REFUGE/Test/Disc_Mask/T0116.png,/home/rpotter/hypertower/REFUGE/Test/Disc_Mask/T0116.png,mask,mask,holdout
refuge2_test_T0117,refuge,/home/rpotter/hypertower/REFUGE/Test/refuge2-test/T0117.jpg,/home/rpotter/hypertower/REFUGE/Test/Disc_Mask/T0117.png,/home/rpotter/hypertower/REFUGE/Test/Disc_Mask/T0117.png,mask,mask,holdout
refuge2_test_T0118,refuge,/home/rpotter/hypertower/REFUGE/Test/refuge2-test/T0118.jpg,/home/rpotter/hypertower/REFUGE/Test/Disc_Mask/T0118.png,/home/rpotter/hypertower/REFUGE/Test/Disc_Mask/T0118.png,mask,mask,holdout
refuge2_test_T0119,refuge,/home/rpotter/hypertower/REFUGE/Test/refuge2-test/T0119.jpg,/home/rpotter/hypertower/REFUGE/Test/Disc_Mask/T0119.png,/home/rpotter/hypertower/REFUGE/Test/Disc_Mask/T0119.png,mask,mask,holdout
refuge2_test_T0120,refuge,/home/rpotter/hypertower/REFUGE/Test/refuge2-test/T0120.jpg,/home/rpotter/hypertower/REFUGE/Test/Disc_Mask/T0120.png,/home/rpotter/hypertower/REFUGE/Test/Disc_Mask/T0120.png,mask,mask,holdout
refuge2_test_T0121,refuge,/home/rpotter/hypertower/REFUGE/Test/refuge2-test/T0121.jpg,/home/rpotter/hypertower/REFUGE/Test/Disc_Mask/T0121.png,/home/rpotter/hypertower/REFUGE/Test/Disc_Mask/T0121.png,mask,mask,holdout
refuge2_test_T0122,refuge,/home/rpotter/hypertower/REFUGE/Test/refuge2-test/T0122.jpg,/home/rpotter/hypertower/REFUGE/Test/Disc_Mask/T0122.png,/home/rpotter/hypertower/REFUGE/Test/Disc_Mask/T0122.png,mask,mask,holdout
refuge2_test_T0123,refuge,/home/rpotter/hypertower/REFUGE/Test/refuge2-test/T0123.jpg,/home/rpotter/hypertower/REFUGE/Test/Disc_Mask/T0123.png,/home/rpotter/hypertower/REFUGE/Test/Disc_Mask/T0123.png,mask,mask,holdout
refuge2_test_T0124,refuge,/home/rpotter/hypertower/REFUGE/Test/refuge2-test/T0124.jpg,/home/rpotter/hypertower/REFUGE/Test/Disc_Mask/T0124.png,/home/rpotter/hypertower/REFUGE/Test/Disc_Mask/T0124.png,mask,mask,holdout
refuge2_test_T0125,refuge,/home/rpotter/hypertower/REFUGE/Test/refuge2-test/T0125.jpg,/home/rpotter/hypertower/REFUGE/Test/Disc_Mask/T0125.png,/home/rpotter/hypertower/REFUGE/Test/Disc_Mask/T0125.png,mask,mask,holdout
refuge2_test_T0126,refuge,/home/rpotter/hypertower/REFUGE/Test/refuge2-test/T0126.jpg,/home/rpotter/hypertower/REFUGE/Test/Disc_Mask/T0126.png,/home/rpotter/hypertower/REFUGE/Test/Disc_Mask/T0126.png,mask,mask,holdout
refuge2_test_T0127,refuge,/home/rpotter/hypertower/REFUGE/Test/refuge2-test/T0127.jpg,/home/rpotter/hypertower/REFUGE/Test/Disc_Mask/T0127.png,/home/rpotter/hypertower/REFUGE/Test/Disc_Mask/T0127.png,mask,mask,holdout
refuge2_test_T0128,refuge,/home/rpotter/hypertower/REFUGE/Test/refuge2-test/T0128.jpg,/home/rpotter/hypertower/REFUGE/Test/Disc_Mask/T0128.png,/home/rpotter/hypertower/REFUGE/Test/Disc_Mask/T0128.png,mask,mask,holdout
refuge2_test_T0129,refuge,/home/rpotter/hypertower/REFUGE/Test/refuge2-test/T0129.jpg,/home/rpotter/hypertower/REFUGE/Test/Disc_Mask/T0129.png,/home/rpotter/hypertower/REFUGE/Test/Disc_Mask/T0129.png,mask,mask,holdout
refuge2_test_T0130,refuge,/home/rpotter/hypertower/REFUGE/Test/refuge2-test/T0130.jpg,/home/rpotter/hypertower/REFUGE/Test/Disc_Mask/T0130.png,/home/rpotter/hypertower/REFUGE/Test/Disc_Mask/T0130.png,mask,mask,holdout
refuge2_test_T0131,refuge,/home/rpotter/hypertower/REFUGE/Test/refuge2-test/T0131.jpg,/home/rpotter/hypertower/REFUGE/Test/Disc_Mask/T0131.png,/home/rpotter/hypertower/REFUGE/Test/Disc_Mask/T0131.png,mask,mask,holdout
refuge2_test_T0132,refuge,/home/rpotter/hypertower/REFUGE/Test/refuge2-test/T0132.jpg,/home/rpotter/hypertower/REFUGE/Test/Disc_Mask/T0132.png,/home/rpotter/hypertower/REFUGE/Test/Disc_Mask/T0132.png,mask,mask,holdout
refuge2_test_T0133,refuge,/home/rpotter/hypertower/REFUGE/Test/refuge2-test/T0133.jpg,/home/rpotter/hypertower/REFUGE/Test/Disc_Mask/T0133.png,/home/rpotter/hypertower/REFUGE/Test/Disc_Mask/T0133.png,mask,mask,holdout
refuge2_test_T0134,refuge,/home/rpotter/hypertower/REFUGE/Test/refuge2-test/T0134.jpg,/home/rpotter/hypertower/REFUGE/Test/Disc_Mask/T0134.png,/home/rpotter/hypertower/REFUGE/Test/Disc_Mask/T0134.png,mask,mask,holdout
refuge2_test_T0135,refuge,/home/rpotter/hypertower/REFUGE/Test/refuge2-test/T0135.jpg,/home/rpotter/hypertower/REFUGE/Test/Disc_Mask/T0135.png,/home/rpotter/hypertower/REFUGE/Test/Disc_Mask/T0135.png,mask,mask,holdout
refuge2_test_T0136,refuge,/home/rpotter/hypertower/REFUGE/Test/refuge2-test/T0136.jpg,/home/rpotter/hypertower/REFUGE/Test/Disc_Mask/T0136.png,/home/rpotter/hypertower/REFUGE/Test/Disc_Mask/T0136.png,mask,mask,holdout
refuge2_test_T0137,refuge,/home/rpotter/hypertower/REFUGE/Test/refuge2-test/T0137.jpg,/home/rpotter/hypertower/REFUGE/Test/Disc_Mask/T0137.png,/home/rpotter/hypertower/REFUGE/Test/Disc_Mask/T0137.png,mask,mask,holdout
refuge2_test_T0138,refuge,/home/rpotter/hypertower/REFUGE/Test/refuge2-test/T0138.jpg,/home/rpotter/hypertower/REFUGE/Test/Disc_Mask/T0138.png,/home/rpotter/hypertower/REFUGE/Test/Disc_Mask/T0138.png,mask,mask,holdout
refuge2_test_T0139,refuge,/home/rpotter/hypertower/REFUGE/Test/refuge2-test/T0139.jpg,/home/rpotter/hypertower/REFUGE/Test/Disc_Mask/T0139.png,/home/rpotter/hypertower/REFUGE/Test/Disc_Mask/T0139.png,mask,mask,holdout
refuge2_test_T0140,refuge,/home/rpotter/hypertower/REFUGE/Test/refuge2-test/T0140.jpg,/home/rpotter/hypertower/REFUGE/Test/Disc_Mask/T0140.png,/home/rpotter/hypertower/REFUGE/Test/Disc_Mask/T0140.png,mask,mask,holdout
refuge2_test_T0141,refuge,/home/rpotter/hypertower/REFUGE/Test/refuge2-test/T0141.jpg,/home/rpotter/hypertower/REFUGE/Test/Disc_Mask/T0141.png,/home/rpotter/hypertower/REFUGE/Test/Disc_Mask/T0141.png,mask,mask,holdout
refuge2_test_T0142,refuge,/home/rpotter/hypertower/REFUGE/Test/refuge2-test/T0142.jpg,/home/rpotter/hypertower/REFUGE/Test/Disc_Mask/T0142.png,/home/rpotter/hypertower/REFUGE/Test/Disc_Mask/T0142.png,mask,mask,holdout
refuge2_test_T0143,refuge,/home/rpotter/hypertower/REFUGE/Test/refuge2-test/T0143.jpg,/home/rpotter/hypertower/REFUGE/Test/Disc_Mask/T0143.png,/home/rpotter/hypertower/REFUGE/Test/Disc_Mask/T0143.png,mask,mask,holdout
refuge2_test_T0144,refuge,/home/rpotter/hypertower/REFUGE/Test/refuge2-test/T0144.jpg,/home/rpotter/hypertower/REFUGE/Test/Disc_Mask/T0144.png,/home/rpotter/hypertower/REFUGE/Test/Disc_Mask/T0144.png,mask,mask,holdout
refuge2_test_T0145,refuge,/home/rpotter/hypertower/REFUGE/Test/refuge2-test/T0145.jpg,/home/rpotter/hypertower/REFUGE/Test/Disc_Mask/T0145.png,/home/rpotter/hypertower/REFUGE/Test/Disc_Mask/T0145.png,mask,mask,holdout
refuge2_test_T0146,refuge,/home/rpotter/hypertower/REFUGE/Test/refuge2-test/T0146.jpg,/home/rpotter/hypertower/REFUGE/Test/Disc_Mask/T0146.png,/home/rpotter/hypertower/REFUGE/Test/Disc_Mask/T0146.png,mask,mask,holdout
refuge2_test_T0147,refuge,/home/rpotter/hypertower/REFUGE/Test/refuge2-test/T0147.jpg,/home/rpotter/hypertower/REFUGE/Test/Disc_Mask/T0147.png,/home/rpotter/hypertower/REFUGE/Test/Disc_Mask/T0147.png,mask,mask,holdout
refuge2_test_T0148,refuge,/home/rpotter/hypertower/REFUGE/Test/refuge2-test/T0148.jpg,/home/rpotter/hypertower/REFUGE/Test/Disc_Mask/T0148.png,/home/rpotter/hypertower/REFUGE/Test/Disc_Mask/T0148.png,mask,mask,holdout
refuge2_test_T0149,refuge,/home/rpotter/hypertower/REFUGE/Test/refuge2-test/T0149.jpg,/home/rpotter/hypertower/REFUGE/Test/Disc_Mask/T0149.png,/home/rpotter/hypertower/REFUGE/Test/Disc_Mask/T0149.png,mask,mask,holdout
refuge2_test_T0150,refuge,/home/rpotter/hypertower/REFUGE/Test/refuge2-test/T0150.jpg,/home/rpotter/hypertower/REFUGE/Test/Disc_Mask/T0150.png,/home/rpotter/hypertower/REFUGE/Test/Disc_Mask/T0150.png,mask,mask,holdout
refuge2_test_T0151,refuge,/home/rpotter/hypertower/REFUGE/Test/refuge2-test/T0151.jpg,/home/rpotter/hypertower/REFUGE/Test/Disc_Mask/T0151.png,/home/rpotter/hypertower/REFUGE/Test/Disc_Mask/T0151.png,mask,mask,holdout
refuge2_test_T0152,refuge,/home/rpotter/hypertower/REFUGE/Test/refuge2-test/T0152.jpg,/home/rpotter/hypertower/REFUGE/Test/Disc_Mask/T0152.png,/home/rpotter/hypertower/REFUGE/Test/Disc_Mask/T0152.png,mask,mask,holdout
refuge2_test_T0153,refuge,/home/rpotter/hypertower/REFUGE/Test/refuge2-test/T0153.jpg,/home/rpotter/hypertower/REFUGE/Test/Disc_Mask/T0153.png,/home/rpotter/hypertower/REFUGE/Test/Disc_Mask/T0153.png,mask,mask,holdout
refuge2_test_T0154,refuge,/home/rpotter/hypertower/REFUGE/Test/refuge2-test/T0154.jpg,/home/rpotter/hypertower/REFUGE/Test/Disc_Mask/T0154.png,/home/rpotter/hypertower/REFUGE/Test/Disc_Mask/T0154.png,mask,mask,holdout
refuge2_test_T0155,refuge,/home/rpotter/hypertower/REFUGE/Test/refuge2-test/T0155.jpg,/home/rpotter/hypertower/REFUGE/Test/Disc_Mask/T0155.png,/home/rpotter/hypertower/REFUGE/Test/Disc_Mask/T0155.png,mask,mask,holdout
refuge2_test_T0156,refuge,/home/rpotter/hypertower/REFUGE/Test/refuge2-test/T0156.jpg,/home/rpotter/hypertower/REFUGE/Test/Disc_Mask/T0156.png,/home/rpotter/hypertower/REFUGE/Test/Disc_Mask/T0156.png,mask,mask,holdout
refuge2_test_T0157,refuge,/home/rpotter/hypertower/REFUGE/Test/refuge2-test/T0157.jpg,/home/rpotter/hypertower/REFUGE/Test/Disc_Mask/T0157.png,/home/rpotter/hypertower/REFUGE/Test/Disc_Mask/T0157.png,mask,mask,holdout
refuge2_test_T0158,refuge,/home/rpotter/hypertower/REFUGE/Test/refuge2-test/T0158.jpg,/home/rpotter/hypertower/REFUGE/Test/Disc_Mask/T0158.png,/home/rpotter/hypertower/REFUGE/Test/Disc_Mask/T0158.png,mask,mask,holdout
refuge2_test_T0159,refuge,/home/rpotter/hypertower/REFUGE/Test/refuge2-test/T0159.jpg,/home/rpotter/hypertower/REFUGE/Test/Disc_Mask/T0159.png,/home/rpotter/hypertower/REFUGE/Test/Disc_Mask/T0159.png,mask,mask,holdout
refuge2_test_T0160,refuge,/home/rpotter/hypertower/REFUGE/Test/refuge2-test/T0160.jpg,/home/rpotter/hypertower/REFUGE/Test/Disc_Mask/T0160.png,/home/rpotter/hypertower/REFUGE/Test/Disc_Mask/T0160.png,mask,mask,holdout
refuge2_test_T0161,refuge,/home/rpotter/hypertower/REFUGE/Test/refuge2-test/T0161.jpg,/home/rpotter/hypertower/REFUGE/Test/Disc_Mask/T0161.png,/home/rpotter/hypertower/REFUGE/Test/Disc_Mask/T0161.png,mask,mask,holdout
refuge2_test_T0162,refuge,/home/rpotter/hypertower/REFUGE/Test/refuge2-test/T0162.jpg,/home/rpotter/hypertower/REFUGE/Test/Disc_Mask/T0162.png,/home/rpotter/hypertower/REFUGE/Test/Disc_Mask/T0162.png,mask,mask,holdout
refuge2_test_T0163,refuge,/home/rpotter/hypertower/REFUGE/Test/refuge2-test/T0163.jpg,/home/rpotter/hypertower/REFUGE/Test/Disc_Mask/T0163.png,/home/rpotter/hypertower/REFUGE/Test/Disc_Mask/T0163.png,mask,mask,holdout
refuge2_test_T0164,refuge,/home/rpotter/hypertower/REFUGE/Test/refuge2-test/T0164.jpg,/home/rpotter/hypertower/REFUGE/Test/Disc_Mask/T0164.png,/home/rpotter/hypertower/REFUGE/Test/Disc_Mask/T0164.png,mask,mask,holdout
refuge2_test_T0165,refuge,/home/rpotter/hypertower/REFUGE/Test/refuge2-test/T0165.jpg,/home/rpotter/hypertower/REFUGE/Test/Disc_Mask/T0165.png,/home/rpotter/hypertower/REFUGE/Test/Disc_Mask/T0165.png,mask,mask,holdout
refuge2_test_T0166,refuge,/home/rpotter/hypertower/REFUGE/Test/refuge2-test/T0166.jpg,/home/rpotter/hypertower/REFUGE/Test/Disc_Mask/T0166.png,/home/rpotter/hypertower/REFUGE/Test/Disc_Mask/T0166.png,mask,mask,holdout
refuge2_test_T0167,refuge,/home/rpotter/hypertower/REFUGE/Test/refuge2-test/T0167.jpg,/home/rpotter/hypertower/REFUGE/Test/Disc_Mask/T0167.png,/home/rpotter/hypertower/REFUGE/Test/Disc_Mask/T0167.png,mask,mask,holdout
refuge2_test_T0168,refuge,/home/rpotter/hypertower/REFUGE/Test/refuge2-test/T0168.jpg,/home/rpotter/hypertower/REFUGE/Test/Disc_Mask/T0168.png,/home/rpotter/hypertower/REFUGE/Test/Disc_Mask/T0168.png,mask,mask,holdout
refuge2_test_T0169,refuge,/home/rpotter/hypertower/REFUGE/Test/refuge2-test/T0169.jpg,/home/rpotter/hypertower/REFUGE/Test/Disc_Mask/T0169.png,/home/rpotter/hypertower/REFUGE/Test/Disc_Mask/T0169.png,mask,mask,holdout
refuge2_test_T0170,refuge,/home/rpotter/hypertower/REFUGE/Test/refuge2-test/T0170.jpg,/home/rpotter/hypertower/REFUGE/Test/Disc_Mask/T0170.png,/home/rpotter/hypertower/REFUGE/Test/Disc_Mask/T0170.png,mask,mask,holdout
refuge2_test_T0171,refuge,/home/rpotter/hypertower/REFUGE/Test/refuge2-test/T0171.jpg,/home/rpotter/hypertower/REFUGE/Test/Disc_Mask/T0171.png,/home/rpotter/hypertower/REFUGE/Test/Disc_Mask/T0171.png,mask,mask,holdout
refuge2_test_T0172,refuge,/home/rpotter/hypertower/REFUGE/Test/refuge2-test/T0172.jpg,/home/rpotter/hypertower/REFUGE/Test/Disc_Mask/T0172.png,/home/rpotter/hypertower/REFUGE/Test/Disc_Mask/T0172.png,mask,mask,holdout
refuge2_test_T0173,refuge,/home/rpotter/hypertower/REFUGE/Test/refuge2-test/T0173.jpg,/home/rpotter/hypertower/REFUGE/Test/Disc_Mask/T0173.png,/home/rpotter/hypertower/REFUGE/Test/Disc_Mask/T0173.png,mask,mask,holdout
refuge2_test_T0174,refuge,/home/rpotter/hypertower/REFUGE/Test/refuge2-test/T0174.jpg,/home/rpotter/hypertower/REFUGE/Test/Disc_Mask/T0174.png,/home/rpotter/hypertower/REFUGE/Test/Disc_Mask/T0174.png,mask,mask,holdout
refuge2_test_T0175,refuge,/home/rpotter/hypertower/REFUGE/Test/refuge2-test/T0175.jpg,/home/rpotter/hypertower/REFUGE/Test/Disc_Mask/T0175.png,/home/rpotter/hypertower/REFUGE/Test/Disc_Mask/T0175.png,mask,mask,holdout
refuge2_test_T0176,refuge,/home/rpotter/hypertower/REFUGE/Test/refuge2-test/T0176.jpg,/home/rpotter/hypertower/REFUGE/Test/Disc_Mask/T0176.png,/home/rpotter/hypertower/REFUGE/Test/Disc_Mask/T0176.png,mask,mask,holdout
refuge2_test_T0177,refuge,/home/rpotter/hypertower/REFUGE/Test/refuge2-test/T0177.jpg,/home/rpotter/hypertower/REFUGE/Test/Disc_Mask/T0177.png,/home/rpotter/hypertower/REFUGE/Test/Disc_Mask/T0177.png,mask,mask,holdout
refuge2_test_T0178,refuge,/home/rpotter/hypertower/REFUGE/Test/refuge2-test/T0178.jpg,/home/rpotter/hypertower/REFUGE/Test/Disc_Mask/T0178.png,/home/rpotter/hypertower/REFUGE/Test/Disc_Mask/T0178.png,mask,mask,holdout
refuge2_test_T0179,refuge,/home/rpotter/hypertower/REFUGE/Test/refuge2-test/T0179.jpg,/home/rpotter/hypertower/REFUGE/Test/Disc_Mask/T0179.png,/home/rpotter/hypertower/REFUGE/Test/Disc_Mask/T0179.png,mask,mask,holdout
refuge2_test_T0180,refuge,/home/rpotter/hypertower/REFUGE/Test/refuge2-test/T0180.jpg,/home/rpotter/hypertower/REFUGE/Test/Disc_Mask/T0180.png,/home/rpotter/hypertower/REFUGE/Test/Disc_Mask/T0180.png,mask,mask,holdout
refuge2_test_T0181,refuge,/home/rpotter/hypertower/REFUGE/Test/refuge2-test/T0181.jpg,/home/rpotter/hypertower/REFUGE/Test/Disc_Mask/T0181.png,/home/rpotter/hypertower/REFUGE/Test/Disc_Mask/T0181.png,mask,mask,holdout
refuge2_test_T0182,refuge,/home/rpotter/hypertower/REFUGE/Test/refuge2-test/T0182.jpg,/home/rpotter/hypertower/REFUGE/Test/Disc_Mask/T0182.png,/home/rpotter/hypertower/REFUGE/Test/Disc_Mask/T0182.png,mask,mask,holdout
refuge2_test_T0183,refuge,/home/rpotter/hypertower/REFUGE/Test/refuge2-test/T0183.jpg,/home/rpotter/hypertower/REFUGE/Test/Disc_Mask/T0183.png,/home/rpotter/hypertower/REFUGE/Test/Disc_Mask/T0183.png,mask,mask,holdout
refuge2_test_T0184,refuge,/home/rpotter/hypertower/REFUGE/Test/refuge2-test/T0184.jpg,/home/rpotter/hypertower/REFUGE/Test/Disc_Mask/T0184.png,/home/rpotter/hypertower/REFUGE/Test/Disc_Mask/T0184.png,mask,mask,holdout
refuge2_test_T0185,refuge,/home/rpotter/hypertower/REFUGE/Test/refuge2-test/T0185.jpg,/home/rpotter/hypertower/REFUGE/Test/Disc_Mask/T0185.png,/home/rpotter/hypertower/REFUGE/Test/Disc_Mask/T0185.png,mask,mask,holdout
refuge2_test_T0186,refuge,/home/rpotter/hypertower/REFUGE/Test/refuge2-test/T0186.jpg,/home/rpotter/hypertower/REFUGE/Test/Disc_Mask/T0186.png,/home/rpotter/hypertower/REFUGE/Test/Disc_Mask/T0186.png,mask,mask,holdout
refuge2_test_T0187,refuge,/home/rpotter/hypertower/REFUGE/Test/refuge2-test/T0187.jpg,/home/rpotter/hypertower/REFUGE/Test/Disc_Mask/T0187.png,/home/rpotter/hypertower/REFUGE/Test/Disc_Mask/T0187.png,mask,mask,holdout
refuge2_test_T0188,refuge,/home/rpotter/hypertower/REFUGE/Test/refuge2-test/T0188.jpg,/home/rpotter/hypertower/REFUGE/Test/Disc_Mask/T0188.png,/home/rpotter/hypertower/REFUGE/Test/Disc_Mask/T0188.png,mask,mask,holdout
refuge2_test_T0189,refuge,/home/rpotter/hypertower/REFUGE/Test/refuge2-test/T0189.jpg,/home/rpotter/hypertower/REFUGE/Test/Disc_Mask/T0189.png,/home/rpotter/hypertower/REFUGE/Test/Disc_Mask/T0189.png,mask,mask,holdout
refuge2_test_T0190,refuge,/home/rpotter/hypertower/REFUGE/Test/refuge2-test/T0190.jpg,/home/rpotter/hypertower/REFUGE/Test/Disc_Mask/T0190.png,/home/rpotter/hypertower/REFUGE/Test/Disc_Mask/T0190.png,mask,mask,holdout
refuge2_test_T0191,refuge,/home/rpotter/hypertower/REFUGE/Test/refuge2-test/T0191.jpg,/home/rpotter/hypertower/REFUGE/Test/Disc_Mask/T0191.png,/home/rpotter/hypertower/REFUGE/Test/Disc_Mask/T0191.png,mask,mask,holdout
refuge2_test_T0192,refuge,/home/rpotter/hypertower/REFUGE/Test/refuge2-test/T0192.jpg,/home/rpotter/hypertower/REFUGE/Test/Disc_Mask/T0192.png,/home/rpotter/hypertower/REFUGE/Test/Disc_Mask/T0192.png,mask,mask,holdout
refuge2_test_T0193,refuge,/home/rpotter/hypertower/REFUGE/Test/refuge2-test/T0193.jpg,/home/rpotter/hypertower/REFUGE/Test/Disc_Mask/T0193.png,/home/rpotter/hypertower/REFUGE/Test/Disc_Mask/T0193.png,mask,mask,holdout
refuge2_test_T0194,refuge,/home/rpotter/hypertower/REFUGE/Test/refuge2-test/T0194.jpg,/home/rpotter/hypertower/REFUGE/Test/Disc_Mask/T0194.png,/home/rpotter/hypertower/REFUGE/Test/Disc_Mask/T0194.png,mask,mask,holdout
refuge2_test_T0195,refuge,/home/rpotter/hypertower/REFUGE/Test/refuge2-test/T0195.jpg,/home/rpotter/hypertower/REFUGE/Test/Disc_Mask/T0195.png,/home/rpotter/hypertower/REFUGE/Test/Disc_Mask/T0195.png,mask,mask,holdout
refuge2_test_T0196,refuge,/home/rpotter/hypertower/REFUGE/Test/refuge2-test/T0196.jpg,/home/rpotter/hypertower/REFUGE/Test/Disc_Mask/T0196.png,/home/rpotter/hypertower/REFUGE/Test/Disc_Mask/T0196.png,mask,mask,holdout
refuge2_test_T0197,refuge,/home/rpotter/hypertower/REFUGE/Test/refuge2-test/T0197.jpg,/home/rpotter/hypertower/REFUGE/Test/Disc_Mask/T0197.png,/home/rpotter/hypertower/REFUGE/Test/Disc_Mask/T0197.png,mask,mask,holdout
refuge2_test_T0198,refuge,/home/rpotter/hypertower/REFUGE/Test/refuge2-test/T0198.jpg,/home/rpotter/hypertower/REFUGE/Test/Disc_Mask/T0198.png,/home/rpotter/hypertower/REFUGE/Test/Disc_Mask/T0198.png,mask,mask,holdout
refuge2_test_T0199,refuge,/home/rpotter/hypertower/REFUGE/Test/refuge2-test/T0199.jpg,/home/rpotter/hypertower/REFUGE/Test/Disc_Mask/T0199.png,/home/rpotter/hypertower/REFUGE/Test/Disc_Mask/T0199.png,mask,mask,holdout
refuge2_test_T0200,refuge,/home/rpotter/hypertower/REFUGE/Test/refuge2-test/T0200.jpg,/home/rpotter/hypertower/REFUGE/Test/Disc_Mask/T0200.png,/home/rpotter/hypertower/REFUGE/Test/Disc_Mask/T0200.png,mask,mask,holdout
refuge2_test_T0201,refuge,/home/rpotter/hypertower/REFUGE/Test/refuge2-test/T0201.jpg,/home/rpotter/hypertower/REFUGE/Test/Disc_Mask/T0201.png,/home/rpotter/hypertower/REFUGE/Test/Disc_Mask/T0201.png,mask,mask,holdout
refuge2_test_T0202,refuge,/home/rpotter/hypertower/REFUGE/Test/refuge2-test/T0202.jpg,/home/rpotter/hypertower/REFUGE/Test/Disc_Mask/T0202.png,/home/rpotter/hypertower/REFUGE/Test/Disc_Mask/T0202.png,mask,mask,holdout
refuge2_test_T0203,refuge,/home/rpotter/hypertower/REFUGE/Test/refuge2-test/T0203.jpg,/home/rpotter/hypertower/REFUGE/Test/Disc_Mask/T0203.png,/home/rpotter/hypertower/REFUGE/Test/Disc_Mask/T0203.png,mask,mask,holdout
refuge2_test_T0204,refuge,/home/rpotter/hypertower/REFUGE/Test/refuge2-test/T0204.jpg,/home/rpotter/hypertower/REFUGE/Test/Disc_Mask/T0204.png,/home/rpotter/hypertower/REFUGE/Test/Disc_Mask/T0204.png,mask,mask,holdout
refuge2_test_T0205,refuge,/home/rpotter/hypertower/REFUGE/Test/refuge2-test/T0205.jpg,/home/rpotter/hypertower/REFUGE/Test/Disc_Mask/T0205.png,/home/rpotter/hypertower/REFUGE/Test/Disc_Mask/T0205.png,mask,mask,holdout
refuge2_test_T0206,refuge,/home/rpotter/hypertower/REFUGE/Test/refuge2-test/T0206.jpg,/home/rpotter/hypertower/REFUGE/Test/Disc_Mask/T0206.png,/home/rpotter/hypertower/REFUGE/Test/Disc_Mask/T0206.png,mask,mask,holdout
refuge2_test_T0207,refuge,/home/rpotter/hypertower/REFUGE/Test/refuge2-test/T0207.jpg,/home/rpotter/hypertower/REFUGE/Test/Disc_Mask/T0207.png,/home/rpotter/hypertower/REFUGE/Test/Disc_Mask/T0207.png,mask,mask,holdout
refuge2_test_T0208,refuge,/home/rpotter/hypertower/REFUGE/Test/refuge2-test/T0208.jpg,/home/rpotter/hypertower/REFUGE/Test/Disc_Mask/T0208.png,/home/rpotter/hypertower/REFUGE/Test/Disc_Mask/T0208.png,mask,mask,holdout
refuge2_test_T0209,refuge,/home/rpotter/hypertower/REFUGE/Test/refuge2-test/T0209.jpg,/home/rpotter/hypertower/REFUGE/Test/Disc_Mask/T0209.png,/home/rpotter/hypertower/REFUGE/Test/Disc_Mask/T0209.png,mask,mask,holdout
refuge2_test_T0210,refuge,/home/rpotter/hypertower/REFUGE/Test/refuge2-test/T0210.jpg,/home/rpotter/hypertower/REFUGE/Test/Disc_Mask/T0210.png,/home/rpotter/hypertower/REFUGE/Test/Disc_Mask/T0210.png,mask,mask,holdout
refuge2_test_T0211,refuge,/home/rpotter/hypertower/REFUGE/Test/refuge2-test/T0211.jpg,/home/rpotter/hypertower/REFUGE/Test/Disc_Mask/T0211.png,/home/rpotter/hypertower/REFUGE/Test/Disc_Mask/T0211.png,mask,mask,holdout
refuge2_test_T0212,refuge,/home/rpotter/hypertower/REFUGE/Test/refuge2-test/T0212.jpg,/home/rpotter/hypertower/REFUGE/Test/Disc_Mask/T0212.png,/home/rpotter/hypertower/REFUGE/Test/Disc_Mask/T0212.png,mask,mask,holdout
refuge2_test_T0213,refuge,/home/rpotter/hypertower/REFUGE/Test/refuge2-test/T0213.jpg,/home/rpotter/hypertower/REFUGE/Test/Disc_Mask/T0213.png,/home/rpotter/hypertower/REFUGE/Test/Disc_Mask/T0213.png,mask,mask,holdout
refuge2_test_T0214,refuge,/home/rpotter/hypertower/REFUGE/Test/refuge2-test/T0214.jpg,/home/rpotter/hypertower/REFUGE/Test/Disc_Mask/T0214.png,/home/rpotter/hypertower/REFUGE/Test/Disc_Mask/T0214.png,mask,mask,holdout
refuge2_test_T0215,refuge,/home/rpotter/hypertower/REFUGE/Test/refuge2-test/T0215.jpg,/home/rpotter/hypertower/REFUGE/Test/Disc_Mask/T0215.png,/home/rpotter/hypertower/REFUGE/Test/Disc_Mask/T0215.png,mask,mask,holdout
refuge2_test_T0216,refuge,/home/rpotter/hypertower/REFUGE/Test/refuge2-test/T0216.jpg,/home/rpotter/hypertower/REFUGE/Test/Disc_Mask/T0216.png,/home/rpotter/hypertower/REFUGE/Test/Disc_Mask/T0216.png,mask,mask,holdout
refuge2_test_T0217,refuge,/home/rpotter/hypertower/REFUGE/Test/refuge2-test/T0217.jpg,/home/rpotter/hypertower/REFUGE/Test/Disc_Mask/T0217.png,/home/rpotter/hypertower/REFUGE/Test/Disc_Mask/T0217.png,mask,mask,holdout
refuge2_test_T0218,refuge,/home/rpotter/hypertower/REFUGE/Test/refuge2-test/T0218.jpg,/home/rpotter/hypertower/REFUGE/Test/Disc_Mask/T0218.png,/home/rpotter/hypertower/REFUGE/Test/Disc_Mask/T0218.png,mask,mask,holdout
refuge2_test_T0219,refuge,/home/rpotter/hypertower/REFUGE/Test/refuge2-test/T0219.jpg,/home/rpotter/hypertower/REFUGE/Test/Disc_Mask/T0219.png,/home/rpotter/hypertower/REFUGE/Test/Disc_Mask/T0219.png,mask,mask,holdout
refuge2_test_T0220,refuge,/home/rpotter/hypertower/REFUGE/Test/refuge2-test/T0220.jpg,/home/rpotter/hypertower/REFUGE/Test/Disc_Mask/T0220.png,/home/rpotter/hypertower/REFUGE/Test/Disc_Mask/T0220.png,mask,mask,holdout
refuge2_test_T0221,refuge,/home/rpotter/hypertower/REFUGE/Test/refuge2-test/T0221.jpg,/home/rpotter/hypertower/REFUGE/Test/Disc_Mask/T0221.png,/home/rpotter/hypertower/REFUGE/Test/Disc_Mask/T0221.png,mask,mask,holdout
refuge2_test_T0222,refuge,/home/rpotter/hypertower/REFUGE/Test/refuge2-test/T0222.jpg,/home/rpotter/hypertower/REFUGE/Test/Disc_Mask/T0222.png,/home/rpotter/hypertower/REFUGE/Test/Disc_Mask/T0222.png,mask,mask,holdout
refuge2_test_T0223,refuge,/home/rpotter/hypertower/REFUGE/Test/refuge2-test/T0223.jpg,/home/rpotter/hypertower/REFUGE/Test/Disc_Mask/T0223.png,/home/rpotter/hypertower/REFUGE/Test/Disc_Mask/T0223.png,mask,mask,holdout
refuge2_test_T0224,refuge,/home/rpotter/hypertower/REFUGE/Test/refuge2-test/T0224.jpg,/home/rpotter/hypertower/REFUGE/Test/Disc_Mask/T0224.png,/home/rpotter/hypertower/REFUGE/Test/Disc_Mask/T0224.png,mask,mask,holdout
refuge2_test_T0225,refuge,/home/rpotter/hypertower/REFUGE/Test/refuge2-test/T0225.jpg,/home/rpotter/hypertower/REFUGE/Test/Disc_Mask/T0225.png,/home/rpotter/hypertower/REFUGE/Test/Disc_Mask/T0225.png,mask,mask,holdout
refuge2_test_T0226,refuge,/home/rpotter/hypertower/REFUGE/Test/refuge2-test/T0226.jpg,/home/rpotter/hypertower/REFUGE/Test/Disc_Mask/T0226.png,/home/rpotter/hypertower/REFUGE/Test/Disc_Mask/T0226.png,mask,mask,holdout
refuge2_test_T0227,refuge,/home/rpotter/hypertower/REFUGE/Test/refuge2-test/T0227.jpg,/home/rpotter/hypertower/REFUGE/Test/Disc_Mask/T0227.png,/home/rpotter/hypertower/REFUGE/Test/Disc_Mask/T0227.png,mask,mask,holdout
refuge2_test_T0228,refuge,/home/rpotter/hypertower/REFUGE/Test/refuge2-test/T0228.jpg,/home/rpotter/hypertower/REFUGE/Test/Disc_Mask/T0228.png,/home/rpotter/hypertower/REFUGE/Test/Disc_Mask/T0228.png,mask,mask,holdout
refuge2_test_T0229,refuge,/home/rpotter/hypertower/REFUGE/Test/refuge2-test/T0229.jpg,/home/rpotter/hypertower/REFUGE/Test/Disc_Mask/T0229.png,/home/rpotter/hypertower/REFUGE/Test/Disc_Mask/T0229.png,mask,mask,holdout
refuge2_test_T0230,refuge,/home/rpotter/hypertower/REFUGE/Test/refuge2-test/T0230.jpg,/home/rpotter/hypertower/REFUGE/Test/Disc_Mask/T0230.png,/home/rpotter/hypertower/REFUGE/Test/Disc_Mask/T0230.png,mask,mask,holdout
refuge2_test_T0231,refuge,/home/rpotter/hypertower/REFUGE/Test/refuge2-test/T0231.jpg,/home/rpotter/hypertower/REFUGE/Test/Disc_Mask/T0231.png,/home/rpotter/hypertower/REFUGE/Test/Disc_Mask/T0231.png,mask,mask,holdout
refuge2_test_T0232,refuge,/home/rpotter/hypertower/REFUGE/Test/refuge2-test/T0232.jpg,/home/rpotter/hypertower/REFUGE/Test/Disc_Mask/T0232.png,/home/rpotter/hypertower/REFUGE/Test/Disc_Mask/T0232.png,mask,mask,holdout
refuge2_test_T0233,refuge,/home/rpotter/hypertower/REFUGE/Test/refuge2-test/T0233.jpg,/home/rpotter/hypertower/REFUGE/Test/Disc_Mask/T0233.png,/home/rpotter/hypertower/REFUGE/Test/Disc_Mask/T0233.png,mask,mask,holdout
refuge2_test_T0234,refuge,/home/rpotter/hypertower/REFUGE/Test/refuge2-test/T0234.jpg,/home/rpotter/hypertower/REFUGE/Test/Disc_Mask/T0234.png,/home/rpotter/hypertower/REFUGE/Test/Disc_Mask/T0234.png,mask,mask,holdout
refuge2_test_T0235,refuge,/home/rpotter/hypertower/REFUGE/Test/refuge2-test/T0235.jpg,/home/rpotter/hypertower/REFUGE/Test/Disc_Mask/T0235.png,/home/rpotter/hypertower/REFUGE/Test/Disc_Mask/T0235.png,mask,mask,holdout
refuge2_test_T0236,refuge,/home/rpotter/hypertower/REFUGE/Test/refuge2-test/T0236.jpg,/home/rpotter/hypertower/REFUGE/Test/Disc_Mask/T0236.png,/home/rpotter/hypertower/REFUGE/Test/Disc_Mask/T0236.png,mask,mask,holdout
refuge2_test_T0237,refuge,/home/rpotter/hypertower/REFUGE/Test/refuge2-test/T0237.jpg,/home/rpotter/hypertower/REFUGE/Test/Disc_Mask/T0237.png,/home/rpotter/hypertower/REFUGE/Test/Disc_Mask/T0237.png,mask,mask,holdout
refuge2_test_T0238,refuge,/home/rpotter/hypertower/REFUGE/Test/refuge2-test/T0238.jpg,/home/rpotter/hypertower/REFUGE/Test/Disc_Mask/T0238.png,/home/rpotter/hypertower/REFUGE/Test/Disc_Mask/T0238.png,mask,mask,holdout
refuge2_test_T0239,refuge,/home/rpotter/hypertower/REFUGE/Test/refuge2-test/T0239.jpg,/home/rpotter/hypertower/REFUGE/Test/Disc_Mask/T0239.png,/home/rpotter/hypertower/REFUGE/Test/Disc_Mask/T0239.png,mask,mask,holdout
refuge2_test_T0240,refuge,/home/rpotter/hypertower/REFUGE/Test/refuge2-test/T0240.jpg,/home/rpotter/hypertower/REFUGE/Test/Disc_Mask/T0240.png,/home/rpotter/hypertower/REFUGE/Test/Disc_Mask/T0240.png,mask,mask,holdout
refuge2_test_T0241,refuge,/home/rpotter/hypertower/REFUGE/Test/refuge2-test/T0241.jpg,/home/rpotter/hypertower/REFUGE/Test/Disc_Mask/T0241.png,/home/rpotter/hypertower/REFUGE/Test/Disc_Mask/T0241.png,mask,mask,holdout
refuge2_test_T0242,refuge,/home/rpotter/hypertower/REFUGE/Test/refuge2-test/T0242.jpg,/home/rpotter/hypertower/REFUGE/Test/Disc_Mask/T0242.png,/home/rpotter/hypertower/REFUGE/Test/Disc_Mask/T0242.png,mask,mask,holdout
refuge2_test_T0243,refuge,/home/rpotter/hypertower/REFUGE/Test/refuge2-test/T0243.jpg,/home/rpotter/hypertower/REFUGE/Test/Disc_Mask/T0243.png,/home/rpotter/hypertower/REFUGE/Test/Disc_Mask/T0243.png,mask,mask,holdout
refuge2_test_T0244,refuge,/home/rpotter/hypertower/REFUGE/Test/refuge2-test/T0244.jpg,/home/rpotter/hypertower/REFUGE/Test/Disc_Mask/T0244.png,/home/rpotter/hypertower/REFUGE/Test/Disc_Mask/T0244.png,mask,mask,holdout
refuge2_test_T0245,refuge,/home/rpotter/hypertower/REFUGE/Test/refuge2-test/T0245.jpg,/home/rpotter/hypertower/REFUGE/Test/Disc_Mask/T0245.png,/home/rpotter/hypertower/REFUGE/Test/Disc_Mask/T0245.png,mask,mask,holdout
refuge2_test_T0246,refuge,/home/rpotter/hypertower/REFUGE/Test/refuge2-test/T0246.jpg,/home/rpotter/hypertower/REFUGE/Test/Disc_Mask/T0246.png,/home/rpotter/hypertower/REFUGE/Test/Disc_Mask/T0246.png,mask,mask,holdout
refuge2_test_T0247,refuge,/home/rpotter/hypertower/REFUGE/Test/refuge2-test/T0247.jpg,/home/rpotter/hypertower/REFUGE/Test/Disc_Mask/T0247.png,/home/rpotter/hypertower/REFUGE/Test/Disc_Mask/T0247.png,mask,mask,holdout
refuge2_test_T0248,refuge,/home/rpotter/hypertower/REFUGE/Test/refuge2-test/T0248.jpg,/home/rpotter/hypertower/REFUGE/Test/Disc_Mask/T0248.png,/home/rpotter/hypertower/REFUGE/Test/Disc_Mask/T0248.png,mask,mask,holdout
refuge2_test_T0249,refuge,/home/rpotter/hypertower/REFUGE/Test/refuge2-test/T0249.jpg,/home/rpotter/hypertower/REFUGE/Test/Disc_Mask/T0249.png,/home/rpotter/hypertower/REFUGE/Test/Disc_Mask/T0249.png,mask,mask,holdout
refuge2_test_T0250,refuge,/home/rpotter/hypertower/REFUGE/Test/refuge2-test/T0250.jpg,/home/rpotter/hypertower/REFUGE/Test/Disc_Mask/T0250.png,/home/rpotter/hypertower/REFUGE/Test/Disc_Mask/T0250.png,mask,mask,holdout
refuge2_test_T0251,refuge,/home/rpotter/hypertower/REFUGE/Test/refuge2-test/T0251.jpg,/home/rpotter/hypertower/REFUGE/Test/Disc_Mask/T0251.png,/home/rpotter/hypertower/REFUGE/Test/Disc_Mask/T0251.png,mask,mask,holdout
refuge2_test_T0252,refuge,/home/rpotter/hypertower/REFUGE/Test/refuge2-test/T0252.jpg,/home/rpotter/hypertower/REFUGE/Test/Disc_Mask/T0252.png,/home/rpotter/hypertower/REFUGE/Test/Disc_Mask/T0252.png,mask,mask,holdout
refuge2_test_T0253,refuge,/home/rpotter/hypertower/REFUGE/Test/refuge2-test/T0253.jpg,/home/rpotter/hypertower/REFUGE/Test/Disc_Mask/T0253.png,/home/rpotter/hypertower/REFUGE/Test/Disc_Mask/T0253.png,mask,mask,holdout
refuge2_test_T0254,refuge,/home/rpotter/hypertower/REFUGE/Test/refuge2-test/T0254.jpg,/home/rpotter/hypertower/REFUGE/Test/Disc_Mask/T0254.png,/home/rpotter/hypertower/REFUGE/Test/Disc_Mask/T0254.png,mask,mask,holdout
refuge2_test_T0255,refuge,/home/rpotter/hypertower/REFUGE/Test/refuge2-test/T0255.jpg,/home/rpotter/hypertower/REFUGE/Test/Disc_Mask/T0255.png,/home/rpotter/hypertower/REFUGE/Test/Disc_Mask/T0255.png,mask,mask,holdout
refuge2_test_T0256,refuge,/home/rpotter/hypertower/REFUGE/Test/refuge2-test/T0256.jpg,/home/rpotter/hypertower/REFUGE/Test/Disc_Mask/T0256.png,/home/rpotter/hypertower/REFUGE/Test/Disc_Mask/T0256.png,mask,mask,holdout
refuge2_test_T0257,refuge,/home/rpotter/hypertower/REFUGE/Test/refuge2-test/T0257.jpg,/home/rpotter/hypertower/REFUGE/Test/Disc_Mask/T0257.png,/home/rpotter/hypertower/REFUGE/Test/Disc_Mask/T0257.png,mask,mask,holdout
refuge2_test_T0258,refuge,/home/rpotter/hypertower/REFUGE/Test/refuge2-test/T0258.jpg,/home/rpotter/hypertower/REFUGE/Test/Disc_Mask/T0258.png,/home/rpotter/hypertower/REFUGE/Test/Disc_Mask/T0258.png,mask,mask,holdout
refuge2_test_T0259,refuge,/home/rpotter/hypertower/REFUGE/Test/refuge2-test/T0259.jpg,/home/rpotter/hypertower/REFUGE/Test/Disc_Mask/T0259.png,/home/rpotter/hypertower/REFUGE/Test/Disc_Mask/T0259.png,mask,mask,holdout
refuge2_test_T0260,refuge,/home/rpotter/hypertower/REFUGE/Test/refuge2-test/T0260.jpg,/home/rpotter/hypertower/REFUGE/Test/Disc_Mask/T0260.png,/home/rpotter/hypertower/REFUGE/Test/Disc_Mask/T0260.png,mask,mask,holdout
refuge2_test_T0261,refuge,/home/rpotter/hypertower/REFUGE/Test/refuge2-test/T0261.jpg,/home/rpotter/hypertower/REFUGE/Test/Disc_Mask/T0261.png,/home/rpotter/hypertower/REFUGE/Test/Disc_Mask/T0261.png,mask,mask,holdout
refuge2_test_T0262,refuge,/home/rpotter/hypertower/REFUGE/Test/refuge2-test/T0262.jpg,/home/rpotter/hypertower/REFUGE/Test/Disc_Mask/T0262.png,/home/rpotter/hypertower/REFUGE/Test/Disc_Mask/T0262.png,mask,mask,holdout
refuge2_test_T0263,refuge,/home/rpotter/hypertower/REFUGE/Test/refuge2-test/T0263.jpg,/home/rpotter/hypertower/REFUGE/Test/Disc_Mask/T0263.png,/home/rpotter/hypertower/REFUGE/Test/Disc_Mask/T0263.png,mask,mask,holdout
refuge2_test_T0264,refuge,/home/rpotter/hypertower/REFUGE/Test/refuge2-test/T0264.jpg,/home/rpotter/hypertower/REFUGE/Test/Disc_Mask/T0264.png,/home/rpotter/hypertower/REFUGE/Test/Disc_Mask/T0264.png,mask,mask,holdout
refuge2_test_T0265,refuge,/home/rpotter/hypertower/REFUGE/Test/refuge2-test/T0265.jpg,/home/rpotter/hypertower/REFUGE/Test/Disc_Mask/T0265.png,/home/rpotter/hypertower/REFUGE/Test/Disc_Mask/T0265.png,mask,mask,holdout
refuge2_test_T0266,refuge,/home/rpotter/hypertower/REFUGE/Test/refuge2-test/T0266.jpg,/home/rpotter/hypertower/REFUGE/Test/Disc_Mask/T0266.png,/home/rpotter/hypertower/REFUGE/Test/Disc_Mask/T0266.png,mask,mask,holdout
refuge2_test_T0267,refuge,/home/rpotter/hypertower/REFUGE/Test/refuge2-test/T0267.jpg,/home/rpotter/hypertower/REFUGE/Test/Disc_Mask/T0267.png,/home/rpotter/hypertower/REFUGE/Test/Disc_Mask/T0267.png,mask,mask,holdout
refuge2_test_T0268,refuge,/home/rpotter/hypertower/REFUGE/Test/refuge2-test/T0268.jpg,/home/rpotter/hypertower/REFUGE/Test/Disc_Mask/T0268.png,/home/rpotter/hypertower/REFUGE/Test/Disc_Mask/T0268.png,mask,mask,holdout
refuge2_test_T0269,refuge,/home/rpotter/hypertower/REFUGE/Test/refuge2-test/T0269.jpg,/home/rpotter/hypertower/REFUGE/Test/Disc_Mask/T0269.png,/home/rpotter/hypertower/REFUGE/Test/Disc_Mask/T0269.png,mask,mask,holdout
refuge2_test_T0270,refuge,/home/rpotter/hypertower/REFUGE/Test/refuge2-test/T0270.jpg,/home/rpotter/hypertower/REFUGE/Test/Disc_Mask/T0270.png,/home/rpotter/hypertower/REFUGE/Test/Disc_Mask/T0270.png,mask,mask,holdout
refuge2_test_T0271,refuge,/home/rpotter/hypertower/REFUGE/Test/refuge2-test/T0271.jpg,/home/rpotter/hypertower/REFUGE/Test/Disc_Mask/T0271.png,/home/rpotter/hypertower/REFUGE/Test/Disc_Mask/T0271.png,mask,mask,holdout
refuge2_test_T0272,refuge,/home/rpotter/hypertower/REFUGE/Test/refuge2-test/T0272.jpg,/home/rpotter/hypertower/REFUGE/Test/Disc_Mask/T0272.png,/home/rpotter/hypertower/REFUGE/Test/Disc_Mask/T0272.png,mask,mask,holdout
refuge2_test_T0273,refuge,/home/rpotter/hypertower/REFUGE/Test/refuge2-test/T0273.jpg,/home/rpotter/hypertower/REFUGE/Test/Disc_Mask/T0273.png,/home/rpotter/hypertower/REFUGE/Test/Disc_Mask/T0273.png,mask,mask,holdout
refuge2_test_T0274,refuge,/home/rpotter/hypertower/REFUGE/Test/refuge2-test/T0274.jpg,/home/rpotter/hypertower/REFUGE/Test/Disc_Mask/T0274.png,/home/rpotter/hypertower/REFUGE/Test/Disc_Mask/T0274.png,mask,mask,holdout
refuge2_test_T0275,refuge,/home/rpotter/hypertower/REFUGE/Test/refuge2-test/T0275.jpg,/home/rpotter/hypertower/REFUGE/Test/Disc_Mask/T0275.png,/home/rpotter/hypertower/REFUGE/Test/Disc_Mask/T0275.png,mask,mask,holdout
refuge2_test_T0276,refuge,/home/rpotter/hypertower/REFUGE/Test/refuge2-test/T0276.jpg,/home/rpotter/hypertower/REFUGE/Test/Disc_Mask/T0276.png,/home/rpotter/hypertower/REFUGE/Test/Disc_Mask/T0276.png,mask,mask,holdout
refuge2_test_T0277,refuge,/home/rpotter/hypertower/REFUGE/Test/refuge2-test/T0277.jpg,/home/rpotter/hypertower/REFUGE/Test/Disc_Mask/T0277.png,/home/rpotter/hypertower/REFUGE/Test/Disc_Mask/T0277.png,mask,mask,holdout
refuge2_test_T0278,refuge,/home/rpotter/hypertower/REFUGE/Test/refuge2-test/T0278.jpg,/home/rpotter/hypertower/REFUGE/Test/Disc_Mask/T0278.png,/home/rpotter/hypertower/REFUGE/Test/Disc_Mask/T0278.png,mask,mask,holdout
refuge2_test_T0279,refuge,/home/rpotter/hypertower/REFUGE/Test/refuge2-test/T0279.jpg,/home/rpotter/hypertower/REFUGE/Test/Disc_Mask/T0279.png,/home/rpotter/hypertower/REFUGE/Test/Disc_Mask/T0279.png,mask,mask,holdout
refuge2_test_T0280,refuge,/home/rpotter/hypertower/REFUGE/Test/refuge2-test/T0280.jpg,/home/rpotter/hypertower/REFUGE/Test/Disc_Mask/T0280.png,/home/rpotter/hypertower/REFUGE/Test/Disc_Mask/T0280.png,mask,mask,holdout
refuge2_test_T0281,refuge,/home/rpotter/hypertower/REFUGE/Test/refuge2-test/T0281.jpg,/home/rpotter/hypertower/REFUGE/Test/Disc_Mask/T0281.png,/home/rpotter/hypertower/REFUGE/Test/Disc_Mask/T0281.png,mask,mask,holdout
refuge2_test_T0282,refuge,/home/rpotter/hypertower/REFUGE/Test/refuge2-test/T0282.jpg,/home/rpotter/hypertower/REFUGE/Test/Disc_Mask/T0282.png,/home/rpotter/hypertower/REFUGE/Test/Disc_Mask/T0282.png,mask,mask,holdout
refuge2_test_T0283,refuge,/home/rpotter/hypertower/REFUGE/Test/refuge2-test/T0283.jpg,/home/rpotter/hypertower/REFUGE/Test/Disc_Mask/T0283.png,/home/rpotter/hypertower/REFUGE/Test/Disc_Mask/T0283.png,mask,mask,holdout
refuge2_test_T0284,refuge,/home/rpotter/hypertower/REFUGE/Test/refuge2-test/T0284.jpg,/home/rpotter/hypertower/REFUGE/Test/Disc_Mask/T0284.png,/home/rpotter/hypertower/REFUGE/Test/Disc_Mask/T0284.png,mask,mask,holdout
refuge2_test_T0285,refuge,/home/rpotter/hypertower/REFUGE/Test/refuge2-test/T0285.jpg,/home/rpotter/hypertower/REFUGE/Test/Disc_Mask/T0285.png,/home/rpotter/hypertower/REFUGE/Test/Disc_Mask/T0285.png,mask,mask,holdout
refuge2_test_T0286,refuge,/home/rpotter/hypertower/REFUGE/Test/refuge2-test/T0286.jpg,/home/rpotter/hypertower/REFUGE/Test/Disc_Mask/T0286.png,/home/rpotter/hypertower/REFUGE/Test/Disc_Mask/T0286.png,mask,mask,holdout
refuge2_test_T0287,refuge,/home/rpotter/hypertower/REFUGE/Test/refuge2-test/T0287.jpg,/home/rpotter/hypertower/REFUGE/Test/Disc_Mask/T0287.png,/home/rpotter/hypertower/REFUGE/Test/Disc_Mask/T0287.png,mask,mask,holdout
refuge2_test_T0288,refuge,/home/rpotter/hypertower/REFUGE/Test/refuge2-test/T0288.jpg,/home/rpotter/hypertower/REFUGE/Test/Disc_Mask/T0288.png,/home/rpotter/hypertower/REFUGE/Test/Disc_Mask/T0288.png,mask,mask,holdout
refuge2_test_T0289,refuge,/home/rpotter/hypertower/REFUGE/Test/refuge2-test/T0289.jpg,/home/rpotter/hypertower/REFUGE/Test/Disc_Mask/T0289.png,/home/rpotter/hypertower/REFUGE/Test/Disc_Mask/T0289.png,mask,mask,holdout
refuge2_test_T0290,refuge,/home/rpotter/hypertower/REFUGE/Test/refuge2-test/T0290.jpg,/home/rpotter/hypertower/REFUGE/Test/Disc_Mask/T0290.png,/home/rpotter/hypertower/REFUGE/Test/Disc_Mask/T0290.png,mask,mask,holdout
refuge2_test_T0291,refuge,/home/rpotter/hypertower/REFUGE/Test/refuge2-test/T0291.jpg,/home/rpotter/hypertower/REFUGE/Test/Disc_Mask/T0291.png,/home/rpotter/hypertower/REFUGE/Test/Disc_Mask/T0291.png,mask,mask,holdout
refuge2_test_T0292,refuge,/home/rpotter/hypertower/REFUGE/Test/refuge2-test/T0292.jpg,/home/rpotter/hypertower/REFUGE/Test/Disc_Mask/T0292.png,/home/rpotter/hypertower/REFUGE/Test/Disc_Mask/T0292.png,mask,mask,holdout
refuge2_test_T0293,refuge,/home/rpotter/hypertower/REFUGE/Test/refuge2-test/T0293.jpg,/home/rpotter/hypertower/REFUGE/Test/Disc_Mask/T0293.png,/home/rpotter/hypertower/REFUGE/Test/Disc_Mask/T0293.png,mask,mask,holdout
refuge2_test_T0294,refuge,/home/rpotter/hypertower/REFUGE/Test/refuge2-test/T0294.jpg,/home/rpotter/hypertower/REFUGE/Test/Disc_Mask/T0294.png,/home/rpotter/hypertower/REFUGE/Test/Disc_Mask/T0294.png,mask,mask,holdout
refuge2_test_T0295,refuge,/home/rpotter/hypertower/REFUGE/Test/refuge2-test/T0295.jpg,/home/rpotter/hypertower/REFUGE/Test/Disc_Mask/T0295.png,/home/rpotter/hypertower/REFUGE/Test/Disc_Mask/T0295.png,mask,mask,holdout
refuge2_test_T0296,refuge,/home/rpotter/hypertower/REFUGE/Test/refuge2-test/T0296.jpg,/home/rpotter/hypertower/REFUGE/Test/Disc_Mask/T0296.png,/home/rpotter/hypertower/REFUGE/Test/Disc_Mask/T0296.png,mask,mask,holdout
refuge2_test_T0297,refuge,/home/rpotter/hypertower/REFUGE/Test/refuge2-test/T0297.jpg,/home/rpotter/hypertower/REFUGE/Test/Disc_Mask/T0297.png,/home/rpotter/hypertower/REFUGE/Test/Disc_Mask/T0297.png,mask,mask,holdout
refuge2_test_T0298,refuge,/home/rpotter/hypertower/REFUGE/Test/refuge2-test/T0298.jpg,/home/rpotter/hypertower/REFUGE/Test/Disc_Mask/T0298.png,/home/rpotter/hypertower/REFUGE/Test/Disc_Mask/T0298.png,mask,mask,holdout
refuge2_test_T0299,refuge,/home/rpotter/hypertower/REFUGE/Test/refuge2-test/T0299.jpg,/home/rpotter/hypertower/REFUGE/Test/Disc_Mask/T0299.png,/home/rpotter/hypertower/REFUGE/Test/Disc_Mask/T0299.png,mask,mask,holdout
refuge2_test_T0300,refuge,/home/rpotter/hypertower/REFUGE/Test/refuge2-test/T0300.jpg,/home/rpotter/hypertower/REFUGE/Test/Disc_Mask/T0300.png,/home/rpotter/hypertower/REFUGE/Test/Disc_Mask/T0300.png,mask,mask,holdout
refuge2_test_T0301,refuge,/home/rpotter/hypertower/REFUGE/Test/refuge2-test/T0301.jpg,/home/rpotter/hypertower/REFUGE/Test/Disc_Mask/T0301.png,/home/rpotter/hypertower/REFUGE/Test/Disc_Mask/T0301.png,mask,mask,holdout
refuge2_test_T0302,refuge,/home/rpotter/hypertower/REFUGE/Test/refuge2-test/T0302.jpg,/home/rpotter/hypertower/REFUGE/Test/Disc_Mask/T0302.png,/home/rpotter/hypertower/REFUGE/Test/Disc_Mask/T0302.png,mask,mask,holdout
refuge2_test_T0303,refuge,/home/rpotter/hypertower/REFUGE/Test/refuge2-test/T0303.jpg,/home/rpotter/hypertower/REFUGE/Test/Disc_Mask/T0303.png,/home/rpotter/hypertower/REFUGE/Test/Disc_Mask/T0303.png,mask,mask,holdout
refuge2_test_T0304,refuge,/home/rpotter/hypertower/REFUGE/Test/refuge2-test/T0304.jpg,/home/rpotter/hypertower/REFUGE/Test/Disc_Mask/T0304.png,/home/rpotter/hypertower/REFUGE/Test/Disc_Mask/T0304.png,mask,mask,holdout
refuge2_test_T0305,refuge,/home/rpotter/hypertower/REFUGE/Test/refuge2-test/T0305.jpg,/home/rpotter/hypertower/REFUGE/Test/Disc_Mask/T0305.png,/home/rpotter/hypertower/REFUGE/Test/Disc_Mask/T0305.png,mask,mask,holdout
refuge2_test_T0306,refuge,/home/rpotter/hypertower/REFUGE/Test/refuge2-test/T0306.jpg,/home/rpotter/hypertower/REFUGE/Test/Disc_Mask/T0306.png,/home/rpotter/hypertower/REFUGE/Test/Disc_Mask/T0306.png,mask,mask,holdout
refuge2_test_T0307,refuge,/home/rpotter/hypertower/REFUGE/Test/refuge2-test/T0307.jpg,/home/rpotter/hypertower/REFUGE/Test/Disc_Mask/T0307.png,/home/rpotter/hypertower/REFUGE/Test/Disc_Mask/T0307.png,mask,mask,holdout
refuge2_test_T0308,refuge,/home/rpotter/hypertower/REFUGE/Test/refuge2-test/T0308.jpg,/home/rpotter/hypertower/REFUGE/Test/Disc_Mask/T0308.png,/home/rpotter/hypertower/REFUGE/Test/Disc_Mask/T0308.png,mask,mask,holdout
refuge2_test_T0309,refuge,/home/rpotter/hypertower/REFUGE/Test/refuge2-test/T0309.jpg,/home/rpotter/hypertower/REFUGE/Test/Disc_Mask/T0309.png,/home/rpotter/hypertower/REFUGE/Test/Disc_Mask/T0309.png,mask,mask,holdout
refuge2_test_T0310,refuge,/home/rpotter/hypertower/REFUGE/Test/refuge2-test/T0310.jpg,/home/rpotter/hypertower/REFUGE/Test/Disc_Mask/T0310.png,/home/rpotter/hypertower/REFUGE/Test/Disc_Mask/T0310.png,mask,mask,holdout
refuge2_test_T0311,refuge,/home/rpotter/hypertower/REFUGE/Test/refuge2-test/T0311.jpg,/home/rpotter/hypertower/REFUGE/Test/Disc_Mask/T0311.png,/home/rpotter/hypertower/REFUGE/Test/Disc_Mask/T0311.png,mask,mask,holdout
refuge2_test_T0312,refuge,/home/rpotter/hypertower/REFUGE/Test/refuge2-test/T0312.jpg,/home/rpotter/hypertower/REFUGE/Test/Disc_Mask/T0312.png,/home/rpotter/hypertower/REFUGE/Test/Disc_Mask/T0312.png,mask,mask,holdout
refuge2_test_T0313,refuge,/home/rpotter/hypertower/REFUGE/Test/refuge2-test/T0313.jpg,/home/rpotter/hypertower/REFUGE/Test/Disc_Mask/T0313.png,/home/rpotter/hypertower/REFUGE/Test/Disc_Mask/T0313.png,mask,mask,holdout
refuge2_test_T0314,refuge,/home/rpotter/hypertower/REFUGE/Test/refuge2-test/T0314.jpg,/home/rpotter/hypertower/REFUGE/Test/Disc_Mask/T0314.png,/home/rpotter/hypertower/REFUGE/Test/Disc_Mask/T0314.png,mask,mask,holdout
refuge2_test_T0315,refuge,/home/rpotter/hypertower/REFUGE/Test/refuge2-test/T0315.jpg,/home/rpotter/hypertower/REFUGE/Test/Disc_Mask/T0315.png,/home/rpotter/hypertower/REFUGE/Test/Disc_Mask/T0315.png,mask,mask,holdout
refuge2_test_T0316,refuge,/home/rpotter/hypertower/REFUGE/Test/refuge2-test/T0316.jpg,/home/rpotter/hypertower/REFUGE/Test/Disc_Mask/T0316.png,/home/rpotter/hypertower/REFUGE/Test/Disc_Mask/T0316.png,mask,mask,holdout
refuge2_test_T0317,refuge,/home/rpotter/hypertower/REFUGE/Test/refuge2-test/T0317.jpg,/home/rpotter/hypertower/REFUGE/Test/Disc_Mask/T0317.png,/home/rpotter/hypertower/REFUGE/Test/Disc_Mask/T0317.png,mask,mask,holdout
refuge2_test_T0318,refuge,/home/rpotter/hypertower/REFUGE/Test/refuge2-test/T0318.jpg,/home/rpotter/hypertower/REFUGE/Test/Disc_Mask/T0318.png,/home/rpotter/hypertower/REFUGE/Test/Disc_Mask/T0318.png,mask,mask,holdout
refuge2_test_T0319,refuge,/home/rpotter/hypertower/REFUGE/Test/refuge2-test/T0319.jpg,/home/rpotter/hypertower/REFUGE/Test/Disc_Mask/T0319.png,/home/rpotter/hypertower/REFUGE/Test/Disc_Mask/T0319.png,mask,mask,holdout
refuge2_test_T0320,refuge,/home/rpotter/hypertower/REFUGE/Test/refuge2-test/T0320.jpg,/home/rpotter/hypertower/REFUGE/Test/Disc_Mask/T0320.png,/home/rpotter/hypertower/REFUGE/Test/Disc_Mask/T0320.png,mask,mask,holdout
refuge2_test_T0321,refuge,/home/rpotter/hypertower/REFUGE/Test/refuge2-test/T0321.jpg,/home/rpotter/hypertower/REFUGE/Test/Disc_Mask/T0321.png,/home/rpotter/hypertower/REFUGE/Test/Disc_Mask/T0321.png,mask,mask,holdout
refuge2_test_T0322,refuge,/home/rpotter/hypertower/REFUGE/Test/refuge2-test/T0322.jpg,/home/rpotter/hypertower/REFUGE/Test/Disc_Mask/T0322.png,/home/rpotter/hypertower/REFUGE/Test/Disc_Mask/T0322.png,mask,mask,holdout
refuge2_test_T0323,refuge,/home/rpotter/hypertower/REFUGE/Test/refuge2-test/T0323.jpg,/home/rpotter/hypertower/REFUGE/Test/Disc_Mask/T0323.png,/home/rpotter/hypertower/REFUGE/Test/Disc_Mask/T0323.png,mask,mask,holdout
refuge2_test_T0324,refuge,/home/rpotter/hypertower/REFUGE/Test/refuge2-test/T0324.jpg,/home/rpotter/hypertower/REFUGE/Test/Disc_Mask/T0324.png,/home/rpotter/hypertower/REFUGE/Test/Disc_Mask/T0324.png,mask,mask,holdout
refuge2_test_T0325,refuge,/home/rpotter/hypertower/REFUGE/Test/refuge2-test/T0325.jpg,/home/rpotter/hypertower/REFUGE/Test/Disc_Mask/T0325.png,/home/rpotter/hypertower/REFUGE/Test/Disc_Mask/T0325.png,mask,mask,holdout
refuge2_test_T0326,refuge,/home/rpotter/hypertower/REFUGE/Test/refuge2-test/T0326.jpg,/home/rpotter/hypertower/REFUGE/Test/Disc_Mask/T0326.png,/home/rpotter/hypertower/REFUGE/Test/Disc_Mask/T0326.png,mask,mask,holdout
refuge2_test_T0327,refuge,/home/rpotter/hypertower/REFUGE/Test/refuge2-test/T0327.jpg,/home/rpotter/hypertower/REFUGE/Test/Disc_Mask/T0327.png,/home/rpotter/hypertower/REFUGE/Test/Disc_Mask/T0327.png,mask,mask,holdout
refuge2_test_T0328,refuge,/home/rpotter/hypertower/REFUGE/Test/refuge2-test/T0328.jpg,/home/rpotter/hypertower/REFUGE/Test/Disc_Mask/T0328.png,/home/rpotter/hypertower/REFUGE/Test/Disc_Mask/T0328.png,mask,mask,holdout
refuge2_test_T0329,refuge,/home/rpotter/hypertower/REFUGE/Test/refuge2-test/T0329.jpg,/home/rpotter/hypertower/REFUGE/Test/Disc_Mask/T0329.png,/home/rpotter/hypertower/REFUGE/Test/Disc_Mask/T0329.png,mask,mask,holdout
refuge2_test_T0330,refuge,/home/rpotter/hypertower/REFUGE/Test/refuge2-test/T0330.jpg,/home/rpotter/hypertower/REFUGE/Test/Disc_Mask/T0330.png,/home/rpotter/hypertower/REFUGE/Test/Disc_Mask/T0330.png,mask,mask,holdout
refuge2_test_T0331,refuge,/home/rpotter/hypertower/REFUGE/Test/refuge2-test/T0331.jpg,/home/rpotter/hypertower/REFUGE/Test/Disc_Mask/T0331.png,/home/rpotter/hypertower/REFUGE/Test/Disc_Mask/T0331.png,mask,mask,holdout
refuge2_test_T0332,refuge,/home/rpotter/hypertower/REFUGE/Test/refuge2-test/T0332.jpg,/home/rpotter/hypertower/REFUGE/Test/Disc_Mask/T0332.png,/home/rpotter/hypertower/REFUGE/Test/Disc_Mask/T0332.png,mask,mask,holdout
refuge2_test_T0333,refuge,/home/rpotter/hypertower/REFUGE/Test/refuge2-test/T0333.jpg,/home/rpotter/hypertower/REFUGE/Test/Disc_Mask/T0333.png,/home/rpotter/hypertower/REFUGE/Test/Disc_Mask/T0333.png,mask,mask,holdout
refuge2_test_T0334,refuge,/home/rpotter/hypertower/REFUGE/Test/refuge2-test/T0334.jpg,/home/rpotter/hypertower/REFUGE/Test/Disc_Mask/T0334.png,/home/rpotter/hypertower/REFUGE/Test/Disc_Mask/T0334.png,mask,mask,holdout
refuge2_test_T0335,refuge,/home/rpotter/hypertower/REFUGE/Test/refuge2-test/T0335.jpg,/home/rpotter/hypertower/REFUGE/Test/Disc_Mask/T0335.png,/home/rpotter/hypertower/REFUGE/Test/Disc_Mask/T0335.png,mask,mask,holdout
refuge2_test_T0336,refuge,/home/rpotter/hypertower/REFUGE/Test/refuge2-test/T0336.jpg,/home/rpotter/hypertower/REFUGE/Test/Disc_Mask/T0336.png,/home/rpotter/hypertower/REFUGE/Test/Disc_Mask/T0336.png,mask,mask,holdout
refuge2_test_T0337,refuge,/home/rpotter/hypertower/REFUGE/Test/refuge2-test/T0337.jpg,/home/rpotter/hypertower/REFUGE/Test/Disc_Mask/T0337.png,/home/rpotter/hypertower/REFUGE/Test/Disc_Mask/T0337.png,mask,mask,holdout
refuge2_test_T0338,refuge,/home/rpotter/hypertower/REFUGE/Test/refuge2-test/T0338.jpg,/home/rpotter/hypertower/REFUGE/Test/Disc_Mask/T0338.png,/home/rpotter/hypertower/REFUGE/Test/Disc_Mask/T0338.png,mask,mask,holdout
refuge2_test_T0339,refuge,/home/rpotter/hypertower/REFUGE/Test/refuge2-test/T0339.jpg,/home/rpotter/hypertower/REFUGE/Test/Disc_Mask/T0339.png,/home/rpotter/hypertower/REFUGE/Test/Disc_Mask/T0339.png,mask,mask,holdout
refuge2_test_T0340,refuge,/home/rpotter/hypertower/REFUGE/Test/refuge2-test/T0340.jpg,/home/rpotter/hypertower/REFUGE/Test/Disc_Mask/T0340.png,/home/rpotter/hypertower/REFUGE/Test/Disc_Mask/T0340.png,mask,mask,holdout
refuge2_test_T0341,refuge,/home/rpotter/hypertower/REFUGE/Test/refuge2-test/T0341.jpg,/home/rpotter/hypertower/REFUGE/Test/Disc_Mask/T0341.png,/home/rpotter/hypertower/REFUGE/Test/Disc_Mask/T0341.png,mask,mask,holdout
refuge2_test_T0342,refuge,/home/rpotter/hypertower/REFUGE/Test/refuge2-test/T0342.jpg,/home/rpotter/hypertower/REFUGE/Test/Disc_Mask/T0342.png,/home/rpotter/hypertower/REFUGE/Test/Disc_Mask/T0342.png,mask,mask,holdout
refuge2_test_T0343,refuge,/home/rpotter/hypertower/REFUGE/Test/refuge2-test/T0343.jpg,/home/rpotter/hypertower/REFUGE/Test/Disc_Mask/T0343.png,/home/rpotter/hypertower/REFUGE/Test/Disc_Mask/T0343.png,mask,mask,holdout
refuge2_test_T0344,refuge,/home/rpotter/hypertower/REFUGE/Test/refuge2-test/T0344.jpg,/home/rpotter/hypertower/REFUGE/Test/Disc_Mask/T0344.png,/home/rpotter/hypertower/REFUGE/Test/Disc_Mask/T0344.png,mask,mask,holdout
refuge2_test_T0345,refuge,/home/rpotter/hypertower/REFUGE/Test/refuge2-test/T0345.jpg,/home/rpotter/hypertower/REFUGE/Test/Disc_Mask/T0345.png,/home/rpotter/hypertower/REFUGE/Test/Disc_Mask/T0345.png,mask,mask,holdout
refuge2_test_T0346,refuge,/home/rpotter/hypertower/REFUGE/Test/refuge2-test/T0346.jpg,/home/rpotter/hypertower/REFUGE/Test/Disc_Mask/T0346.png,/home/rpotter/hypertower/REFUGE/Test/Disc_Mask/T0346.png,mask,mask,holdout
refuge2_test_T0347,refuge,/home/rpotter/hypertower/REFUGE/Test/refuge2-test/T0347.jpg,/home/rpotter/hypertower/REFUGE/Test/Disc_Mask/T0347.png,/home/rpotter/hypertower/REFUGE/Test/Disc_Mask/T0347.png,mask,mask,holdout
refuge2_test_T0348,refuge,/home/rpotter/hypertower/REFUGE/Test/refuge2-test/T0348.jpg,/home/rpotter/hypertower/REFUGE/Test/Disc_Mask/T0348.png,/home/rpotter/hypertower/REFUGE/Test/Disc_Mask/T0348.png,mask,mask,holdout
refuge2_test_T0349,refuge,/home/rpotter/hypertower/REFUGE/Test/refuge2-test/T0349.jpg,/home/rpotter/hypertower/REFUGE/Test/Disc_Mask/T0349.png,/home/rpotter/hypertower/REFUGE/Test/Disc_Mask/T0349.png,mask,mask,holdout
refuge2_test_T0350,refuge,/home/rpotter/hypertower/REFUGE/Test/refuge2-test/T0350.jpg,/home/rpotter/hypertower/REFUGE/Test/Disc_Mask/T0350.png,/home/rpotter/hypertower/REFUGE/Test/Disc_Mask/T0350.png,mask,mask,holdout
refuge2_test_T0351,refuge,/home/rpotter/hypertower/REFUGE/Test/refuge2-test/T0351.jpg,/home/rpotter/hypertower/REFUGE/Test/Disc_Mask/T0351.png,/home/rpotter/hypertower/REFUGE/Test/Disc_Mask/T0351.png,mask,mask,holdout
refuge2_test_T0352,refuge,/home/rpotter/hypertower/REFUGE/Test/refuge2-test/T0352.jpg,/home/rpotter/hypertower/REFUGE/Test/Disc_Mask/T0352.png,/home/rpotter/hypertower/REFUGE/Test/Disc_Mask/T0352.png,mask,mask,holdout
refuge2_test_T0353,refuge,/home/rpotter/hypertower/REFUGE/Test/refuge2-test/T0353.jpg,/home/rpotter/hypertower/REFUGE/Test/Disc_Mask/T0353.png,/home/rpotter/hypertower/REFUGE/Test/Disc_Mask/T0353.png,mask,mask,holdout
refuge2_test_T0354,refuge,/home/rpotter/hypertower/REFUGE/Test/refuge2-test/T0354.jpg,/home/rpotter/hypertower/REFUGE/Test/Disc_Mask/T0354.png,/home/rpotter/hypertower/REFUGE/Test/Disc_Mask/T0354.png,mask,mask,holdout
refuge2_test_T0355,refuge,/home/rpotter/hypertower/REFUGE/Test/refuge2-test/T0355.jpg,/home/rpotter/hypertower/REFUGE/Test/Disc_Mask/T0355.png,/home/rpotter/hypertower/REFUGE/Test/Disc_Mask/T0355.png,mask,mask,holdout
refuge2_test_T0356,refuge,/home/rpotter/hypertower/REFUGE/Test/refuge2-test/T0356.jpg,/home/rpotter/hypertower/REFUGE/Test/Disc_Mask/T0356.png,/home/rpotter/hypertower/REFUGE/Test/Disc_Mask/T0356.png,mask,mask,holdout
refuge2_test_T0357,refuge,/home/rpotter/hypertower/REFUGE/Test/refuge2-test/T0357.jpg,/home/rpotter/hypertower/REFUGE/Test/Disc_Mask/T0357.png,/home/rpotter/hypertower/REFUGE/Test/Disc_Mask/T0357.png,mask,mask,holdout
refuge2_test_T0358,refuge,/home/rpotter/hypertower/REFUGE/Test/refuge2-test/T0358.jpg,/home/rpotter/hypertower/REFUGE/Test/Disc_Mask/T0358.png,/home/rpotter/hypertower/REFUGE/Test/Disc_Mask/T0358.png,mask,mask,holdout
refuge2_test_T0359,refuge,/home/rpotter/hypertower/REFUGE/Test/refuge2-test/T0359.jpg,/home/rpotter/hypertower/REFUGE/Test/Disc_Mask/T0359.png,/home/rpotter/hypertower/REFUGE/Test/Disc_Mask/T0359.png,mask,mask,holdout
refuge2_test_T0360,refuge,/home/rpotter/hypertower/REFUGE/Test/refuge2-test/T0360.jpg,/home/rpotter/hypertower/REFUGE/Test/Disc_Mask/T0360.png,/home/rpotter/hypertower/REFUGE/Test/Disc_Mask/T0360.png,mask,mask,holdout
refuge2_test_T0361,refuge,/home/rpotter/hypertower/REFUGE/Test/refuge2-test/T0361.jpg,/home/rpotter/hypertower/REFUGE/Test/Disc_Mask/T0361.png,/home/rpotter/hypertower/REFUGE/Test/Disc_Mask/T0361.png,mask,mask,holdout
refuge2_test_T0362,refuge,/home/rpotter/hypertower/REFUGE/Test/refuge2-test/T0362.jpg,/home/rpotter/hypertower/REFUGE/Test/Disc_Mask/T0362.png,/home/rpotter/hypertower/REFUGE/Test/Disc_Mask/T0362.png,mask,mask,holdout
refuge2_test_T0363,refuge,/home/rpotter/hypertower/REFUGE/Test/refuge2-test/T0363.jpg,/home/rpotter/hypertower/REFUGE/Test/Disc_Mask/T0363.png,/home/rpotter/hypertower/REFUGE/Test/Disc_Mask/T0363.png,mask,mask,holdout
refuge2_test_T0364,refuge,/home/rpotter/hypertower/REFUGE/Test/refuge2-test/T0364.jpg,/home/rpotter/hypertower/REFUGE/Test/Disc_Mask/T0364.png,/home/rpotter/hypertower/REFUGE/Test/Disc_Mask/T0364.png,mask,mask,holdout
refuge2_test_T0365,refuge,/home/rpotter/hypertower/REFUGE/Test/refuge2-test/T0365.jpg,/home/rpotter/hypertower/REFUGE/Test/Disc_Mask/T0365.png,/home/rpotter/hypertower/REFUGE/Test/Disc_Mask/T0365.png,mask,mask,holdout
refuge2_test_T0366,refuge,/home/rpotter/hypertower/REFUGE/Test/refuge2-test/T0366.jpg,/home/rpotter/hypertower/REFUGE/Test/Disc_Mask/T0366.png,/home/rpotter/hypertower/REFUGE/Test/Disc_Mask/T0366.png,mask,mask,holdout
refuge2_test_T0367,refuge,/home/rpotter/hypertower/REFUGE/Test/refuge2-test/T0367.jpg,/home/rpotter/hypertower/REFUGE/Test/Disc_Mask/T0367.png,/home/rpotter/hypertower/REFUGE/Test/Disc_Mask/T0367.png,mask,mask,holdout
refuge2_test_T0368,refuge,/home/rpotter/hypertower/REFUGE/Test/refuge2-test/T0368.jpg,/home/rpotter/hypertower/REFUGE/Test/Disc_Mask/T0368.png,/home/rpotter/hypertower/REFUGE/Test/Disc_Mask/T0368.png,mask,mask,holdout
refuge2_test_T0369,refuge,/home/rpotter/hypertower/REFUGE/Test/refuge2-test/T0369.jpg,/home/rpotter/hypertower/REFUGE/Test/Disc_Mask/T0369.png,/home/rpotter/hypertower/REFUGE/Test/Disc_Mask/T0369.png,mask,mask,holdout
refuge2_test_T0370,refuge,/home/rpotter/hypertower/REFUGE/Test/refuge2-test/T0370.jpg,/home/rpotter/hypertower/REFUGE/Test/Disc_Mask/T0370.png,/home/rpotter/hypertower/REFUGE/Test/Disc_Mask/T0370.png,mask,mask,holdout
refuge2_test_T0371,refuge,/home/rpotter/hypertower/REFUGE/Test/refuge2-test/T0371.jpg,/home/rpotter/hypertower/REFUGE/Test/Disc_Mask/T0371.png,/home/rpotter/hypertower/REFUGE/Test/Disc_Mask/T0371.png,mask,mask,holdout
refuge2_test_T0372,refuge,/home/rpotter/hypertower/REFUGE/Test/refuge2-test/T0372.jpg,/home/rpotter/hypertower/REFUGE/Test/Disc_Mask/T0372.png,/home/rpotter/hypertower/REFUGE/Test/Disc_Mask/T0372.png,mask,mask,holdout
refuge2_test_T0373,refuge,/home/rpotter/hypertower/REFUGE/Test/refuge2-test/T0373.jpg,/home/rpotter/hypertower/REFUGE/Test/Disc_Mask/T0373.png,/home/rpotter/hypertower/REFUGE/Test/Disc_Mask/T0373.png,mask,mask,holdout
refuge2_test_T0374,refuge,/home/rpotter/hypertower/REFUGE/Test/refuge2-test/T0374.jpg,/home/rpotter/hypertower/REFUGE/Test/Disc_Mask/T0374.png,/home/rpotter/hypertower/REFUGE/Test/Disc_Mask/T0374.png,mask,mask,holdout
refuge2_test_T0375,refuge,/home/rpotter/hypertower/REFUGE/Test/refuge2-test/T0375.jpg,/home/rpotter/hypertower/REFUGE/Test/Disc_Mask/T0375.png,/home/rpotter/hypertower/REFUGE/Test/Disc_Mask/T0375.png,mask,mask,holdout
refuge2_test_T0376,refuge,/home/rpotter/hypertower/REFUGE/Test/refuge2-test/T0376.jpg,/home/rpotter/hypertower/REFUGE/Test/Disc_Mask/T0376.png,/home/rpotter/hypertower/REFUGE/Test/Disc_Mask/T0376.png,mask,mask,holdout
refuge2_test_T0377,refuge,/home/rpotter/hypertower/REFUGE/Test/refuge2-test/T0377.jpg,/home/rpotter/hypertower/REFUGE/Test/Disc_Mask/T0377.png,/home/rpotter/hypertower/REFUGE/Test/Disc_Mask/T0377.png,mask,mask,holdout
refuge2_test_T0378,refuge,/home/rpotter/hypertower/REFUGE/Test/refuge2-test/T0378.jpg,/home/rpotter/hypertower/REFUGE/Test/Disc_Mask/T0378.png,/home/rpotter/hypertower/REFUGE/Test/Disc_Mask/T0378.png,mask,mask,holdout
refuge2_test_T0379,refuge,/home/rpotter/hypertower/REFUGE/Test/refuge2-test/T0379.jpg,/home/rpotter/hypertower/REFUGE/Test/Disc_Mask/T0379.png,/home/rpotter/hypertower/REFUGE/Test/Disc_Mask/T0379.png,mask,mask,holdout
refuge2_test_T0380,refuge,/home/rpotter/hypertower/REFUGE/Test/refuge2-test/T0380.jpg,/home/rpotter/hypertower/REFUGE/Test/Disc_Mask/T0380.png,/home/rpotter/hypertower/REFUGE/Test/Disc_Mask/T0380.png,mask,mask,holdout
refuge2_test_T0381,refuge,/home/rpotter/hypertower/REFUGE/Test/refuge2-test/T0381.jpg,/home/rpotter/hypertower/REFUGE/Test/Disc_Mask/T0381.png,/home/rpotter/hypertower/REFUGE/Test/Disc_Mask/T0381.png,mask,mask,holdout
refuge2_test_T0382,refuge,/home/rpotter/hypertower/REFUGE/Test/refuge2-test/T0382.jpg,/home/rpotter/hypertower/REFUGE/Test/Disc_Mask/T0382.png,/home/rpotter/hypertower/REFUGE/Test/Disc_Mask/T0382.png,mask,mask,holdout
refuge2_test_T0383,refuge,/home/rpotter/hypertower/REFUGE/Test/refuge2-test/T0383.jpg,/home/rpotter/hypertower/REFUGE/Test/Disc_Mask/T0383.png,/home/rpotter/hypertower/REFUGE/Test/Disc_Mask/T0383.png,mask,mask,holdout
refuge2_test_T0384,refuge,/home/rpotter/hypertower/REFUGE/Test/refuge2-test/T0384.jpg,/home/rpotter/hypertower/REFUGE/Test/Disc_Mask/T0384.png,/home/rpotter/hypertower/REFUGE/Test/Disc_Mask/T0384.png,mask,mask,holdout
refuge2_test_T0385,refuge,/home/rpotter/hypertower/REFUGE/Test/refuge2-test/T0385.jpg,/home/rpotter/hypertower/REFUGE/Test/Disc_Mask/T0385.png,/home/rpotter/hypertower/REFUGE/Test/Disc_Mask/T0385.png,mask,mask,holdout
refuge2_test_T0386,refuge,/home/rpotter/hypertower/REFUGE/Test/refuge2-test/T0386.jpg,/home/rpotter/hypertower/REFUGE/Test/Disc_Mask/T0386.png,/home/rpotter/hypertower/REFUGE/Test/Disc_Mask/T0386.png,mask,mask,holdout
refuge2_test_T0387,refuge,/home/rpotter/hypertower/REFUGE/Test/refuge2-test/T0387.jpg,/home/rpotter/hypertower/REFUGE/Test/Disc_Mask/T0387.png,/home/rpotter/hypertower/REFUGE/Test/Disc_Mask/T0387.png,mask,mask,holdout
refuge2_test_T0388,refuge,/home/rpotter/hypertower/REFUGE/Test/refuge2-test/T0388.jpg,/home/rpotter/hypertower/REFUGE/Test/Disc_Mask/T0388.png,/home/rpotter/hypertower/REFUGE/Test/Disc_Mask/T0388.png,mask,mask,holdout
refuge2_test_T0389,refuge,/home/rpotter/hypertower/REFUGE/Test/refuge2-test/T0389.jpg,/home/rpotter/hypertower/REFUGE/Test/Disc_Mask/T0389.png,/home/rpotter/hypertower/REFUGE/Test/Disc_Mask/T0389.png,mask,mask,holdout
refuge2_test_T0390,refuge,/home/rpotter/hypertower/REFUGE/Test/refuge2-test/T0390.jpg,/home/rpotter/hypertower/REFUGE/Test/Disc_Mask/T0390.png,/home/rpotter/hypertower/REFUGE/Test/Disc_Mask/T0390.png,mask,mask,holdout
refuge2_test_T0391,refuge,/home/rpotter/hypertower/REFUGE/Test/refuge2-test/T0391.jpg,/home/rpotter/hypertower/REFUGE/Test/Disc_Mask/T0391.png,/home/rpotter/hypertower/REFUGE/Test/Disc_Mask/T0391.png,mask,mask,holdout
refuge2_test_T0392,refuge,/home/rpotter/hypertower/REFUGE/Test/refuge2-test/T0392.jpg,/home/rpotter/hypertower/REFUGE/Test/Disc_Mask/T0392.png,/home/rpotter/hypertower/REFUGE/Test/Disc_Mask/T0392.png,mask,mask,holdout
refuge2_test_T0393,refuge,/home/rpotter/hypertower/REFUGE/Test/refuge2-test/T0393.jpg,/home/rpotter/hypertower/REFUGE/Test/Disc_Mask/T0393.png,/home/rpotter/hypertower/REFUGE/Test/Disc_Mask/T0393.png,mask,mask,holdout
refuge2_test_T0394,refuge,/home/rpotter/hypertower/REFUGE/Test/refuge2-test/T0394.jpg,/home/rpotter/hypertower/REFUGE/Test/Disc_Mask/T0394.png,/home/rpotter/hypertower/REFUGE/Test/Disc_Mask/T0394.png,mask,mask,holdout
refuge2_test_T0395,refuge,/home/rpotter/hypertower/REFUGE/Test/refuge2-test/T0395.jpg,/home/rpotter/hypertower/REFUGE/Test/Disc_Mask/T0395.png,/home/rpotter/hypertower/REFUGE/Test/Disc_Mask/T0395.png,mask,mask,holdout
refuge2_test_T0396,refuge,/home/rpotter/hypertower/REFUGE/Test/refuge2-test/T0396.jpg,/home/rpotter/hypertower/REFUGE/Test/Disc_Mask/T0396.png,/home/rpotter/hypertower/REFUGE/Test/Disc_Mask/T0396.png,mask,mask,holdout
refuge2_test_T0397,refuge,/home/rpotter/hypertower/REFUGE/Test/refuge2-test/T0397.jpg,/home/rpotter/hypertower/REFUGE/Test/Disc_Mask/T0397.png,/home/rpotter/hypertower/REFUGE/Test/Disc_Mask/T0397.png,mask,mask,holdout
refuge2_test_T0398,refuge,/home/rpotter/hypertower/REFUGE/Test/refuge2-test/T0398.jpg,/home/rpotter/hypertower/REFUGE/Test/Disc_Mask/T0398.png,/home/rpotter/hypertower/REFUGE/Test/Disc_Mask/T0398.png,mask,mask,holdout
refuge2_test_T0399,refuge,/home/rpotter/hypertower/REFUGE/Test/refuge2-test/T0399.jpg,/home/rpotter/hypertower/REFUGE/Test/Disc_Mask/T0399.png,/home/rpotter/hypertower/REFUGE/Test/Disc_Mask/T0399.png,mask,mask,holdout
refuge2_test_T0400,refuge,/home/rpotter/hypertower/REFUGE/Test/refuge2-test/T0400.jpg,/home/rpotter/hypertower/REFUGE/Test/Disc_Mask/T0400.png,/home/rpotter/hypertower/REFUGE/Test/Disc_Mask/T0400.png,mask,mask,holdout
papila_RET002OD,papila,/home/rpotter/hypertower/Papila/FundusImages/RET002OD.jpg,/home/rpotter/hypertower/Papila/ExpertsSegmentations/Contours/RET002OD_disc_exp2.txt,/home/rpotter/hypertower/Papila/ExpertsSegmentations/Contours/RET002OD_cup_exp2.txt,contour,contour,train
papila_RET002OS,papila,/home/rpotter/hypertower/Papila/FundusImages/RET002OS.jpg,/home/rpotter/hypertower/Papila/ExpertsSegmentations/Contours/RET002OS_disc_exp2.txt,/home/rpotter/hypertower/Papila/ExpertsSegmentations/Contours/RET002OS_cup_exp2.txt,contour,contour,train
papila_RET004OD,papila,/home/rpotter/hypertower/Papila/FundusImages/RET004OD.jpg,/home/rpotter/hypertower/Papila/ExpertsSegmentations/Contours/RET004OD_disc_exp2.txt,/home/rpotter/hypertower/Papila/ExpertsSegmentations/Contours/RET004OD_cup_exp2.txt,contour,contour,train
papila_RET004OS,papila,/home/rpotter/hypertower/Papila/FundusImages/RET004OS.jpg,/home/rpotter/hypertower/Papila/ExpertsSegmentations/Contours/RET004OS_disc_exp2.txt,/home/rpotter/hypertower/Papila/ExpertsSegmentations/Contours/RET004OS_cup_exp2.txt,contour,contour,train
papila_RET005OD,papila,/home/rpotter/hypertower/Papila/FundusImages/RET005OD.jpg,/home/rpotter/hypertower/Papila/ExpertsSegmentations/Contours/RET005OD_disc_exp2.txt,/home/rpotter/hypertower/Papila/ExpertsSegmentations/Contours/RET005OD_cup_exp2.txt,contour,contour,holdout
papila_RET005OS,papila,/home/rpotter/hypertower/Papila/FundusImages/RET005OS.jpg,/home/rpotter/hypertower/Papila/ExpertsSegmentations/Contours/RET005OS_disc_exp2.txt,/home/rpotter/hypertower/Papila/ExpertsSegmentations/Contours/RET005OS_cup_exp2.txt,contour,contour,train
papila_RET006OD,papila,/home/rpotter/hypertower/Papila/FundusImages/RET006OD.jpg,/home/rpotter/hypertower/Papila/ExpertsSegmentations/Contours/RET006OD_disc_exp2.txt,/home/rpotter/hypertower/Papila/ExpertsSegmentations/Contours/RET006OD_cup_exp2.txt,contour,contour,train
papila_RET006OS,papila,/home/rpotter/hypertower/Papila/FundusImages/RET006OS.jpg,/home/rpotter/hypertower/Papila/ExpertsSegmentations/Contours/RET006OS_disc_exp2.txt,/home/rpotter/hypertower/Papila/ExpertsSegmentations/Contours/RET006OS_cup_exp2.txt,contour,contour,holdout
papila_RET007OD,papila,/home/rpotter/hypertower/Papila/FundusImages/RET007OD.jpg,/home/rpotter/hypertower/Papila/ExpertsSegmentations/Contours/RET007OD_disc_exp2.txt,/home/rpotter/hypertower/Papila/ExpertsSegmentations/Contours/RET007OD_cup_exp2.txt,contour,contour,train
papila_RET007OS,papila,/home/rpotter/hypertower/Papila/FundusImages/RET007OS.jpg,/home/rpotter/hypertower/Papila/ExpertsSegmentations/Contours/RET007OS_disc_exp2.txt,/home/rpotter/hypertower/Papila/ExpertsSegmentations/Contours/RET007OS_cup_exp2.txt,contour,contour,train
papila_RET008OD,papila,/home/rpotter/hypertower/Papila/FundusImages/RET008OD.jpg,/home/rpotter/hypertower/Papila/ExpertsSegmentations/Contours/RET008OD_disc_exp2.txt,/home/rpotter/hypertower/Papila/ExpertsSegmentations/Contours/RET008OD_cup_exp2.txt,contour,contour,train
papila_RET008OS,papila,/home/rpotter/hypertower/Papila/FundusImages/RET008OS.jpg,/home/rpotter/hypertower/Papila/ExpertsSegmentations/Contours/RET008OS_disc_exp2.txt,/home/rpotter/hypertower/Papila/ExpertsSegmentations/Contours/RET008OS_cup_exp2.txt,contour,contour,train
papila_RET009OD,papila,/home/rpotter/hypertower/Papila/FundusImages/RET009OD.jpg,/home/rpotter/hypertower/Papila/ExpertsSegmentations/Contours/RET009OD_disc_exp2.txt,/home/rpotter/hypertower/Papila/ExpertsSegmentations/Contours/RET009OD_cup_exp2.txt,contour,contour,train
papila_RET009OS,papila,/home/rpotter/hypertower/Papila/FundusImages/RET009OS.jpg,/home/rpotter/hypertower/Papila/ExpertsSegmentations/Contours/RET009OS_disc_exp2.txt,/home/rpotter/hypertower/Papila/ExpertsSegmentations/Contours/RET009OS_cup_exp2.txt,contour,contour,train
papila_RET010OD,papila,/home/rpotter/hypertower/Papila/FundusImages/RET010OD.jpg,/home/rpotter/hypertower/Papila/ExpertsSegmentations/Contours/RET010OD_disc_exp2.txt,/home/rpotter/hypertower/Papila/ExpertsSegmentations/Contours/RET010OD_cup_exp2.txt,contour,contour,train
papila_RET010OS,papila,/home/rpotter/hypertower/Papila/FundusImages/RET010OS.jpg,/home/rpotter/hypertower/Papila/ExpertsSegmentations/Contours/RET010OS_disc_exp2.txt,/home/rpotter/hypertower/Papila/ExpertsSegmentations/Contours/RET010OS_cup_exp2.txt,contour,contour,train
papila_RET013OD,papila,/home/rpotter/hypertower/Papila/FundusImages/RET013OD.jpg,/home/rpotter/hypertower/Papila/ExpertsSegmentations/Contours/RET013OD_disc_exp2.txt,/home/rpotter/hypertower/Papila/ExpertsSegmentations/Contours/RET013OD_cup_exp2.txt,contour,contour,train
papila_RET013OS,papila,/home/rpotter/hypertower/Papila/FundusImages/RET013OS.jpg,/home/rpotter/hypertower/Papila/ExpertsSegmentations/Contours/RET013OS_disc_exp2.txt,/home/rpotter/hypertower/Papila/ExpertsSegmentations/Contours/RET013OS_cup_exp2.txt,contour,contour,train
papila_RET014OD,papila,/home/rpotter/hypertower/Papila/FundusImages/RET014OD.jpg,/home/rpotter/hypertower/Papila/ExpertsSegmentations/Contours/RET014OD_disc_exp2.txt,/home/rpotter/hypertower/Papila/ExpertsSegmentations/Contours/RET014OD_cup_exp2.txt,contour,contour,train
papila_RET014OS,papila,/home/rpotter/hypertower/Papila/FundusImages/RET014OS.jpg,/home/rpotter/hypertower/Papila/ExpertsSegmentations/Contours/RET014OS_disc_exp2.txt,/home/rpotter/hypertower/Papila/ExpertsSegmentations/Contours/RET014OS_cup_exp2.txt,contour,contour,train
papila_RET015OD,papila,/home/rpotter/hypertower/Papila/FundusImages/RET015OD.jpg,/home/rpotter/hypertower/Papila/ExpertsSegmentations/Contours/RET015OD_disc_exp2.txt,/home/rpotter/hypertower/Papila/ExpertsSegmentations/Contours/RET015OD_cup_exp2.txt,contour,contour,train
papila_RET015OS,papila,/home/rpotter/hypertower/Papila/FundusImages/RET015OS.jpg,/home/rpotter/hypertower/Papila/ExpertsSegmentations/Contours/RET015OS_disc_exp2.txt,/home/rpotter/hypertower/Papila/ExpertsSegmentations/Contours/RET015OS_cup_exp2.txt,contour,contour,train
papila_RET016OD,papila,/home/rpotter/hypertower/Papila/FundusImages/RET016OD.jpg,/home/rpotter/hypertower/Papila/ExpertsSegmentations/Contours/RET016OD_disc_exp2.txt,/home/rpotter/hypertower/Papila/ExpertsSegmentations/Contours/RET016OD_cup_exp2.txt,contour,contour,train
papila_RET016OS,papila,/home/rpotter/hypertower/Papila/FundusImages/RET016OS.jpg,/home/rpotter/hypertower/Papila/ExpertsSegmentations/Contours/RET016OS_disc_exp2.txt,/home/rpotter/hypertower/Papila/ExpertsSegmentations/Contours/RET016OS_cup_exp2.txt,contour,contour,train
papila_RET018OD,papila,/home/rpotter/hypertower/Papila/FundusImages/RET018OD.jpg,/home/rpotter/hypertower/Papila/ExpertsSegmentations/Contours/RET018OD_disc_exp2.txt,/home/rpotter/hypertower/Papila/ExpertsSegmentations/Contours/RET018OD_cup_exp2.txt,contour,contour,train
papila_RET018OS,papila,/home/rpotter/hypertower/Papila/FundusImages/RET018OS.jpg,/home/rpotter/hypertower/Papila/ExpertsSegmentations/Contours/RET018OS_disc_exp2.txt,/home/rpotter/hypertower/Papila/ExpertsSegmentations/Contours/RET018OS_cup_exp2.txt,contour,contour,train
papila_RET019OD,papila,/home/rpotter/hypertower/Papila/FundusImages/RET019OD.jpg,/home/rpotter/hypertower/Papila/ExpertsSegmentations/Contours/RET019OD_disc_exp2.txt,/home/rpotter/hypertower/Papila/ExpertsSegmentations/Contours/RET019OD_cup_exp2.txt,contour,contour,train
papila_RET019OS,papila,/home/rpotter/hypertower/Papila/FundusImages/RET019OS.jpg,/home/rpotter/hypertower/Papila/ExpertsSegmentations/Contours/RET019OS_disc_exp2.txt,/home/rpotter/hypertower/Papila/ExpertsSegmentations/Contours/RET019OS_cup_exp2.txt,contour,contour,train
papila_RET020OD,papila,/home/rpotter/hypertower/Papila/FundusImages/RET020OD.jpg,/home/rpotter/hypertower/Papila/ExpertsSegmentations/Contours/RET020OD_disc_exp2.txt,/home/rpotter/hypertower/Papila/ExpertsSegmentations/Contours/RET020OD_cup_exp2.txt,contour,contour,train
papila_RET020OS,papila,/home/rpotter/hypertower/Papila/FundusImages/RET020OS.jpg,/home/rpotter/hypertower/Papila/ExpertsSegmentations/Contours/RET020OS_disc_exp2.txt,/home/rpotter/hypertower/Papila/ExpertsSegmentations/Contours/RET020OS_cup_exp2.txt,contour,contour,train
papila_RET021OD,papila,/home/rpotter/hypertower/Papila/FundusImages/RET021OD.jpg,/home/rpotter/hypertower/Papila/ExpertsSegmentations/Contours/RET021OD_disc_exp2.txt,/home/rpotter/hypertower/Papila/ExpertsSegmentations/Contours/RET021OD_cup_exp2.txt,contour,contour,train
papila_RET021OS,papila,/home/rpotter/hypertower/Papila/FundusImages/RET021OS.jpg,/home/rpotter/hypertower/Papila/ExpertsSegmentations/Contours/RET021OS_disc_exp2.txt,/home/rpotter/hypertower/Papila/ExpertsSegmentations/Contours/RET021OS_cup_exp2.txt,contour,contour,train
papila_RET023OD,papila,/home/rpotter/hypertower/Papila/FundusImages/RET023OD.jpg,/home/rpotter/hypertower/Papila/ExpertsSegmentations/Contours/RET023OD_disc_exp2.txt,/home/rpotter/hypertower/Papila/ExpertsSegmentations/Contours/RET023OD_cup_exp2.txt,contour,contour,train
papila_RET023OS,papila,/home/rpotter/hypertower/Papila/FundusImages/RET023OS.jpg,/home/rpotter/hypertower/Papila/ExpertsSegmentations/Contours/RET023OS_disc_exp2.txt,/home/rpotter/hypertower/Papila/ExpertsSegmentations/Contours/RET023OS_cup_exp2.txt,contour,contour,train
papila_RET024OD,papila,/home/rpotter/hypertower/Papila/FundusImages/RET024OD.jpg,/home/rpotter/hypertower/Papila/ExpertsSegmentations/Contours/RET024OD_disc_exp2.txt,/home/rpotter/hypertower/Papila/ExpertsSegmentations/Contours/RET024OD_cup_exp2.txt,contour,contour,train
papila_RET024OS,papila,/home/rpotter/hypertower/Papila/FundusImages/RET024OS.jpg,/home/rpotter/hypertower/Papila/ExpertsSegmentations/Contours/RET024OS_disc_exp2.txt,/home/rpotter/hypertower/Papila/ExpertsSegmentations/Contours/RET024OS_cup_exp2.txt,contour,contour,train
papila_RET025OD,papila,/home/rpotter/hypertower/Papila/FundusImages/RET025OD.jpg,/home/rpotter/hypertower/Papila/ExpertsSegmentations/Contours/RET025OD_disc_exp2.txt,/home/rpotter/hypertower/Papila/ExpertsSegmentations/Contours/RET025OD_cup_exp2.txt,contour,contour,train
papila_RET025OS,papila,/home/rpotter/hypertower/Papila/FundusImages/RET025OS.jpg,/home/rpotter/hypertower/Papila/ExpertsSegmentations/Contours/RET025OS_disc_exp2.txt,/home/rpotter/hypertower/Papila/ExpertsSegmentations/Contours/RET025OS_cup_exp2.txt,contour,contour,train
papila_RET026OD,papila,/home/rpotter/hypertower/Papila/FundusImages/RET026OD.jpg,/home/rpotter/hypertower/Papila/ExpertsSegmentations/Contours/RET026OD_disc_exp2.txt,/home/rpotter/hypertower/Papila/ExpertsSegmentations/Contours/RET026OD_cup_exp2.txt,contour,contour,train
papila_RET026OS,papila,/home/rpotter/hypertower/Papila/FundusImages/RET026OS.jpg,/home/rpotter/hypertower/Papila/ExpertsSegmentations/Contours/RET026OS_disc_exp2.txt,/home/rpotter/hypertower/Papila/ExpertsSegmentations/Contours/RET026OS_cup_exp2.txt,contour,contour,train
papila_RET027OD,papila,/home/rpotter/hypertower/Papila/FundusImages/RET027OD.jpg,/home/rpotter/hypertower/Papila/ExpertsSegmentations/Contours/RET027OD_disc_exp2.txt,/home/rpotter/hypertower/Papila/ExpertsSegmentations/Contours/RET027OD_cup_exp2.txt,contour,contour,train
papila_RET027OS,papila,/home/rpotter/hypertower/Papila/FundusImages/RET027OS.jpg,/home/rpotter/hypertower/Papila/ExpertsSegmentations/Contours/RET027OS_disc_exp2.txt,/home/rpotter/hypertower/Papila/ExpertsSegmentations/Contours/RET027OS_cup_exp2.txt,contour,contour,holdout
papila_RET028OD,papila,/home/rpotter/hypertower/Papila/FundusImages/RET028OD.jpg,/home/rpotter/hypertower/Papila/ExpertsSegmentations/Contours/RET028OD_disc_exp2.txt,/home/rpotter/hypertower/Papila/ExpertsSegmentations/Contours/RET028OD_cup_exp2.txt,contour,contour,train
papila_RET028OS,papila,/home/rpotter/hypertower/Papila/FundusImages/RET028OS.jpg,/home/rpotter/hypertower/Papila/ExpertsSegmentations/Contours/RET028OS_disc_exp2.txt,/home/rpotter/hypertower/Papila/ExpertsSegmentations/Contours/RET028OS_cup_exp2.txt,contour,contour,train
papila_RET029OD,papila,/home/rpotter/hypertower/Papila/FundusImages/RET029OD.jpg,/home/rpotter/hypertower/Papila/ExpertsSegmentations/Contours/RET029OD_disc_exp2.txt,/home/rpotter/hypertower/Papila/ExpertsSegmentations/Contours/RET029OD_cup_exp2.txt,contour,contour,train
papila_RET029OS,papila,/home/rpotter/hypertower/Papila/FundusImages/RET029OS.jpg,/home/rpotter/hypertower/Papila/ExpertsSegmentations/Contours/RET029OS_disc_exp2.txt,/home/rpotter/hypertower/Papila/ExpertsSegmentations/Contours/RET029OS_cup_exp2.txt,contour,contour,holdout
papila_RET030OD,papila,/home/rpotter/hypertower/Papila/FundusImages/RET030OD.jpg,/home/rpotter/hypertower/Papila/ExpertsSegmentations/Contours/RET030OD_disc_exp2.txt,/home/rpotter/hypertower/Papila/ExpertsSegmentations/Contours/RET030OD_cup_exp2.txt,contour,contour,train
papila_RET030OS,papila,/home/rpotter/hypertower/Papila/FundusImages/RET030OS.jpg,/home/rpotter/hypertower/Papila/ExpertsSegmentations/Contours/RET030OS_disc_exp2.txt,/home/rpotter/hypertower/Papila/ExpertsSegmentations/Contours/RET030OS_cup_exp2.txt,contour,contour,train
papila_RET031OD,papila,/home/rpotter/hypertower/Papila/FundusImages/RET031OD.jpg,/home/rpotter/hypertower/Papila/ExpertsSegmentations/Contours/RET031OD_disc_exp2.txt,/home/rpotter/hypertower/Papila/ExpertsSegmentations/Contours/RET031OD_cup_exp2.txt,contour,contour,train
papila_RET031OS,papila,/home/rpotter/hypertower/Papila/FundusImages/RET031OS.jpg,/home/rpotter/hypertower/Papila/ExpertsSegmentations/Contours/RET031OS_disc_exp2.txt,/home/rpotter/hypertower/Papila/ExpertsSegmentations/Contours/RET031OS_cup_exp2.txt,contour,contour,train
papila_RET032OD,papila,/home/rpotter/hypertower/Papila/FundusImages/RET032OD.jpg,/home/rpotter/hypertower/Papila/ExpertsSegmentations/Contours/RET032OD_disc_exp2.txt,/home/rpotter/hypertower/Papila/ExpertsSegmentations/Contours/RET032OD_cup_exp2.txt,contour,contour,train
papila_RET032OS,papila,/home/rpotter/hypertower/Papila/FundusImages/RET032OS.jpg,/home/rpotter/hypertower/Papila/ExpertsSegmentations/Contours/RET032OS_disc_exp2.txt,/home/rpotter/hypertower/Papila/ExpertsSegmentations/Contours/RET032OS_cup_exp2.txt,contour,contour,train
papila_RET033OD,papila,/home/rpotter/hypertower/Papila/FundusImages/RET033OD.jpg,/home/rpotter/hypertower/Papila/ExpertsSegmentations/Contours/RET033OD_disc_exp2.txt,/home/rpotter/hypertower/Papila/ExpertsSegmentations/Contours/RET033OD_cup_exp2.txt,contour,contour,train
papila_RET033OS,papila,/home/rpotter/hypertower/Papila/FundusImages/RET033OS.jpg,/home/rpotter/hypertower/Papila/ExpertsSegmentations/Contours/RET033OS_disc_exp2.txt,/home/rpotter/hypertower/Papila/ExpertsSegmentations/Contours/RET033OS_cup_exp2.txt,contour,contour,train
papila_RET034OD,papila,/home/rpotter/hypertower/Papila/FundusImages/RET034OD.jpg,/home/rpotter/hypertower/Papila/ExpertsSegmentations/Contours/RET034OD_disc_exp2.txt,/home/rpotter/hypertower/Papila/ExpertsSegmentations/Contours/RET034OD_cup_exp2.txt,contour,contour,train
papila_RET034OS,papila,/home/rpotter/hypertower/Papila/FundusImages/RET034OS.jpg,/home/rpotter/hypertower/Papila/ExpertsSegmentations/Contours/RET034OS_disc_exp2.txt,/home/rpotter/hypertower/Papila/ExpertsSegmentations/Contours/RET034OS_cup_exp2.txt,contour,contour,train
papila_RET035OD,papila,/home/rpotter/hypertower/Papila/FundusImages/RET035OD.jpg,/home/rpotter/hypertower/Papila/ExpertsSegmentations/Contours/RET035OD_disc_exp2.txt,/home/rpotter/hypertower/Papila/ExpertsSegmentations/Contours/RET035OD_cup_exp2.txt,contour,contour,train
papila_RET035OS,papila,/home/rpotter/hypertower/Papila/FundusImages/RET035OS.jpg,/home/rpotter/hypertower/Papila/ExpertsSegmentations/Contours/RET035OS_disc_exp2.txt,/home/rpotter/hypertower/Papila/ExpertsSegmentations/Contours/RET035OS_cup_exp2.txt,contour,contour,train
papila_RET036OD,papila,/home/rpotter/hypertower/Papila/FundusImages/RET036OD.jpg,/home/rpotter/hypertower/Papila/ExpertsSegmentations/Contours/RET036OD_disc_exp2.txt,/home/rpotter/hypertower/Papila/ExpertsSegmentations/Contours/RET036OD_cup_exp2.txt,contour,contour,train
papila_RET036OS,papila,/home/rpotter/hypertower/Papila/FundusImages/RET036OS.jpg,/home/rpotter/hypertower/Papila/ExpertsSegmentations/Contours/RET036OS_disc_exp2.txt,/home/rpotter/hypertower/Papila/ExpertsSegmentations/Contours/RET036OS_cup_exp2.txt,contour,contour,train
papila_RET037OD,papila,/home/rpotter/hypertower/Papila/FundusImages/RET037OD.jpg,/home/rpotter/hypertower/Papila/ExpertsSegmentations/Contours/RET037OD_disc_exp2.txt,/home/rpotter/hypertower/Papila/ExpertsSegmentations/Contours/RET037OD_cup_exp2.txt,contour,contour,train
papila_RET037OS,papila,/home/rpotter/hypertower/Papila/FundusImages/RET037OS.jpg,/home/rpotter/hypertower/Papila/ExpertsSegmentations/Contours/RET037OS_disc_exp2.txt,/home/rpotter/hypertower/Papila/ExpertsSegmentations/Contours/RET037OS_cup_exp2.txt,contour,contour,train
papila_RET038OD,papila,/home/rpotter/hypertower/Papila/FundusImages/RET038OD.jpg,/home/rpotter/hypertower/Papila/ExpertsSegmentations/Contours/RET038OD_disc_exp2.txt,/home/rpotter/hypertower/Papila/ExpertsSegmentations/Contours/RET038OD_cup_exp2.txt,contour,contour,train
papila_RET038OS,papila,/home/rpotter/hypertower/Papila/FundusImages/RET038OS.jpg,/home/rpotter/hypertower/Papila/ExpertsSegmentations/Contours/RET038OS_disc_exp2.txt,/home/rpotter/hypertower/Papila/ExpertsSegmentations/Contours/RET038OS_cup_exp2.txt,contour,contour,train
papila_RET039OD,papila,/home/rpotter/hypertower/Papila/FundusImages/RET039OD.jpg,/home/rpotter/hypertower/Papila/ExpertsSegmentations/Contours/RET039OD_disc_exp2.txt,/home/rpotter/hypertower/Papila/ExpertsSegmentations/Contours/RET039OD_cup_exp2.txt,contour,contour,train
papila_RET039OS,papila,/home/rpotter/hypertower/Papila/FundusImages/RET039OS.jpg,/home/rpotter/hypertower/Papila/ExpertsSegmentations/Contours/RET039OS_disc_exp2.txt,/home/rpotter/hypertower/Papila/ExpertsSegmentations/Contours/RET039OS_cup_exp2.txt,contour,contour,train
papila_RET041OD,papila,/home/rpotter/hypertower/Papila/FundusImages/RET041OD.jpg,/home/rpotter/hypertower/Papila/ExpertsSegmentations/Contours/RET041OD_disc_exp2.txt,/home/rpotter/hypertower/Papila/ExpertsSegmentations/Contours/RET041OD_cup_exp2.txt,contour,contour,train
papila_RET041OS,papila,/home/rpotter/hypertower/Papila/FundusImages/RET041OS.jpg,/home/rpotter/hypertower/Papila/ExpertsSegmentations/Contours/RET041OS_disc_exp2.txt,/home/rpotter/hypertower/Papila/ExpertsSegmentations/Contours/RET041OS_cup_exp2.txt,contour,contour,train
papila_RET042OD,papila,/home/rpotter/hypertower/Papila/FundusImages/RET042OD.jpg,/home/rpotter/hypertower/Papila/ExpertsSegmentations/Contours/RET042OD_disc_exp2.txt,/home/rpotter/hypertower/Papila/ExpertsSegmentations/Contours/RET042OD_cup_exp2.txt,contour,contour,train
papila_RET042OS,papila,/home/rpotter/hypertower/Papila/FundusImages/RET042OS.jpg,/home/rpotter/hypertower/Papila/ExpertsSegmentations/Contours/RET042OS_disc_exp2.txt,/home/rpotter/hypertower/Papila/ExpertsSegmentations/Contours/RET042OS_cup_exp2.txt,contour,contour,train
papila_RET044OD,papila,/home/rpotter/hypertower/Papila/FundusImages/RET044OD.jpg,/home/rpotter/hypertower/Papila/ExpertsSegmentations/Contours/RET044OD_disc_exp2.txt,/home/rpotter/hypertower/Papila/ExpertsSegmentations/Contours/RET044OD_cup_exp2.txt,contour,contour,train
papila_RET044OS,papila,/home/rpotter/hypertower/Papila/FundusImages/RET044OS.jpg,/home/rpotter/hypertower/Papila/ExpertsSegmentations/Contours/RET044OS_disc_exp2.txt,/home/rpotter/hypertower/Papila/ExpertsSegmentations/Contours/RET044OS_cup_exp2.txt,contour,contour,train
papila_RET045OD,papila,/home/rpotter/hypertower/Papila/FundusImages/RET045OD.jpg,/home/rpotter/hypertower/Papila/ExpertsSegmentations/Contours/RET045OD_disc_exp2.txt,/home/rpotter/hypertower/Papila/ExpertsSegmentations/Contours/RET045OD_cup_exp2.txt,contour,contour,train
papila_RET045OS,papila,/home/rpotter/hypertower/Papila/FundusImages/RET045OS.jpg,/home/rpotter/hypertower/Papila/ExpertsSegmentations/Contours/RET045OS_disc_exp2.txt,/home/rpotter/hypertower/Papila/ExpertsSegmentations/Contours/RET045OS_cup_exp2.txt,contour,contour,train
papila_RET046OD,papila,/home/rpotter/hypertower/Papila/FundusImages/RET046OD.jpg,/home/rpotter/hypertower/Papila/ExpertsSegmentations/Contours/RET046OD_disc_exp2.txt,/home/rpotter/hypertower/Papila/ExpertsSegmentations/Contours/RET046OD_cup_exp2.txt,contour,contour,train
papila_RET046OS,papila,/home/rpotter/hypertower/Papila/FundusImages/RET046OS.jpg,/home/rpotter/hypertower/Papila/ExpertsSegmentations/Contours/RET046OS_disc_exp2.txt,/home/rpotter/hypertower/Papila/ExpertsSegmentations/Contours/RET046OS_cup_exp2.txt,contour,contour,train
papila_RET047OD,papila,/home/rpotter/hypertower/Papila/FundusImages/RET047OD.jpg,/home/rpotter/hypertower/Papila/ExpertsSegmentations/Contours/RET047OD_disc_exp2.txt,/home/rpotter/hypertower/Papila/ExpertsSegmentations/Contours/RET047OD_cup_exp2.txt,contour,contour,train
papila_RET047OS,papila,/home/rpotter/hypertower/Papila/FundusImages/RET047OS.jpg,/home/rpotter/hypertower/Papila/ExpertsSegmentations/Contours/RET047OS_disc_exp2.txt,/home/rpotter/hypertower/Papila/ExpertsSegmentations/Contours/RET047OS_cup_exp2.txt,contour,contour,train
papila_RET048OD,papila,/home/rpotter/hypertower/Papila/FundusImages/RET048OD.jpg,/home/rpotter/hypertower/Papila/ExpertsSegmentations/Contours/RET048OD_disc_exp2.txt,/home/rpotter/hypertower/Papila/ExpertsSegmentations/Contours/RET048OD_cup_exp2.txt,contour,contour,train
papila_RET048OS,papila,/home/rpotter/hypertower/Papila/FundusImages/RET048OS.jpg,/home/rpotter/hypertower/Papila/ExpertsSegmentations/Contours/RET048OS_disc_exp2.txt,/home/rpotter/hypertower/Papila/ExpertsSegmentations/Contours/RET048OS_cup_exp2.txt,contour,contour,train
papila_RET050OD,papila,/home/rpotter/hypertower/Papila/FundusImages/RET050OD.jpg,/home/rpotter/hypertower/Papila/ExpertsSegmentations/Contours/RET050OD_disc_exp2.txt,/home/rpotter/hypertower/Papila/ExpertsSegmentations/Contours/RET050OD_cup_exp2.txt,contour,contour,train
papila_RET050OS,papila,/home/rpotter/hypertower/Papila/FundusImages/RET050OS.jpg,/home/rpotter/hypertower/Papila/ExpertsSegmentations/Contours/RET050OS_disc_exp2.txt,/home/rpotter/hypertower/Papila/ExpertsSegmentations/Contours/RET050OS_cup_exp2.txt,contour,contour,train
papila_RET051OD,papila,/home/rpotter/hypertower/Papila/FundusImages/RET051OD.jpg,/home/rpotter/hypertower/Papila/ExpertsSegmentations/Contours/RET051OD_disc_exp2.txt,/home/rpotter/hypertower/Papila/ExpertsSegmentations/Contours/RET051OD_cup_exp2.txt,contour,contour,train
papila_RET051OS,papila,/home/rpotter/hypertower/Papila/FundusImages/RET051OS.jpg,/home/rpotter/hypertower/Papila/ExpertsSegmentations/Contours/RET051OS_disc_exp2.txt,/home/rpotter/hypertower/Papila/ExpertsSegmentations/Contours/RET051OS_cup_exp2.txt,contour,contour,train
papila_RET053OD,papila,/home/rpotter/hypertower/Papila/FundusImages/RET053OD.jpg,/home/rpotter/hypertower/Papila/ExpertsSegmentations/Contours/RET053OD_disc_exp2.txt,/home/rpotter/hypertower/Papila/ExpertsSegmentations/Contours/RET053OD_cup_exp2.txt,contour,contour,train
papila_RET053OS,papila,/home/rpotter/hypertower/Papila/FundusImages/RET053OS.jpg,/home/rpotter/hypertower/Papila/ExpertsSegmentations/Contours/RET053OS_disc_exp2.txt,/home/rpotter/hypertower/Papila/ExpertsSegmentations/Contours/RET053OS_cup_exp2.txt,contour,contour,train
papila_RET055OD,papila,/home/rpotter/hypertower/Papila/FundusImages/RET055OD.jpg,/home/rpotter/hypertower/Papila/ExpertsSegmentations/Contours/RET055OD_disc_exp2.txt,/home/rpotter/hypertower/Papila/ExpertsSegmentations/Contours/RET055OD_cup_exp2.txt,contour,contour,train
papila_RET055OS,papila,/home/rpotter/hypertower/Papila/FundusImages/RET055OS.jpg,/home/rpotter/hypertower/Papila/ExpertsSegmentations/Contours/RET055OS_disc_exp2.txt,/home/rpotter/hypertower/Papila/ExpertsSegmentations/Contours/RET055OS_cup_exp2.txt,contour,contour,train
papila_RET056OD,papila,/home/rpotter/hypertower/Papila/FundusImages/RET056OD.jpg,/home/rpotter/hypertower/Papila/ExpertsSegmentations/Contours/RET056OD_disc_exp2.txt,/home/rpotter/hypertower/Papila/ExpertsSegmentations/Contours/RET056OD_cup_exp2.txt,contour,contour,train
papila_RET056OS,papila,/home/rpotter/hypertower/Papila/FundusImages/RET056OS.jpg,/home/rpotter/hypertower/Papila/ExpertsSegmentations/Contours/RET056OS_disc_exp2.txt,/home/rpotter/hypertower/Papila/ExpertsSegmentations/Contours/RET056OS_cup_exp2.txt,contour,contour,train
papila_RET057OD,papila,/home/rpotter/hypertower/Papila/FundusImages/RET057OD.jpg,/home/rpotter/hypertower/Papila/ExpertsSegmentations/Contours/RET057OD_disc_exp2.txt,/home/rpotter/hypertower/Papila/ExpertsSegmentations/Contours/RET057OD_cup_exp2.txt,contour,contour,train
papila_RET057OS,papila,/home/rpotter/hypertower/Papila/FundusImages/RET057OS.jpg,/home/rpotter/hypertower/Papila/ExpertsSegmentations/Contours/RET057OS_disc_exp2.txt,/home/rpotter/hypertower/Papila/ExpertsSegmentations/Contours/RET057OS_cup_exp2.txt,contour,contour,train
papila_RET062OD,papila,/home/rpotter/hypertower/Papila/FundusImages/RET062OD.jpg,/home/rpotter/hypertower/Papila/ExpertsSegmentations/Contours/RET062OD_disc_exp2.txt,/home/rpotter/hypertower/Papila/ExpertsSegmentations/Contours/RET062OD_cup_exp2.txt,contour,contour,train
papila_RET062OS,papila,/home/rpotter/hypertower/Papila/FundusImages/RET062OS.jpg,/home/rpotter/hypertower/Papila/ExpertsSegmentations/Contours/RET062OS_disc_exp2.txt,/home/rpotter/hypertower/Papila/ExpertsSegmentations/Contours/RET062OS_cup_exp2.txt,contour,contour,train
papila_RET064OD,papila,/home/rpotter/hypertower/Papila/FundusImages/RET064OD.jpg,/home/rpotter/hypertower/Papila/ExpertsSegmentations/Contours/RET064OD_disc_exp2.txt,/home/rpotter/hypertower/Papila/ExpertsSegmentations/Contours/RET064OD_cup_exp2.txt,contour,contour,holdout
papila_RET064OS,papila,/home/rpotter/hypertower/Papila/FundusImages/RET064OS.jpg,/home/rpotter/hypertower/Papila/ExpertsSegmentations/Contours/RET064OS_disc_exp2.txt,/home/rpotter/hypertower/Papila/ExpertsSegmentations/Contours/RET064OS_cup_exp2.txt,contour,contour,train
papila_RET065OD,papila,/home/rpotter/hypertower/Papila/FundusImages/RET065OD.jpg,/home/rpotter/hypertower/Papila/ExpertsSegmentations/Contours/RET065OD_disc_exp2.txt,/home/rpotter/hypertower/Papila/ExpertsSegmentations/Contours/RET065OD_cup_exp2.txt,contour,contour,train
papila_RET065OS,papila,/home/rpotter/hypertower/Papila/FundusImages/RET065OS.jpg,/home/rpotter/hypertower/Papila/ExpertsSegmentations/Contours/RET065OS_disc_exp2.txt,/home/rpotter/hypertower/Papila/ExpertsSegmentations/Contours/RET065OS_cup_exp2.txt,contour,contour,train
papila_RET066OD,papila,/home/rpotter/hypertower/Papila/FundusImages/RET066OD.jpg,/home/rpotter/hypertower/Papila/ExpertsSegmentations/Contours/RET066OD_disc_exp2.txt,/home/rpotter/hypertower/Papila/ExpertsSegmentations/Contours/RET066OD_cup_exp2.txt,contour,contour,train
papila_RET066OS,papila,/home/rpotter/hypertower/Papila/FundusImages/RET066OS.jpg,/home/rpotter/hypertower/Papila/ExpertsSegmentations/Contours/RET066OS_disc_exp2.txt,/home/rpotter/hypertower/Papila/ExpertsSegmentations/Contours/RET066OS_cup_exp2.txt,contour,contour,train
papila_RET067OD,papila,/home/rpotter/hypertower/Papila/FundusImages/RET067OD.jpg,/home/rpotter/hypertower/Papila/ExpertsSegmentations/Contours/RET067OD_disc_exp2.txt,/home/rpotter/hypertower/Papila/ExpertsSegmentations/Contours/RET067OD_cup_exp2.txt,contour,contour,train
papila_RET067OS,papila,/home/rpotter/hypertower/Papila/FundusImages/RET067OS.jpg,/home/rpotter/hypertower/Papila/ExpertsSegmentations/Contours/RET067OS_disc_exp2.txt,/home/rpotter/hypertower/Papila/ExpertsSegmentations/Contours/RET067OS_cup_exp2.txt,contour,contour,train
papila_RET068OD,papila,/home/rpotter/hypertower/Papila/FundusImages/RET068OD.jpg,/home/rpotter/hypertower/Papila/ExpertsSegmentations/Contours/RET068OD_disc_exp2.txt,/home/rpotter/hypertower/Papila/ExpertsSegmentations/Contours/RET068OD_cup_exp2.txt,contour,contour,train
papila_RET068OS,papila,/home/rpotter/hypertower/Papila/FundusImages/RET068OS.jpg,/home/rpotter/hypertower/Papila/ExpertsSegmentations/Contours/RET068OS_disc_exp2.txt,/home/rpotter/hypertower/Papila/ExpertsSegmentations/Contours/RET068OS_cup_exp2.txt,contour,contour,train
papila_RET069OD,papila,/home/rpotter/hypertower/Papila/FundusImages/RET069OD.jpg,/home/rpotter/hypertower/Papila/ExpertsSegmentations/Contours/RET069OD_disc_exp2.txt,/home/rpotter/hypertower/Papila/ExpertsSegmentations/Contours/RET069OD_cup_exp2.txt,contour,contour,train
papila_RET069OS,papila,/home/rpotter/hypertower/Papila/FundusImages/RET069OS.jpg,/home/rpotter/hypertower/Papila/ExpertsSegmentations/Contours/RET069OS_disc_exp2.txt,/home/rpotter/hypertower/Papila/ExpertsSegmentations/Contours/RET069OS_cup_exp2.txt,contour,contour,train
papila_RET072OD,papila,/home/rpotter/hypertower/Papila/FundusImages/RET072OD.jpg,/home/rpotter/hypertower/Papila/ExpertsSegmentations/Contours/RET072OD_disc_exp2.txt,/home/rpotter/hypertower/Papila/ExpertsSegmentations/Contours/RET072OD_cup_exp2.txt,contour,contour,train
papila_RET072OS,papila,/home/rpotter/hypertower/Papila/FundusImages/RET072OS.jpg,/home/rpotter/hypertower/Papila/ExpertsSegmentations/Contours/RET072OS_disc_exp2.txt,/home/rpotter/hypertower/Papila/ExpertsSegmentations/Contours/RET072OS_cup_exp2.txt,contour,contour,train
papila_RET073OD,papila,/home/rpotter/hypertower/Papila/FundusImages/RET073OD.jpg,/home/rpotter/hypertower/Papila/ExpertsSegmentations/Contours/RET073OD_disc_exp2.txt,/home/rpotter/hypertower/Papila/ExpertsSegmentations/Contours/RET073OD_cup_exp2.txt,contour,contour,train
papila_RET073OS,papila,/home/rpotter/hypertower/Papila/FundusImages/RET073OS.jpg,/home/rpotter/hypertower/Papila/ExpertsSegmentations/Contours/RET073OS_disc_exp2.txt,/home/rpotter/hypertower/Papila/ExpertsSegmentations/Contours/RET073OS_cup_exp2.txt,contour,contour,train
papila_RET074OD,papila,/home/rpotter/hypertower/Papila/FundusImages/RET074OD.jpg,/home/rpotter/hypertower/Papila/ExpertsSegmentations/Contours/RET074OD_disc_exp2.txt,/home/rpotter/hypertower/Papila/ExpertsSegmentations/Contours/RET074OD_cup_exp2.txt,contour,contour,train
papila_RET074OS,papila,/home/rpotter/hypertower/Papila/FundusImages/RET074OS.jpg,/home/rpotter/hypertower/Papila/ExpertsSegmentations/Contours/RET074OS_disc_exp2.txt,/home/rpotter/hypertower/Papila/ExpertsSegmentations/Contours/RET074OS_cup_exp2.txt,contour,contour,train
papila_RET077OD,papila,/home/rpotter/hypertower/Papila/FundusImages/RET077OD.jpg,/home/rpotter/hypertower/Papila/ExpertsSegmentations/Contours/RET077OD_disc_exp2.txt,/home/rpotter/hypertower/Papila/ExpertsSegmentations/Contours/RET077OD_cup_exp2.txt,contour,contour,train
papila_RET077OS,papila,/home/rpotter/hypertower/Papila/FundusImages/RET077OS.jpg,/home/rpotter/hypertower/Papila/ExpertsSegmentations/Contours/RET077OS_disc_exp2.txt,/home/rpotter/hypertower/Papila/ExpertsSegmentations/Contours/RET077OS_cup_exp2.txt,contour,contour,train
papila_RET079OD,papila,/home/rpotter/hypertower/Papila/FundusImages/RET079OD.jpg,/home/rpotter/hypertower/Papila/ExpertsSegmentations/Contours/RET079OD_disc_exp2.txt,/home/rpotter/hypertower/Papila/ExpertsSegmentations/Contours/RET079OD_cup_exp2.txt,contour,contour,train
papila_RET079OS,papila,/home/rpotter/hypertower/Papila/FundusImages/RET079OS.jpg,/home/rpotter/hypertower/Papila/ExpertsSegmentations/Contours/RET079OS_disc_exp2.txt,/home/rpotter/hypertower/Papila/ExpertsSegmentations/Contours/RET079OS_cup_exp2.txt,contour,contour,train
papila_RET081OD,papila,/home/rpotter/hypertower/Papila/FundusImages/RET081OD.jpg,/home/rpotter/hypertower/Papila/ExpertsSegmentations/Contours/RET081OD_disc_exp2.txt,/home/rpotter/hypertower/Papila/ExpertsSegmentations/Contours/RET081OD_cup_exp2.txt,contour,contour,train
papila_RET081OS,papila,/home/rpotter/hypertower/Papila/FundusImages/RET081OS.jpg,/home/rpotter/hypertower/Papila/ExpertsSegmentations/Contours/RET081OS_disc_exp2.txt,/home/rpotter/hypertower/Papila/ExpertsSegmentations/Contours/RET081OS_cup_exp2.txt,contour,contour,train
papila_RET084OD,papila,/home/rpotter/hypertower/Papila/FundusImages/RET084OD.jpg,/home/rpotter/hypertower/Papila/ExpertsSegmentations/Contours/RET084OD_disc_exp2.txt,/home/rpotter/hypertower/Papila/ExpertsSegmentations/Contours/RET084OD_cup_exp2.txt,contour,contour,train
papila_RET084OS,papila,/home/rpotter/hypertower/Papila/FundusImages/RET084OS.jpg,/home/rpotter/hypertower/Papila/ExpertsSegmentations/Contours/RET084OS_disc_exp2.txt,/home/rpotter/hypertower/Papila/ExpertsSegmentations/Contours/RET084OS_cup_exp2.txt,contour,contour,train
papila_RET087OD,papila,/home/rpotter/hypertower/Papila/FundusImages/RET087OD.jpg,/home/rpotter/hypertower/Papila/ExpertsSegmentations/Contours/RET087OD_disc_exp2.txt,/home/rpotter/hypertower/Papila/ExpertsSegmentations/Contours/RET087OD_cup_exp2.txt,contour,contour,train
papila_RET087OS,papila,/home/rpotter/hypertower/Papila/FundusImages/RET087OS.jpg,/home/rpotter/hypertower/Papila/ExpertsSegmentations/Contours/RET087OS_disc_exp2.txt,/home/rpotter/hypertower/Papila/ExpertsSegmentations/Contours/RET087OS_cup_exp2.txt,contour,contour,train
papila_RET088OD,papila,/home/rpotter/hypertower/Papila/FundusImages/RET088OD.jpg,/home/rpotter/hypertower/Papila/ExpertsSegmentations/Contours/RET088OD_disc_exp2.txt,/home/rpotter/hypertower/Papila/ExpertsSegmentations/Contours/RET088OD_cup_exp2.txt,contour,contour,train
papila_RET088OS,papila,/home/rpotter/hypertower/Papila/FundusImages/RET088OS.jpg,/home/rpotter/hypertower/Papila/ExpertsSegmentations/Contours/RET088OS_disc_exp2.txt,/home/rpotter/hypertower/Papila/ExpertsSegmentations/Contours/RET088OS_cup_exp2.txt,contour,contour,train
papila_RET089OD,papila,/home/rpotter/hypertower/Papila/FundusImages/RET089OD.jpg,/home/rpotter/hypertower/Papila/ExpertsSegmentations/Contours/RET089OD_disc_exp2.txt,/home/rpotter/hypertower/Papila/ExpertsSegmentations/Contours/RET089OD_cup_exp2.txt,contour,contour,train
papila_RET089OS,papila,/home/rpotter/hypertower/Papila/FundusImages/RET089OS.jpg,/home/rpotter/hypertower/Papila/ExpertsSegmentations/Contours/RET089OS_disc_exp2.txt,/home/rpotter/hypertower/Papila/ExpertsSegmentations/Contours/RET089OS_cup_exp2.txt,contour,contour,train
papila_RET090OD,papila,/home/rpotter/hypertower/Papila/FundusImages/RET090OD.jpg,/home/rpotter/hypertower/Papila/ExpertsSegmentations/Contours/RET090OD_disc_exp2.txt,/home/rpotter/hypertower/Papila/ExpertsSegmentations/Contours/RET090OD_cup_exp2.txt,contour,contour,train
papila_RET090OS,papila,/home/rpotter/hypertower/Papila/FundusImages/RET090OS.jpg,/home/rpotter/hypertower/Papila/ExpertsSegmentations/Contours/RET090OS_disc_exp2.txt,/home/rpotter/hypertower/Papila/ExpertsSegmentations/Contours/RET090OS_cup_exp2.txt,contour,contour,train
papila_RET091OD,papila,/home/rpotter/hypertower/Papila/FundusImages/RET091OD.jpg,/home/rpotter/hypertower/Papila/ExpertsSegmentations/Contours/RET091OD_disc_exp2.txt,/home/rpotter/hypertower/Papila/ExpertsSegmentations/Contours/RET091OD_cup_exp2.txt,contour,contour,train
papila_RET091OS,papila,/home/rpotter/hypertower/Papila/FundusImages/RET091OS.jpg,/home/rpotter/hypertower/Papila/ExpertsSegmentations/Contours/RET091OS_disc_exp2.txt,/home/rpotter/hypertower/Papila/ExpertsSegmentations/Contours/RET091OS_cup_exp2.txt,contour,contour,holdout
papila_RET092OD,papila,/home/rpotter/hypertower/Papila/FundusImages/RET092OD.jpg,/home/rpotter/hypertower/Papila/ExpertsSegmentations/Contours/RET092OD_disc_exp2.txt,/home/rpotter/hypertower/Papila/ExpertsSegmentations/Contours/RET092OD_cup_exp2.txt,contour,contour,train
papila_RET092OS,papila,/home/rpotter/hypertower/Papila/FundusImages/RET092OS.jpg,/home/rpotter/hypertower/Papila/ExpertsSegmentations/Contours/RET092OS_disc_exp2.txt,/home/rpotter/hypertower/Papila/ExpertsSegmentations/Contours/RET092OS_cup_exp2.txt,contour,contour,train
papila_RET093OD,papila,/home/rpotter/hypertower/Papila/FundusImages/RET093OD.jpg,/home/rpotter/hypertower/Papila/ExpertsSegmentations/Contours/RET093OD_disc_exp2.txt,/home/rpotter/hypertower/Papila/ExpertsSegmentations/Contours/RET093OD_cup_exp2.txt,contour,contour,train
papila_RET093OS,papila,/home/rpotter/hypertower/Papila/FundusImages/RET093OS.jpg,/home/rpotter/hypertower/Papila/ExpertsSegmentations/Contours/RET093OS_disc_exp2.txt,/home/rpotter/hypertower/Papila/ExpertsSegmentations/Contours/RET093OS_cup_exp2.txt,contour,contour,train
papila_RET096OD,papila,/home/rpotter/hypertower/Papila/FundusImages/RET096OD.jpg,/home/rpotter/hypertower/Papila/ExpertsSegmentations/Contours/RET096OD_disc_exp2.txt,/home/rpotter/hypertower/Papila/ExpertsSegmentations/Contours/RET096OD_cup_exp2.txt,contour,contour,train
papila_RET096OS,papila,/home/rpotter/hypertower/Papila/FundusImages/RET096OS.jpg,/home/rpotter/hypertower/Papila/ExpertsSegmentations/Contours/RET096OS_disc_exp2.txt,/home/rpotter/hypertower/Papila/ExpertsSegmentations/Contours/RET096OS_cup_exp2.txt,contour,contour,train
papila_RET098OD,papila,/home/rpotter/hypertower/Papila/FundusImages/RET098OD.jpg,/home/rpotter/hypertower/Papila/ExpertsSegmentations/Contours/RET098OD_disc_exp2.txt,/home/rpotter/hypertower/Papila/ExpertsSegmentations/Contours/RET098OD_cup_exp2.txt,contour,contour,train
papila_RET098OS,papila,/home/rpotter/hypertower/Papila/FundusImages/RET098OS.jpg,/home/rpotter/hypertower/Papila/ExpertsSegmentations/Contours/RET098OS_disc_exp2.txt,/home/rpotter/hypertower/Papila/ExpertsSegmentations/Contours/RET098OS_cup_exp2.txt,contour,contour,train
papila_RET101OD,papila,/home/rpotter/hypertower/Papila/FundusImages/RET101OD.jpg,/home/rpotter/hypertower/Papila/ExpertsSegmentations/Contours/RET101OD_disc_exp2.txt,/home/rpotter/hypertower/Papila/ExpertsSegmentations/Contours/RET101OD_cup_exp2.txt,contour,contour,train
papila_RET101OS,papila,/home/rpotter/hypertower/Papila/FundusImages/RET101OS.jpg,/home/rpotter/hypertower/Papila/ExpertsSegmentations/Contours/RET101OS_disc_exp2.txt,/home/rpotter/hypertower/Papila/ExpertsSegmentations/Contours/RET101OS_cup_exp2.txt,contour,contour,train
papila_RET102OD,papila,/home/rpotter/hypertower/Papila/FundusImages/RET102OD.jpg,/home/rpotter/hypertower/Papila/ExpertsSegmentations/Contours/RET102OD_disc_exp2.txt,/home/rpotter/hypertower/Papila/ExpertsSegmentations/Contours/RET102OD_cup_exp2.txt,contour,contour,train
papila_RET102OS,papila,/home/rpotter/hypertower/Papila/FundusImages/RET102OS.jpg,/home/rpotter/hypertower/Papila/ExpertsSegmentations/Contours/RET102OS_disc_exp2.txt,/home/rpotter/hypertower/Papila/ExpertsSegmentations/Contours/RET102OS_cup_exp2.txt,contour,contour,train
papila_RET104OD,papila,/home/rpotter/hypertower/Papila/FundusImages/RET104OD.jpg,/home/rpotter/hypertower/Papila/ExpertsSegmentations/Contours/RET104OD_disc_exp2.txt,/home/rpotter/hypertower/Papila/ExpertsSegmentations/Contours/RET104OD_cup_exp2.txt,contour,contour,train
papila_RET104OS,papila,/home/rpotter/hypertower/Papila/FundusImages/RET104OS.jpg,/home/rpotter/hypertower/Papila/ExpertsSegmentations/Contours/RET104OS_disc_exp2.txt,/home/rpotter/hypertower/Papila/ExpertsSegmentations/Contours/RET104OS_cup_exp2.txt,contour,contour,train
papila_RET105OD,papila,/home/rpotter/hypertower/Papila/FundusImages/RET105OD.jpg,/home/rpotter/hypertower/Papila/ExpertsSegmentations/Contours/RET105OD_disc_exp2.txt,/home/rpotter/hypertower/Papila/ExpertsSegmentations/Contours/RET105OD_cup_exp2.txt,contour,contour,train
papila_RET105OS,papila,/home/rpotter/hypertower/Papila/FundusImages/RET105OS.jpg,/home/rpotter/hypertower/Papila/ExpertsSegmentations/Contours/RET105OS_disc_exp2.txt,/home/rpotter/hypertower/Papila/ExpertsSegmentations/Contours/RET105OS_cup_exp2.txt,contour,contour,train
papila_RET106OD,papila,/home/rpotter/hypertower/Papila/FundusImages/RET106OD.jpg,/home/rpotter/hypertower/Papila/ExpertsSegmentations/Contours/RET106OD_disc_exp2.txt,/home/rpotter/hypertower/Papila/ExpertsSegmentations/Contours/RET106OD_cup_exp2.txt,contour,contour,train
papila_RET106OS,papila,/home/rpotter/hypertower/Papila/FundusImages/RET106OS.jpg,/home/rpotter/hypertower/Papila/ExpertsSegmentations/Contours/RET106OS_disc_exp2.txt,/home/rpotter/hypertower/Papila/ExpertsSegmentations/Contours/RET106OS_cup_exp2.txt,contour,contour,train
papila_RET107OD,papila,/home/rpotter/hypertower/Papila/FundusImages/RET107OD.jpg,/home/rpotter/hypertower/Papila/ExpertsSegmentations/Contours/RET107OD_disc_exp2.txt,/home/rpotter/hypertower/Papila/ExpertsSegmentations/Contours/RET107OD_cup_exp2.txt,contour,contour,train
papila_RET107OS,papila,/home/rpotter/hypertower/Papila/FundusImages/RET107OS.jpg,/home/rpotter/hypertower/Papila/ExpertsSegmentations/Contours/RET107OS_disc_exp2.txt,/home/rpotter/hypertower/Papila/ExpertsSegmentations/Contours/RET107OS_cup_exp2.txt,contour,contour,train
papila_RET108OD,papila,/home/rpotter/hypertower/Papila/FundusImages/RET108OD.jpg,/home/rpotter/hypertower/Papila/ExpertsSegmentations/Contours/RET108OD_disc_exp2.txt,/home/rpotter/hypertower/Papila/ExpertsSegmentations/Contours/RET108OD_cup_exp2.txt,contour,contour,train
papila_RET108OS,papila,/home/rpotter/hypertower/Papila/FundusImages/RET108OS.jpg,/home/rpotter/hypertower/Papila/ExpertsSegmentations/Contours/RET108OS_disc_exp2.txt,/home/rpotter/hypertower/Papila/ExpertsSegmentations/Contours/RET108OS_cup_exp2.txt,contour,contour,train
papila_RET112OD,papila,/home/rpotter/hypertower/Papila/FundusImages/RET112OD.jpg,/home/rpotter/hypertower/Papila/ExpertsSegmentations/Contours/RET112OD_disc_exp2.txt,/home/rpotter/hypertower/Papila/ExpertsSegmentations/Contours/RET112OD_cup_exp2.txt,contour,contour,train
papila_RET112OS,papila,/home/rpotter/hypertower/Papila/FundusImages/RET112OS.jpg,/home/rpotter/hypertower/Papila/ExpertsSegmentations/Contours/RET112OS_disc_exp2.txt,/home/rpotter/hypertower/Papila/ExpertsSegmentations/Contours/RET112OS_cup_exp2.txt,contour,contour,train
papila_RET113OD,papila,/home/rpotter/hypertower/Papila/FundusImages/RET113OD.jpg,/home/rpotter/hypertower/Papila/ExpertsSegmentations/Contours/RET113OD_disc_exp2.txt,/home/rpotter/hypertower/Papila/ExpertsSegmentations/Contours/RET113OD_cup_exp2.txt,contour,contour,holdout
papila_RET113OS,papila,/home/rpotter/hypertower/Papila/FundusImages/RET113OS.jpg,/home/rpotter/hypertower/Papila/ExpertsSegmentations/Contours/RET113OS_disc_exp2.txt,/home/rpotter/hypertower/Papila/ExpertsSegmentations/Contours/RET113OS_cup_exp2.txt,contour,contour,train
papila_RET114OD,papila,/home/rpotter/hypertower/Papila/FundusImages/RET114OD.jpg,/home/rpotter/hypertower/Papila/ExpertsSegmentations/Contours/RET114OD_disc_exp2.txt,/home/rpotter/hypertower/Papila/ExpertsSegmentations/Contours/RET114OD_cup_exp2.txt,contour,contour,holdout
papila_RET114OS,papila,/home/rpotter/hypertower/Papila/FundusImages/RET114OS.jpg,/home/rpotter/hypertower/Papila/ExpertsSegmentations/Contours/RET114OS_disc_exp2.txt,/home/rpotter/hypertower/Papila/ExpertsSegmentations/Contours/RET114OS_cup_exp2.txt,contour,contour,train
papila_RET116OD,papila,/home/rpotter/hypertower/Papila/FundusImages/RET116OD.jpg,/home/rpotter/hypertower/Papila/ExpertsSegmentations/Contours/RET116OD_disc_exp2.txt,/home/rpotter/hypertower/Papila/ExpertsSegmentations/Contours/RET116OD_cup_exp2.txt,contour,contour,train
papila_RET116OS,papila,/home/rpotter/hypertower/Papila/FundusImages/RET116OS.jpg,/home/rpotter/hypertower/Papila/ExpertsSegmentations/Contours/RET116OS_disc_exp2.txt,/home/rpotter/hypertower/Papila/ExpertsSegmentations/Contours/RET116OS_cup_exp2.txt,contour,contour,train
papila_RET119OD,papila,/home/rpotter/hypertower/Papila/FundusImages/RET119OD.jpg,/home/rpotter/hypertower/Papila/ExpertsSegmentations/Contours/RET119OD_disc_exp2.txt,/home/rpotter/hypertower/Papila/ExpertsSegmentations/Contours/RET119OD_cup_exp2.txt,contour,contour,train
papila_RET119OS,papila,/home/rpotter/hypertower/Papila/FundusImages/RET119OS.jpg,/home/rpotter/hypertower/Papila/ExpertsSegmentations/Contours/RET119OS_disc_exp2.txt,/home/rpotter/hypertower/Papila/ExpertsSegmentations/Contours/RET119OS_cup_exp2.txt,contour,contour,train
papila_RET120OD,papila,/home/rpotter/hypertower/Papila/FundusImages/RET120OD.jpg,/home/rpotter/hypertower/Papila/ExpertsSegmentations/Contours/RET120OD_disc_exp2.txt,/home/rpotter/hypertower/Papila/ExpertsSegmentations/Contours/RET120OD_cup_exp2.txt,contour,contour,train
papila_RET120OS,papila,/home/rpotter/hypertower/Papila/FundusImages/RET120OS.jpg,/home/rpotter/hypertower/Papila/ExpertsSegmentations/Contours/RET120OS_disc_exp2.txt,/home/rpotter/hypertower/Papila/ExpertsSegmentations/Contours/RET120OS_cup_exp2.txt,contour,contour,train
papila_RET121OD,papila,/home/rpotter/hypertower/Papila/FundusImages/RET121OD.jpg,/home/rpotter/hypertower/Papila/ExpertsSegmentations/Contours/RET121OD_disc_exp2.txt,/home/rpotter/hypertower/Papila/ExpertsSegmentations/Contours/RET121OD_cup_exp2.txt,contour,contour,train
papila_RET121OS,papila,/home/rpotter/hypertower/Papila/FundusImages/RET121OS.jpg,/home/rpotter/hypertower/Papila/ExpertsSegmentations/Contours/RET121OS_disc_exp2.txt,/home/rpotter/hypertower/Papila/ExpertsSegmentations/Contours/RET121OS_cup_exp2.txt,contour,contour,train
papila_RET122OD,papila,/home/rpotter/hypertower/Papila/FundusImages/RET122OD.jpg,/home/rpotter/hypertower/Papila/ExpertsSegmentations/Contours/RET122OD_disc_exp2.txt,/home/rpotter/hypertower/Papila/ExpertsSegmentations/Contours/RET122OD_cup_exp2.txt,contour,contour,train
papila_RET122OS,papila,/home/rpotter/hypertower/Papila/FundusImages/RET122OS.jpg,/home/rpotter/hypertower/Papila/ExpertsSegmentations/Contours/RET122OS_disc_exp2.txt,/home/rpotter/hypertower/Papila/ExpertsSegmentations/Contours/RET122OS_cup_exp2.txt,contour,contour,train
papila_RET123OD,papila,/home/rpotter/hypertower/Papila/FundusImages/RET123OD.jpg,/home/rpotter/hypertower/Papila/ExpertsSegmentations/Contours/RET123OD_disc_exp2.txt,/home/rpotter/hypertower/Papila/ExpertsSegmentations/Contours/RET123OD_cup_exp2.txt,contour,contour,train
papila_RET123OS,papila,/home/rpotter/hypertower/Papila/FundusImages/RET123OS.jpg,/home/rpotter/hypertower/Papila/ExpertsSegmentations/Contours/RET123OS_disc_exp2.txt,/home/rpotter/hypertower/Papila/ExpertsSegmentations/Contours/RET123OS_cup_exp2.txt,contour,contour,train
papila_RET124OD,papila,/home/rpotter/hypertower/Papila/FundusImages/RET124OD.jpg,/home/rpotter/hypertower/Papila/ExpertsSegmentations/Contours/RET124OD_disc_exp2.txt,/home/rpotter/hypertower/Papila/ExpertsSegmentations/Contours/RET124OD_cup_exp2.txt,contour,contour,train
papila_RET124OS,papila,/home/rpotter/hypertower/Papila/FundusImages/RET124OS.jpg,/home/rpotter/hypertower/Papila/ExpertsSegmentations/Contours/RET124OS_disc_exp2.txt,/home/rpotter/hypertower/Papila/ExpertsSegmentations/Contours/RET124OS_cup_exp2.txt,contour,contour,train
papila_RET125OD,papila,/home/rpotter/hypertower/Papila/FundusImages/RET125OD.jpg,/home/rpotter/hypertower/Papila/ExpertsSegmentations/Contours/RET125OD_disc_exp2.txt,/home/rpotter/hypertower/Papila/ExpertsSegmentations/Contours/RET125OD_cup_exp2.txt,contour,contour,train
papila_RET125OS,papila,/home/rpotter/hypertower/Papila/FundusImages/RET125OS.jpg,/home/rpotter/hypertower/Papila/ExpertsSegmentations/Contours/RET125OS_disc_exp2.txt,/home/rpotter/hypertower/Papila/ExpertsSegmentations/Contours/RET125OS_cup_exp2.txt,contour,contour,train
papila_RET126OD,papila,/home/rpotter/hypertower/Papila/FundusImages/RET126OD.jpg,/home/rpotter/hypertower/Papila/ExpertsSegmentations/Contours/RET126OD_disc_exp2.txt,/home/rpotter/hypertower/Papila/ExpertsSegmentations/Contours/RET126OD_cup_exp2.txt,contour,contour,train
papila_RET126OS,papila,/home/rpotter/hypertower/Papila/FundusImages/RET126OS.jpg,/home/rpotter/hypertower/Papila/ExpertsSegmentations/Contours/RET126OS_disc_exp2.txt,/home/rpotter/hypertower/Papila/ExpertsSegmentations/Contours/RET126OS_cup_exp2.txt,contour,contour,holdout
papila_RET127OD,papila,/home/rpotter/hypertower/Papila/FundusImages/RET127OD.jpg,/home/rpotter/hypertower/Papila/ExpertsSegmentations/Contours/RET127OD_disc_exp2.txt,/home/rpotter/hypertower/Papila/ExpertsSegmentations/Contours/RET127OD_cup_exp2.txt,contour,contour,train
papila_RET127OS,papila,/home/rpotter/hypertower/Papila/FundusImages/RET127OS.jpg,/home/rpotter/hypertower/Papila/ExpertsSegmentations/Contours/RET127OS_disc_exp2.txt,/home/rpotter/hypertower/Papila/ExpertsSegmentations/Contours/RET127OS_cup_exp2.txt,contour,contour,train
papila_RET128OD,papila,/home/rpotter/hypertower/Papila/FundusImages/RET128OD.jpg,/home/rpotter/hypertower/Papila/ExpertsSegmentations/Contours/RET128OD_disc_exp2.txt,/home/rpotter/hypertower/Papila/ExpertsSegmentations/Contours/RET128OD_cup_exp2.txt,contour,contour,train
papila_RET128OS,papila,/home/rpotter/hypertower/Papila/FundusImages/RET128OS.jpg,/home/rpotter/hypertower/Papila/ExpertsSegmentations/Contours/RET128OS_disc_exp2.txt,/home/rpotter/hypertower/Papila/ExpertsSegmentations/Contours/RET128OS_cup_exp2.txt,contour,contour,train
papila_RET129OD,papila,/home/rpotter/hypertower/Papila/FundusImages/RET129OD.jpg,/home/rpotter/hypertower/Papila/ExpertsSegmentations/Contours/RET129OD_disc_exp2.txt,/home/rpotter/hypertower/Papila/ExpertsSegmentations/Contours/RET129OD_cup_exp2.txt,contour,contour,train
papila_RET129OS,papila,/home/rpotter/hypertower/Papila/FundusImages/RET129OS.jpg,/home/rpotter/hypertower/Papila/ExpertsSegmentations/Contours/RET129OS_disc_exp2.txt,/home/rpotter/hypertower/Papila/ExpertsSegmentations/Contours/RET129OS_cup_exp2.txt,contour,contour,train
papila_RET130OD,papila,/home/rpotter/hypertower/Papila/FundusImages/RET130OD.jpg,/home/rpotter/hypertower/Papila/ExpertsSegmentations/Contours/RET130OD_disc_exp2.txt,/home/rpotter/hypertower/Papila/ExpertsSegmentations/Contours/RET130OD_cup_exp2.txt,contour,contour,train
papila_RET130OS,papila,/home/rpotter/hypertower/Papila/FundusImages/RET130OS.jpg,/home/rpotter/hypertower/Papila/ExpertsSegmentations/Contours/RET130OS_disc_exp2.txt,/home/rpotter/hypertower/Papila/ExpertsSegmentations/Contours/RET130OS_cup_exp2.txt,contour,contour,train
papila_RET131OD,papila,/home/rpotter/hypertower/Papila/FundusImages/RET131OD.jpg,/home/rpotter/hypertower/Papila/ExpertsSegmentations/Contours/RET131OD_disc_exp2.txt,/home/rpotter/hypertower/Papila/ExpertsSegmentations/Contours/RET131OD_cup_exp2.txt,contour,contour,train
papila_RET131OS,papila,/home/rpotter/hypertower/Papila/FundusImages/RET131OS.jpg,/home/rpotter/hypertower/Papila/ExpertsSegmentations/Contours/RET131OS_disc_exp2.txt,/home/rpotter/hypertower/Papila/ExpertsSegmentations/Contours/RET131OS_cup_exp2.txt,contour,contour,train
papila_RET132OD,papila,/home/rpotter/hypertower/Papila/FundusImages/RET132OD.jpg,/home/rpotter/hypertower/Papila/ExpertsSegmentations/Contours/RET132OD_disc_exp2.txt,/home/rpotter/hypertower/Papila/ExpertsSegmentations/Contours/RET132OD_cup_exp2.txt,contour,contour,train
papila_RET132OS,papila,/home/rpotter/hypertower/Papila/FundusImages/RET132OS.jpg,/home/rpotter/hypertower/Papila/ExpertsSegmentations/Contours/RET132OS_disc_exp2.txt,/home/rpotter/hypertower/Papila/ExpertsSegmentations/Contours/RET132OS_cup_exp2.txt,contour,contour,train
papila_RET133OD,papila,/home/rpotter/hypertower/Papila/FundusImages/RET133OD.jpg,/home/rpotter/hypertower/Papila/ExpertsSegmentations/Contours/RET133OD_disc_exp2.txt,/home/rpotter/hypertower/Papila/ExpertsSegmentations/Contours/RET133OD_cup_exp2.txt,contour,contour,holdout
papila_RET133OS,papila,/home/rpotter/hypertower/Papila/FundusImages/RET133OS.jpg,/home/rpotter/hypertower/Papila/ExpertsSegmentations/Contours/RET133OS_disc_exp2.txt,/home/rpotter/hypertower/Papila/ExpertsSegmentations/Contours/RET133OS_cup_exp2.txt,contour,contour,train
papila_RET134OD,papila,/home/rpotter/hypertower/Papila/FundusImages/RET134OD.jpg,/home/rpotter/hypertower/Papila/ExpertsSegmentations/Contours/RET134OD_disc_exp2.txt,/home/rpotter/hypertower/Papila/ExpertsSegmentations/Contours/RET134OD_cup_exp2.txt,contour,contour,train
papila_RET134OS,papila,/home/rpotter/hypertower/Papila/FundusImages/RET134OS.jpg,/home/rpotter/hypertower/Papila/ExpertsSegmentations/Contours/RET134OS_disc_exp2.txt,/home/rpotter/hypertower/Papila/ExpertsSegmentations/Contours/RET134OS_cup_exp2.txt,contour,contour,train
papila_RET135OD,papila,/home/rpotter/hypertower/Papila/FundusImages/RET135OD.jpg,/home/rpotter/hypertower/Papila/ExpertsSegmentations/Contours/RET135OD_disc_exp2.txt,/home/rpotter/hypertower/Papila/ExpertsSegmentations/Contours/RET135OD_cup_exp2.txt,contour,contour,holdout
papila_RET135OS,papila,/home/rpotter/hypertower/Papila/FundusImages/RET135OS.jpg,/home/rpotter/hypertower/Papila/ExpertsSegmentations/Contours/RET135OS_disc_exp2.txt,/home/rpotter/hypertower/Papila/ExpertsSegmentations/Contours/RET135OS_cup_exp2.txt,contour,contour,train
papila_RET136OD,papila,/home/rpotter/hypertower/Papila/FundusImages/RET136OD.jpg,/home/rpotter/hypertower/Papila/ExpertsSegmentations/Contours/RET136OD_disc_exp2.txt,/home/rpotter/hypertower/Papila/ExpertsSegmentations/Contours/RET136OD_cup_exp2.txt,contour,contour,train
papila_RET136OS,papila,/home/rpotter/hypertower/Papila/FundusImages/RET136OS.jpg,/home/rpotter/hypertower/Papila/ExpertsSegmentations/Contours/RET136OS_disc_exp2.txt,/home/rpotter/hypertower/Papila/ExpertsSegmentations/Contours/RET136OS_cup_exp2.txt,contour,contour,train
papila_RET137OD,papila,/home/rpotter/hypertower/Papila/FundusImages/RET137OD.jpg,/home/rpotter/hypertower/Papila/ExpertsSegmentations/Contours/RET137OD_disc_exp2.txt,/home/rpotter/hypertower/Papila/ExpertsSegmentations/Contours/RET137OD_cup_exp2.txt,contour,contour,train
papila_RET137OS,papila,/home/rpotter/hypertower/Papila/FundusImages/RET137OS.jpg,/home/rpotter/hypertower/Papila/ExpertsSegmentations/Contours/RET137OS_disc_exp2.txt,/home/rpotter/hypertower/Papila/ExpertsSegmentations/Contours/RET137OS_cup_exp2.txt,contour,contour,train
papila_RET138OD,papila,/home/rpotter/hypertower/Papila/FundusImages/RET138OD.jpg,/home/rpotter/hypertower/Papila/ExpertsSegmentations/Contours/RET138OD_disc_exp2.txt,/home/rpotter/hypertower/Papila/ExpertsSegmentations/Contours/RET138OD_cup_exp2.txt,contour,contour,holdout
papila_RET138OS,papila,/home/rpotter/hypertower/Papila/FundusImages/RET138OS.jpg,/home/rpotter/hypertower/Papila/ExpertsSegmentations/Contours/RET138OS_disc_exp2.txt,/home/rpotter/hypertower/Papila/ExpertsSegmentations/Contours/RET138OS_cup_exp2.txt,contour,contour,train
papila_RET139OD,papila,/home/rpotter/hypertower/Papila/FundusImages/RET139OD.jpg,/home/rpotter/hypertower/Papila/ExpertsSegmentations/Contours/RET139OD_disc_exp2.txt,/home/rpotter/hypertower/Papila/ExpertsSegmentations/Contours/RET139OD_cup_exp2.txt,contour,contour,train
papila_RET139OS,papila,/home/rpotter/hypertower/Papila/FundusImages/RET139OS.jpg,/home/rpotter/hypertower/Papila/ExpertsSegmentations/Contours/RET139OS_disc_exp2.txt,/home/rpotter/hypertower/Papila/ExpertsSegmentations/Contours/RET139OS_cup_exp2.txt,contour,contour,train
papila_RET140OD,papila,/home/rpotter/hypertower/Papila/FundusImages/RET140OD.jpg,/home/rpotter/hypertower/Papila/ExpertsSegmentations/Contours/RET140OD_disc_exp2.txt,/home/rpotter/hypertower/Papila/ExpertsSegmentations/Contours/RET140OD_cup_exp2.txt,contour,contour,train
papila_RET140OS,papila,/home/rpotter/hypertower/Papila/FundusImages/RET140OS.jpg,/home/rpotter/hypertower/Papila/ExpertsSegmentations/Contours/RET140OS_disc_exp2.txt,/home/rpotter/hypertower/Papila/ExpertsSegmentations/Contours/RET140OS_cup_exp2.txt,contour,contour,train
papila_RET141OD,papila,/home/rpotter/hypertower/Papila/FundusImages/RET141OD.jpg,/home/rpotter/hypertower/Papila/ExpertsSegmentations/Contours/RET141OD_disc_exp2.txt,/home/rpotter/hypertower/Papila/ExpertsSegmentations/Contours/RET141OD_cup_exp2.txt,contour,contour,train
papila_RET141OS,papila,/home/rpotter/hypertower/Papila/FundusImages/RET141OS.jpg,/home/rpotter/hypertower/Papila/ExpertsSegmentations/Contours/RET141OS_disc_exp2.txt,/home/rpotter/hypertower/Papila/ExpertsSegmentations/Contours/RET141OS_cup_exp2.txt,contour,contour,train
papila_RET142OD,papila,/home/rpotter/hypertower/Papila/FundusImages/RET142OD.jpg,/home/rpotter/hypertower/Papila/ExpertsSegmentations/Contours/RET142OD_disc_exp2.txt,/home/rpotter/hypertower/Papila/ExpertsSegmentations/Contours/RET142OD_cup_exp2.txt,contour,contour,train
papila_RET142OS,papila,/home/rpotter/hypertower/Papila/FundusImages/RET142OS.jpg,/home/rpotter/hypertower/Papila/ExpertsSegmentations/Contours/RET142OS_disc_exp2.txt,/home/rpotter/hypertower/Papila/ExpertsSegmentations/Contours/RET142OS_cup_exp2.txt,contour,contour,train
papila_RET143OD,papila,/home/rpotter/hypertower/Papila/FundusImages/RET143OD.jpg,/home/rpotter/hypertower/Papila/ExpertsSegmentations/Contours/RET143OD_disc_exp2.txt,/home/rpotter/hypertower/Papila/ExpertsSegmentations/Contours/RET143OD_cup_exp2.txt,contour,contour,train
papila_RET143OS,papila,/home/rpotter/hypertower/Papila/FundusImages/RET143OS.jpg,/home/rpotter/hypertower/Papila/ExpertsSegmentations/Contours/RET143OS_disc_exp2.txt,/home/rpotter/hypertower/Papila/ExpertsSegmentations/Contours/RET143OS_cup_exp2.txt,contour,contour,holdout
papila_RET144OD,papila,/home/rpotter/hypertower/Papila/FundusImages/RET144OD.jpg,/home/rpotter/hypertower/Papila/ExpertsSegmentations/Contours/RET144OD_disc_exp2.txt,/home/rpotter/hypertower/Papila/ExpertsSegmentations/Contours/RET144OD_cup_exp2.txt,contour,contour,train
papila_RET144OS,papila,/home/rpotter/hypertower/Papila/FundusImages/RET144OS.jpg,/home/rpotter/hypertower/Papila/ExpertsSegmentations/Contours/RET144OS_disc_exp2.txt,/home/rpotter/hypertower/Papila/ExpertsSegmentations/Contours/RET144OS_cup_exp2.txt,contour,contour,train
papila_RET146OD,papila,/home/rpotter/hypertower/Papila/FundusImages/RET146OD.jpg,/home/rpotter/hypertower/Papila/ExpertsSegmentations/Contours/RET146OD_disc_exp2.txt,/home/rpotter/hypertower/Papila/ExpertsSegmentations/Contours/RET146OD_cup_exp2.txt,contour,contour,train
papila_RET146OS,papila,/home/rpotter/hypertower/Papila/FundusImages/RET146OS.jpg,/home/rpotter/hypertower/Papila/ExpertsSegmentations/Contours/RET146OS_disc_exp2.txt,/home/rpotter/hypertower/Papila/ExpertsSegmentations/Contours/RET146OS_cup_exp2.txt,contour,contour,train
papila_RET147OD,papila,/home/rpotter/hypertower/Papila/FundusImages/RET147OD.jpg,/home/rpotter/hypertower/Papila/ExpertsSegmentations/Contours/RET147OD_disc_exp2.txt,/home/rpotter/hypertower/Papila/ExpertsSegmentations/Contours/RET147OD_cup_exp2.txt,contour,contour,train
papila_RET147OS,papila,/home/rpotter/hypertower/Papila/FundusImages/RET147OS.jpg,/home/rpotter/hypertower/Papila/ExpertsSegmentations/Contours/RET147OS_disc_exp2.txt,/home/rpotter/hypertower/Papila/ExpertsSegmentations/Contours/RET147OS_cup_exp2.txt,contour,contour,train
papila_RET149OD,papila,/home/rpotter/hypertower/Papila/FundusImages/RET149OD.jpg,/home/rpotter/hypertower/Papila/ExpertsSegmentations/Contours/RET149OD_disc_exp2.txt,/home/rpotter/hypertower/Papila/ExpertsSegmentations/Contours/RET149OD_cup_exp2.txt,contour,contour,train
papila_RET149OS,papila,/home/rpotter/hypertower/Papila/FundusImages/RET149OS.jpg,/home/rpotter/hypertower/Papila/ExpertsSegmentations/Contours/RET149OS_disc_exp2.txt,/home/rpotter/hypertower/Papila/ExpertsSegmentations/Contours/RET149OS_cup_exp2.txt,contour,contour,train
papila_RET150OD,papila,/home/rpotter/hypertower/Papila/FundusImages/RET150OD.jpg,/home/rpotter/hypertower/Papila/ExpertsSegmentations/Contours/RET150OD_disc_exp2.txt,/home/rpotter/hypertower/Papila/ExpertsSegmentations/Contours/RET150OD_cup_exp2.txt,contour,contour,train
papila_RET150OS,papila,/home/rpotter/hypertower/Papila/FundusImages/RET150OS.jpg,/home/rpotter/hypertower/Papila/ExpertsSegmentations/Contours/RET150OS_disc_exp2.txt,/home/rpotter/hypertower/Papila/ExpertsSegmentations/Contours/RET150OS_cup_exp2.txt,contour,contour,train
papila_RET151OD,papila,/home/rpotter/hypertower/Papila/FundusImages/RET151OD.jpg,/home/rpotter/hypertower/Papila/ExpertsSegmentations/Contours/RET151OD_disc_exp2.txt,/home/rpotter/hypertower/Papila/ExpertsSegmentations/Contours/RET151OD_cup_exp2.txt,contour,contour,train
papila_RET151OS,papila,/home/rpotter/hypertower/Papila/FundusImages/RET151OS.jpg,/home/rpotter/hypertower/Papila/ExpertsSegmentations/Contours/RET151OS_disc_exp2.txt,/home/rpotter/hypertower/Papila/ExpertsSegmentations/Contours/RET151OS_cup_exp2.txt,contour,contour,train
papila_RET152OD,papila,/home/rpotter/hypertower/Papila/FundusImages/RET152OD.jpg,/home/rpotter/hypertower/Papila/ExpertsSegmentations/Contours/RET152OD_disc_exp2.txt,/home/rpotter/hypertower/Papila/ExpertsSegmentations/Contours/RET152OD_cup_exp2.txt,contour,contour,train
papila_RET152OS,papila,/home/rpotter/hypertower/Papila/FundusImages/RET152OS.jpg,/home/rpotter/hypertower/Papila/ExpertsSegmentations/Contours/RET152OS_disc_exp2.txt,/home/rpotter/hypertower/Papila/ExpertsSegmentations/Contours/RET152OS_cup_exp2.txt,contour,contour,train
papila_RET153OD,papila,/home/rpotter/hypertower/Papila/FundusImages/RET153OD.jpg,/home/rpotter/hypertower/Papila/ExpertsSegmentations/Contours/RET153OD_disc_exp2.txt,/home/rpotter/hypertower/Papila/ExpertsSegmentations/Contours/RET153OD_cup_exp2.txt,contour,contour,train
papila_RET153OS,papila,/home/rpotter/hypertower/Papila/FundusImages/RET153OS.jpg,/home/rpotter/hypertower/Papila/ExpertsSegmentations/Contours/RET153OS_disc_exp2.txt,/home/rpotter/hypertower/Papila/ExpertsSegmentations/Contours/RET153OS_cup_exp2.txt,contour,contour,train
papila_RET154OD,papila,/home/rpotter/hypertower/Papila/FundusImages/RET154OD.jpg,/home/rpotter/hypertower/Papila/ExpertsSegmentations/Contours/RET154OD_disc_exp2.txt,/home/rpotter/hypertower/Papila/ExpertsSegmentations/Contours/RET154OD_cup_exp2.txt,contour,contour,train
papila_RET154OS,papila,/home/rpotter/hypertower/Papila/FundusImages/RET154OS.jpg,/home/rpotter/hypertower/Papila/ExpertsSegmentations/Contours/RET154OS_disc_exp2.txt,/home/rpotter/hypertower/Papila/ExpertsSegmentations/Contours/RET154OS_cup_exp2.txt,contour,contour,train
papila_RET155OD,papila,/home/rpotter/hypertower/Papila/FundusImages/RET155OD.jpg,/home/rpotter/hypertower/Papila/ExpertsSegmentations/Contours/RET155OD_disc_exp2.txt,/home/rpotter/hypertower/Papila/ExpertsSegmentations/Contours/RET155OD_cup_exp2.txt,contour,contour,train
papila_RET155OS,papila,/home/rpotter/hypertower/Papila/FundusImages/RET155OS.jpg,/home/rpotter/hypertower/Papila/ExpertsSegmentations/Contours/RET155OS_disc_exp2.txt,/home/rpotter/hypertower/Papila/ExpertsSegmentations/Contours/RET155OS_cup_exp2.txt,contour,contour,train
papila_RET156OD,papila,/home/rpotter/hypertower/Papila/FundusImages/RET156OD.jpg,/home/rpotter/hypertower/Papila/ExpertsSegmentations/Contours/RET156OD_disc_exp2.txt,/home/rpotter/hypertower/Papila/ExpertsSegmentations/Contours/RET156OD_cup_exp2.txt,contour,contour,holdout
papila_RET156OS,papila,/home/rpotter/hypertower/Papila/FundusImages/RET156OS.jpg,/home/rpotter/hypertower/Papila/ExpertsSegmentations/Contours/RET156OS_disc_exp2.txt,/home/rpotter/hypertower/Papila/ExpertsSegmentations/Contours/RET156OS_cup_exp2.txt,contour,contour,train
papila_RET157OD,papila,/home/rpotter/hypertower/Papila/FundusImages/RET157OD.jpg,/home/rpotter/hypertower/Papila/ExpertsSegmentations/Contours/RET157OD_disc_exp2.txt,/home/rpotter/hypertower/Papila/ExpertsSegmentations/Contours/RET157OD_cup_exp2.txt,contour,contour,train
papila_RET157OS,papila,/home/rpotter/hypertower/Papila/FundusImages/RET157OS.jpg,/home/rpotter/hypertower/Papila/ExpertsSegmentations/Contours/RET157OS_disc_exp2.txt,/home/rpotter/hypertower/Papila/ExpertsSegmentations/Contours/RET157OS_cup_exp2.txt,contour,contour,train
papila_RET158OD,papila,/home/rpotter/hypertower/Papila/FundusImages/RET158OD.jpg,/home/rpotter/hypertower/Papila/ExpertsSegmentations/Contours/RET158OD_disc_exp2.txt,/home/rpotter/hypertower/Papila/ExpertsSegmentations/Contours/RET158OD_cup_exp2.txt,contour,contour,train
papila_RET158OS,papila,/home/rpotter/hypertower/Papila/FundusImages/RET158OS.jpg,/home/rpotter/hypertower/Papila/ExpertsSegmentations/Contours/RET158OS_disc_exp2.txt,/home/rpotter/hypertower/Papila/ExpertsSegmentations/Contours/RET158OS_cup_exp2.txt,contour,contour,train
papila_RET159OD,papila,/home/rpotter/hypertower/Papila/FundusImages/RET159OD.jpg,/home/rpotter/hypertower/Papila/ExpertsSegmentations/Contours/RET159OD_disc_exp2.txt,/home/rpotter/hypertower/Papila/ExpertsSegmentations/Contours/RET159OD_cup_exp2.txt,contour,contour,train
papila_RET159OS,papila,/home/rpotter/hypertower/Papila/FundusImages/RET159OS.jpg,/home/rpotter/hypertower/Papila/ExpertsSegmentations/Contours/RET159OS_disc_exp2.txt,/home/rpotter/hypertower/Papila/ExpertsSegmentations/Contours/RET159OS_cup_exp2.txt,contour,contour,train
papila_RET160OD,papila,/home/rpotter/hypertower/Papila/FundusImages/RET160OD.jpg,/home/rpotter/hypertower/Papila/ExpertsSegmentations/Contours/RET160OD_disc_exp2.txt,/home/rpotter/hypertower/Papila/ExpertsSegmentations/Contours/RET160OD_cup_exp2.txt,contour,contour,train
papila_RET160OS,papila,/home/rpotter/hypertower/Papila/FundusImages/RET160OS.jpg,/home/rpotter/hypertower/Papila/ExpertsSegmentations/Contours/RET160OS_disc_exp2.txt,/home/rpotter/hypertower/Papila/ExpertsSegmentations/Contours/RET160OS_cup_exp2.txt,contour,contour,train
papila_RET162OD,papila,/home/rpotter/hypertower/Papila/FundusImages/RET162OD.jpg,/home/rpotter/hypertower/Papila/ExpertsSegmentations/Contours/RET162OD_disc_exp2.txt,/home/rpotter/hypertower/Papila/ExpertsSegmentations/Contours/RET162OD_cup_exp2.txt,contour,contour,train
papila_RET162OS,papila,/home/rpotter/hypertower/Papila/FundusImages/RET162OS.jpg,/home/rpotter/hypertower/Papila/ExpertsSegmentations/Contours/RET162OS_disc_exp2.txt,/home/rpotter/hypertower/Papila/ExpertsSegmentations/Contours/RET162OS_cup_exp2.txt,contour,contour,train
papila_RET163OD,papila,/home/rpotter/hypertower/Papila/FundusImages/RET163OD.jpg,/home/rpotter/hypertower/Papila/ExpertsSegmentations/Contours/RET163OD_disc_exp2.txt,/home/rpotter/hypertower/Papila/ExpertsSegmentations/Contours/RET163OD_cup_exp2.txt,contour,contour,holdout
papila_RET163OS,papila,/home/rpotter/hypertower/Papila/FundusImages/RET163OS.jpg,/home/rpotter/hypertower/Papila/ExpertsSegmentations/Contours/RET163OS_disc_exp2.txt,/home/rpotter/hypertower/Papila/ExpertsSegmentations/Contours/RET163OS_cup_exp2.txt,contour,contour,train
papila_RET164OD,papila,/home/rpotter/hypertower/Papila/FundusImages/RET164OD.jpg,/home/rpotter/hypertower/Papila/ExpertsSegmentations/Contours/RET164OD_disc_exp2.txt,/home/rpotter/hypertower/Papila/ExpertsSegmentations/Contours/RET164OD_cup_exp2.txt,contour,contour,train
papila_RET164OS,papila,/home/rpotter/hypertower/Papila/FundusImages/RET164OS.jpg,/home/rpotter/hypertower/Papila/ExpertsSegmentations/Contours/RET164OS_disc_exp2.txt,/home/rpotter/hypertower/Papila/ExpertsSegmentations/Contours/RET164OS_cup_exp2.txt,contour,contour,train
papila_RET165OD,papila,/home/rpotter/hypertower/Papila/FundusImages/RET165OD.jpg,/home/rpotter/hypertower/Papila/ExpertsSegmentations/Contours/RET165OD_disc_exp2.txt,/home/rpotter/hypertower/Papila/ExpertsSegmentations/Contours/RET165OD_cup_exp2.txt,contour,contour,train
papila_RET165OS,papila,/home/rpotter/hypertower/Papila/FundusImages/RET165OS.jpg,/home/rpotter/hypertower/Papila/ExpertsSegmentations/Contours/RET165OS_disc_exp2.txt,/home/rpotter/hypertower/Papila/ExpertsSegmentations/Contours/RET165OS_cup_exp2.txt,contour,contour,train
papila_RET166OD,papila,/home/rpotter/hypertower/Papila/FundusImages/RET166OD.jpg,/home/rpotter/hypertower/Papila/ExpertsSegmentations/Contours/RET166OD_disc_exp2.txt,/home/rpotter/hypertower/Papila/ExpertsSegmentations/Contours/RET166OD_cup_exp2.txt,contour,contour,train
papila_RET166OS,papila,/home/rpotter/hypertower/Papila/FundusImages/RET166OS.jpg,/home/rpotter/hypertower/Papila/ExpertsSegmentations/Contours/RET166OS_disc_exp2.txt,/home/rpotter/hypertower/Papila/ExpertsSegmentations/Contours/RET166OS_cup_exp2.txt,contour,contour,train
papila_RET168OD,papila,/home/rpotter/hypertower/Papila/FundusImages/RET168OD.jpg,/home/rpotter/hypertower/Papila/ExpertsSegmentations/Contours/RET168OD_disc_exp2.txt,/home/rpotter/hypertower/Papila/ExpertsSegmentations/Contours/RET168OD_cup_exp2.txt,contour,contour,train
papila_RET168OS,papila,/home/rpotter/hypertower/Papila/FundusImages/RET168OS.jpg,/home/rpotter/hypertower/Papila/ExpertsSegmentations/Contours/RET168OS_disc_exp2.txt,/home/rpotter/hypertower/Papila/ExpertsSegmentations/Contours/RET168OS_cup_exp2.txt,contour,contour,train
papila_RET169OD,papila,/home/rpotter/hypertower/Papila/FundusImages/RET169OD.jpg,/home/rpotter/hypertower/Papila/ExpertsSegmentations/Contours/RET169OD_disc_exp2.txt,/home/rpotter/hypertower/Papila/ExpertsSegmentations/Contours/RET169OD_cup_exp2.txt,contour,contour,train
papila_RET169OS,papila,/home/rpotter/hypertower/Papila/FundusImages/RET169OS.jpg,/home/rpotter/hypertower/Papila/ExpertsSegmentations/Contours/RET169OS_disc_exp2.txt,/home/rpotter/hypertower/Papila/ExpertsSegmentations/Contours/RET169OS_cup_exp2.txt,contour,contour,train
papila_RET170OD,papila,/home/rpotter/hypertower/Papila/FundusImages/RET170OD.jpg,/home/rpotter/hypertower/Papila/ExpertsSegmentations/Contours/RET170OD_disc_exp2.txt,/home/rpotter/hypertower/Papila/ExpertsSegmentations/Contours/RET170OD_cup_exp2.txt,contour,contour,holdout
papila_RET170OS,papila,/home/rpotter/hypertower/Papila/FundusImages/RET170OS.jpg,/home/rpotter/hypertower/Papila/ExpertsSegmentations/Contours/RET170OS_disc_exp2.txt,/home/rpotter/hypertower/Papila/ExpertsSegmentations/Contours/RET170OS_cup_exp2.txt,contour,contour,train
papila_RET171OD,papila,/home/rpotter/hypertower/Papila/FundusImages/RET171OD.jpg,/home/rpotter/hypertower/Papila/ExpertsSegmentations/Contours/RET171OD_disc_exp2.txt,/home/rpotter/hypertower/Papila/ExpertsSegmentations/Contours/RET171OD_cup_exp2.txt,contour,contour,train
papila_RET171OS,papila,/home/rpotter/hypertower/Papila/FundusImages/RET171OS.jpg,/home/rpotter/hypertower/Papila/ExpertsSegmentations/Contours/RET171OS_disc_exp2.txt,/home/rpotter/hypertower/Papila/ExpertsSegmentations/Contours/RET171OS_cup_exp2.txt,contour,contour,train
papila_RET172OD,papila,/home/rpotter/hypertower/Papila/FundusImages/RET172OD.jpg,/home/rpotter/hypertower/Papila/ExpertsSegmentations/Contours/RET172OD_disc_exp2.txt,/home/rpotter/hypertower/Papila/ExpertsSegmentations/Contours/RET172OD_cup_exp2.txt,contour,contour,train
papila_RET172OS,papila,/home/rpotter/hypertower/Papila/FundusImages/RET172OS.jpg,/home/rpotter/hypertower/Papila/ExpertsSegmentations/Contours/RET172OS_disc_exp2.txt,/home/rpotter/hypertower/Papila/ExpertsSegmentations/Contours/RET172OS_cup_exp2.txt,contour,contour,train
papila_RET174OD,papila,/home/rpotter/hypertower/Papila/FundusImages/RET174OD.jpg,/home/rpotter/hypertower/Papila/ExpertsSegmentations/Contours/RET174OD_disc_exp2.txt,/home/rpotter/hypertower/Papila/ExpertsSegmentations/Contours/RET174OD_cup_exp2.txt,contour,contour,train
papila_RET174OS,papila,/home/rpotter/hypertower/Papila/FundusImages/RET174OS.jpg,/home/rpotter/hypertower/Papila/ExpertsSegmentations/Contours/RET174OS_disc_exp2.txt,/home/rpotter/hypertower/Papila/ExpertsSegmentations/Contours/RET174OS_cup_exp2.txt,contour,contour,train
papila_RET175OD,papila,/home/rpotter/hypertower/Papila/FundusImages/RET175OD.jpg,/home/rpotter/hypertower/Papila/ExpertsSegmentations/Contours/RET175OD_disc_exp2.txt,/home/rpotter/hypertower/Papila/ExpertsSegmentations/Contours/RET175OD_cup_exp2.txt,contour,contour,train
papila_RET175OS,papila,/home/rpotter/hypertower/Papila/FundusImages/RET175OS.jpg,/home/rpotter/hypertower/Papila/ExpertsSegmentations/Contours/RET175OS_disc_exp2.txt,/home/rpotter/hypertower/Papila/ExpertsSegmentations/Contours/RET175OS_cup_exp2.txt,contour,contour,train
papila_RET176OD,papila,/home/rpotter/hypertower/Papila/FundusImages/RET176OD.jpg,/home/rpotter/hypertower/Papila/ExpertsSegmentations/Contours/RET176OD_disc_exp2.txt,/home/rpotter/hypertower/Papila/ExpertsSegmentations/Contours/RET176OD_cup_exp2.txt,contour,contour,train
papila_RET176OS,papila,/home/rpotter/hypertower/Papila/FundusImages/RET176OS.jpg,/home/rpotter/hypertower/Papila/ExpertsSegmentations/Contours/RET176OS_disc_exp2.txt,/home/rpotter/hypertower/Papila/ExpertsSegmentations/Contours/RET176OS_cup_exp2.txt,contour,contour,train
papila_RET177OD,papila,/home/rpotter/hypertower/Papila/FundusImages/RET177OD.jpg,/home/rpotter/hypertower/Papila/ExpertsSegmentations/Contours/RET177OD_disc_exp2.txt,/home/rpotter/hypertower/Papila/ExpertsSegmentations/Contours/RET177OD_cup_exp2.txt,contour,contour,train
papila_RET177OS,papila,/home/rpotter/hypertower/Papila/FundusImages/RET177OS.jpg,/home/rpotter/hypertower/Papila/ExpertsSegmentations/Contours/RET177OS_disc_exp2.txt,/home/rpotter/hypertower/Papila/ExpertsSegmentations/Contours/RET177OS_cup_exp2.txt,contour,contour,train
papila_RET178OD,papila,/home/rpotter/hypertower/Papila/FundusImages/RET178OD.jpg,/home/rpotter/hypertower/Papila/ExpertsSegmentations/Contours/RET178OD_disc_exp2.txt,/home/rpotter/hypertower/Papila/ExpertsSegmentations/Contours/RET178OD_cup_exp2.txt,contour,contour,train
papila_RET178OS,papila,/home/rpotter/hypertower/Papila/FundusImages/RET178OS.jpg,/home/rpotter/hypertower/Papila/ExpertsSegmentations/Contours/RET178OS_disc_exp2.txt,/home/rpotter/hypertower/Papila/ExpertsSegmentations/Contours/RET178OS_cup_exp2.txt,contour,contour,train
papila_RET179OD,papila,/home/rpotter/hypertower/Papila/FundusImages/RET179OD.jpg,/home/rpotter/hypertower/Papila/ExpertsSegmentations/Contours/RET179OD_disc_exp2.txt,/home/rpotter/hypertower/Papila/ExpertsSegmentations/Contours/RET179OD_cup_exp2.txt,contour,contour,train
papila_RET179OS,papila,/home/rpotter/hypertower/Papila/FundusImages/RET179OS.jpg,/home/rpotter/hypertower/Papila/ExpertsSegmentations/Contours/RET179OS_disc_exp2.txt,/home/rpotter/hypertower/Papila/ExpertsSegmentations/Contours/RET179OS_cup_exp2.txt,contour,contour,train
papila_RET180OD,papila,/home/rpotter/hypertower/Papila/FundusImages/RET180OD.jpg,/home/rpotter/hypertower/Papila/ExpertsSegmentations/Contours/RET180OD_disc_exp2.txt,/home/rpotter/hypertower/Papila/ExpertsSegmentations/Contours/RET180OD_cup_exp2.txt,contour,contour,train
papila_RET180OS,papila,/home/rpotter/hypertower/Papila/FundusImages/RET180OS.jpg,/home/rpotter/hypertower/Papila/ExpertsSegmentations/Contours/RET180OS_disc_exp2.txt,/home/rpotter/hypertower/Papila/ExpertsSegmentations/Contours/RET180OS_cup_exp2.txt,contour,contour,train
papila_RET181OD,papila,/home/rpotter/hypertower/Papila/FundusImages/RET181OD.jpg,/home/rpotter/hypertower/Papila/ExpertsSegmentations/Contours/RET181OD_disc_exp2.txt,/home/rpotter/hypertower/Papila/ExpertsSegmentations/Contours/RET181OD_cup_exp2.txt,contour,contour,train
papila_RET181OS,papila,/home/rpotter/hypertower/Papila/FundusImages/RET181OS.jpg,/home/rpotter/hypertower/Papila/ExpertsSegmentations/Contours/RET181OS_disc_exp2.txt,/home/rpotter/hypertower/Papila/ExpertsSegmentations/Contours/RET181OS_cup_exp2.txt,contour,contour,train
papila_RET182OD,papila,/home/rpotter/hypertower/Papila/FundusImages/RET182OD.jpg,/home/rpotter/hypertower/Papila/ExpertsSegmentations/Contours/RET182OD_disc_exp2.txt,/home/rpotter/hypertower/Papila/ExpertsSegmentations/Contours/RET182OD_cup_exp2.txt,contour,contour,train
papila_RET182OS,papila,/home/rpotter/hypertower/Papila/FundusImages/RET182OS.jpg,/home/rpotter/hypertower/Papila/ExpertsSegmentations/Contours/RET182OS_disc_exp2.txt,/home/rpotter/hypertower/Papila/ExpertsSegmentations/Contours/RET182OS_cup_exp2.txt,contour,contour,train
papila_RET183OD,papila,/home/rpotter/hypertower/Papila/FundusImages/RET183OD.jpg,/home/rpotter/hypertower/Papila/ExpertsSegmentations/Contours/RET183OD_disc_exp2.txt,/home/rpotter/hypertower/Papila/ExpertsSegmentations/Contours/RET183OD_cup_exp2.txt,contour,contour,train
papila_RET183OS,papila,/home/rpotter/hypertower/Papila/FundusImages/RET183OS.jpg,/home/rpotter/hypertower/Papila/ExpertsSegmentations/Contours/RET183OS_disc_exp2.txt,/home/rpotter/hypertower/Papila/ExpertsSegmentations/Contours/RET183OS_cup_exp2.txt,contour,contour,train
papila_RET184OD,papila,/home/rpotter/hypertower/Papila/FundusImages/RET184OD.jpg,/home/rpotter/hypertower/Papila/ExpertsSegmentations/Contours/RET184OD_disc_exp2.txt,/home/rpotter/hypertower/Papila/ExpertsSegmentations/Contours/RET184OD_cup_exp2.txt,contour,contour,train
papila_RET184OS,papila,/home/rpotter/hypertower/Papila/FundusImages/RET184OS.jpg,/home/rpotter/hypertower/Papila/ExpertsSegmentations/Contours/RET184OS_disc_exp2.txt,/home/rpotter/hypertower/Papila/ExpertsSegmentations/Contours/RET184OS_cup_exp2.txt,contour,contour,train
papila_RET186OD,papila,/home/rpotter/hypertower/Papila/FundusImages/RET186OD.jpg,/home/rpotter/hypertower/Papila/ExpertsSegmentations/Contours/RET186OD_disc_exp2.txt,/home/rpotter/hypertower/Papila/ExpertsSegmentations/Contours/RET186OD_cup_exp2.txt,contour,contour,train
papila_RET186OS,papila,/home/rpotter/hypertower/Papila/FundusImages/RET186OS.jpg,/home/rpotter/hypertower/Papila/ExpertsSegmentations/Contours/RET186OS_disc_exp2.txt,/home/rpotter/hypertower/Papila/ExpertsSegmentations/Contours/RET186OS_cup_exp2.txt,contour,contour,train
papila_RET187OD,papila,/home/rpotter/hypertower/Papila/FundusImages/RET187OD.jpg,/home/rpotter/hypertower/Papila/ExpertsSegmentations/Contours/RET187OD_disc_exp2.txt,/home/rpotter/hypertower/Papila/ExpertsSegmentations/Contours/RET187OD_cup_exp2.txt,contour,contour,train
papila_RET187OS,papila,/home/rpotter/hypertower/Papila/FundusImages/RET187OS.jpg,/home/rpotter/hypertower/Papila/ExpertsSegmentations/Contours/RET187OS_disc_exp2.txt,/home/rpotter/hypertower/Papila/ExpertsSegmentations/Contours/RET187OS_cup_exp2.txt,contour,contour,train
papila_RET188OD,papila,/home/rpotter/hypertower/Papila/FundusImages/RET188OD.jpg,/home/rpotter/hypertower/Papila/ExpertsSegmentations/Contours/RET188OD_disc_exp2.txt,/home/rpotter/hypertower/Papila/ExpertsSegmentations/Contours/RET188OD_cup_exp2.txt,contour,contour,train
papila_RET188OS,papila,/home/rpotter/hypertower/Papila/FundusImages/RET188OS.jpg,/home/rpotter/hypertower/Papila/ExpertsSegmentations/Contours/RET188OS_disc_exp2.txt,/home/rpotter/hypertower/Papila/ExpertsSegmentations/Contours/RET188OS_cup_exp2.txt,contour,contour,train
papila_RET189OD,papila,/home/rpotter/hypertower/Papila/FundusImages/RET189OD.jpg,/home/rpotter/hypertower/Papila/ExpertsSegmentations/Contours/RET189OD_disc_exp2.txt,/home/rpotter/hypertower/Papila/ExpertsSegmentations/Contours/RET189OD_cup_exp2.txt,contour,contour,train
papila_RET189OS,papila,/home/rpotter/hypertower/Papila/FundusImages/RET189OS.jpg,/home/rpotter/hypertower/Papila/ExpertsSegmentations/Contours/RET189OS_disc_exp2.txt,/home/rpotter/hypertower/Papila/ExpertsSegmentations/Contours/RET189OS_cup_exp2.txt,contour,contour,train
papila_RET190OD,papila,/home/rpotter/hypertower/Papila/FundusImages/RET190OD.jpg,/home/rpotter/hypertower/Papila/ExpertsSegmentations/Contours/RET190OD_disc_exp2.txt,/home/rpotter/hypertower/Papila/ExpertsSegmentations/Contours/RET190OD_cup_exp2.txt,contour,contour,train
papila_RET190OS,papila,/home/rpotter/hypertower/Papila/FundusImages/RET190OS.jpg,/home/rpotter/hypertower/Papila/ExpertsSegmentations/Contours/RET190OS_disc_exp2.txt,/home/rpotter/hypertower/Papila/ExpertsSegmentations/Contours/RET190OS_cup_exp2.txt,contour,contour,train
papila_RET191OD,papila,/home/rpotter/hypertower/Papila/FundusImages/RET191OD.jpg,/home/rpotter/hypertower/Papila/ExpertsSegmentations/Contours/RET191OD_disc_exp2.txt,/home/rpotter/hypertower/Papila/ExpertsSegmentations/Contours/RET191OD_cup_exp2.txt,contour,contour,train
papila_RET191OS,papila,/home/rpotter/hypertower/Papila/FundusImages/RET191OS.jpg,/home/rpotter/hypertower/Papila/ExpertsSegmentations/Contours/RET191OS_disc_exp2.txt,/home/rpotter/hypertower/Papila/ExpertsSegmentations/Contours/RET191OS_cup_exp2.txt,contour,contour,train
papila_RET192OD,papila,/home/rpotter/hypertower/Papila/FundusImages/RET192OD.jpg,/home/rpotter/hypertower/Papila/ExpertsSegmentations/Contours/RET192OD_disc_exp2.txt,/home/rpotter/hypertower/Papila/ExpertsSegmentations/Contours/RET192OD_cup_exp2.txt,contour,contour,train
papila_RET192OS,papila,/home/rpotter/hypertower/Papila/FundusImages/RET192OS.jpg,/home/rpotter/hypertower/Papila/ExpertsSegmentations/Contours/RET192OS_disc_exp2.txt,/home/rpotter/hypertower/Papila/ExpertsSegmentations/Contours/RET192OS_cup_exp2.txt,contour,contour,train
papila_RET193OD,papila,/home/rpotter/hypertower/Papila/FundusImages/RET193OD.jpg,/home/rpotter/hypertower/Papila/ExpertsSegmentations/Contours/RET193OD_disc_exp2.txt,/home/rpotter/hypertower/Papila/ExpertsSegmentations/Contours/RET193OD_cup_exp2.txt,contour,contour,train
papila_RET193OS,papila,/home/rpotter/hypertower/Papila/FundusImages/RET193OS.jpg,/home/rpotter/hypertower/Papila/ExpertsSegmentations/Contours/RET193OS_disc_exp2.txt,/home/rpotter/hypertower/Papila/ExpertsSegmentations/Contours/RET193OS_cup_exp2.txt,contour,contour,train
papila_RET194OD,papila,/home/rpotter/hypertower/Papila/FundusImages/RET194OD.jpg,/home/rpotter/hypertower/Papila/ExpertsSegmentations/Contours/RET194OD_disc_exp2.txt,/home/rpotter/hypertower/Papila/ExpertsSegmentations/Contours/RET194OD_cup_exp2.txt,contour,contour,train
papila_RET194OS,papila,/home/rpotter/hypertower/Papila/FundusImages/RET194OS.jpg,/home/rpotter/hypertower/Papila/ExpertsSegmentations/Contours/RET194OS_disc_exp2.txt,/home/rpotter/hypertower/Papila/ExpertsSegmentations/Contours/RET194OS_cup_exp2.txt,contour,contour,train
papila_RET195OD,papila,/home/rpotter/hypertower/Papila/FundusImages/RET195OD.jpg,/home/rpotter/hypertower/Papila/ExpertsSegmentations/Contours/RET195OD_disc_exp2.txt,/home/rpotter/hypertower/Papila/ExpertsSegmentations/Contours/RET195OD_cup_exp2.txt,contour,contour,train
papila_RET195OS,papila,/home/rpotter/hypertower/Papila/FundusImages/RET195OS.jpg,/home/rpotter/hypertower/Papila/ExpertsSegmentations/Contours/RET195OS_disc_exp2.txt,/home/rpotter/hypertower/Papila/ExpertsSegmentations/Contours/RET195OS_cup_exp2.txt,contour,contour,train
papila_RET196OD,papila,/home/rpotter/hypertower/Papila/FundusImages/RET196OD.jpg,/home/rpotter/hypertower/Papila/ExpertsSegmentations/Contours/RET196OD_disc_exp2.txt,/home/rpotter/hypertower/Papila/ExpertsSegmentations/Contours/RET196OD_cup_exp2.txt,contour,contour,train
papila_RET196OS,papila,/home/rpotter/hypertower/Papila/FundusImages/RET196OS.jpg,/home/rpotter/hypertower/Papila/ExpertsSegmentations/Contours/RET196OS_disc_exp2.txt,/home/rpotter/hypertower/Papila/ExpertsSegmentations/Contours/RET196OS_cup_exp2.txt,contour,contour,train
papila_RET197OD,papila,/home/rpotter/hypertower/Papila/FundusImages/RET197OD.jpg,/home/rpotter/hypertower/Papila/ExpertsSegmentations/Contours/RET197OD_disc_exp2.txt,/home/rpotter/hypertower/Papila/ExpertsSegmentations/Contours/RET197OD_cup_exp2.txt,contour,contour,train
papila_RET197OS,papila,/home/rpotter/hypertower/Papila/FundusImages/RET197OS.jpg,/home/rpotter/hypertower/Papila/ExpertsSegmentations/Contours/RET197OS_disc_exp2.txt,/home/rpotter/hypertower/Papila/ExpertsSegmentations/Contours/RET197OS_cup_exp2.txt,contour,contour,train
papila_RET198OD,papila,/home/rpotter/hypertower/Papila/FundusImages/RET198OD.jpg,/home/rpotter/hypertower/Papila/ExpertsSegmentations/Contours/RET198OD_disc_exp2.txt,/home/rpotter/hypertower/Papila/ExpertsSegmentations/Contours/RET198OD_cup_exp2.txt,contour,contour,train
papila_RET198OS,papila,/home/rpotter/hypertower/Papila/FundusImages/RET198OS.jpg,/home/rpotter/hypertower/Papila/ExpertsSegmentations/Contours/RET198OS_disc_exp2.txt,/home/rpotter/hypertower/Papila/ExpertsSegmentations/Contours/RET198OS_cup_exp2.txt,contour,contour,train
papila_RET199OD,papila,/home/rpotter/hypertower/Papila/FundusImages/RET199OD.jpg,/home/rpotter/hypertower/Papila/ExpertsSegmentations/Contours/RET199OD_disc_exp2.txt,/home/rpotter/hypertower/Papila/ExpertsSegmentations/Contours/RET199OD_cup_exp2.txt,contour,contour,train
papila_RET199OS,papila,/home/rpotter/hypertower/Papila/FundusImages/RET199OS.jpg,/home/rpotter/hypertower/Papila/ExpertsSegmentations/Contours/RET199OS_disc_exp2.txt,/home/rpotter/hypertower/Papila/ExpertsSegmentations/Contours/RET199OS_cup_exp2.txt,contour,contour,train
papila_RET200OD,papila,/home/rpotter/hypertower/Papila/FundusImages/RET200OD.jpg,/home/rpotter/hypertower/Papila/ExpertsSegmentations/Contours/RET200OD_disc_exp2.txt,/home/rpotter/hypertower/Papila/ExpertsSegmentations/Contours/RET200OD_cup_exp2.txt,contour,contour,train
papila_RET200OS,papila,/home/rpotter/hypertower/Papila/FundusImages/RET200OS.jpg,/home/rpotter/hypertower/Papila/ExpertsSegmentations/Contours/RET200OS_disc_exp2.txt,/home/rpotter/hypertower/Papila/ExpertsSegmentations/Contours/RET200OS_cup_exp2.txt,contour,contour,train
papila_RET201OD,papila,/home/rpotter/hypertower/Papila/FundusImages/RET201OD.jpg,/home/rpotter/hypertower/Papila/ExpertsSegmentations/Contours/RET201OD_disc_exp2.txt,/home/rpotter/hypertower/Papila/ExpertsSegmentations/Contours/RET201OD_cup_exp2.txt,contour,contour,train
papila_RET201OS,papila,/home/rpotter/hypertower/Papila/FundusImages/RET201OS.jpg,/home/rpotter/hypertower/Papila/ExpertsSegmentations/Contours/RET201OS_disc_exp2.txt,/home/rpotter/hypertower/Papila/ExpertsSegmentations/Contours/RET201OS_cup_exp2.txt,contour,contour,train
papila_RET202OD,papila,/home/rpotter/hypertower/Papila/FundusImages/RET202OD.jpg,/home/rpotter/hypertower/Papila/ExpertsSegmentations/Contours/RET202OD_disc_exp2.txt,/home/rpotter/hypertower/Papila/ExpertsSegmentations/Contours/RET202OD_cup_exp2.txt,contour,contour,train
papila_RET202OS,papila,/home/rpotter/hypertower/Papila/FundusImages/RET202OS.jpg,/home/rpotter/hypertower/Papila/ExpertsSegmentations/Contours/RET202OS_disc_exp2.txt,/home/rpotter/hypertower/Papila/ExpertsSegmentations/Contours/RET202OS_cup_exp2.txt,contour,contour,train
papila_RET203OD,papila,/home/rpotter/hypertower/Papila/FundusImages/RET203OD.jpg,/home/rpotter/hypertower/Papila/ExpertsSegmentations/Contours/RET203OD_disc_exp2.txt,/home/rpotter/hypertower/Papila/ExpertsSegmentations/Contours/RET203OD_cup_exp2.txt,contour,contour,train
papila_RET203OS,papila,/home/rpotter/hypertower/Papila/FundusImages/RET203OS.jpg,/home/rpotter/hypertower/Papila/ExpertsSegmentations/Contours/RET203OS_disc_exp2.txt,/home/rpotter/hypertower/Papila/ExpertsSegmentations/Contours/RET203OS_cup_exp2.txt,contour,contour,train
papila_RET204OD,papila,/home/rpotter/hypertower/Papila/FundusImages/RET204OD.jpg,/home/rpotter/hypertower/Papila/ExpertsSegmentations/Contours/RET204OD_disc_exp2.txt,/home/rpotter/hypertower/Papila/ExpertsSegmentations/Contours/RET204OD_cup_exp2.txt,contour,contour,train
papila_RET204OS,papila,/home/rpotter/hypertower/Papila/FundusImages/RET204OS.jpg,/home/rpotter/hypertower/Papila/ExpertsSegmentations/Contours/RET204OS_disc_exp2.txt,/home/rpotter/hypertower/Papila/ExpertsSegmentations/Contours/RET204OS_cup_exp2.txt,contour,contour,train
papila_RET205OD,papila,/home/rpotter/hypertower/Papila/FundusImages/RET205OD.jpg,/home/rpotter/hypertower/Papila/ExpertsSegmentations/Contours/RET205OD_disc_exp2.txt,/home/rpotter/hypertower/Papila/ExpertsSegmentations/Contours/RET205OD_cup_exp2.txt,contour,contour,train
papila_RET205OS,papila,/home/rpotter/hypertower/Papila/FundusImages/RET205OS.jpg,/home/rpotter/hypertower/Papila/ExpertsSegmentations/Contours/RET205OS_disc_exp2.txt,/home/rpotter/hypertower/Papila/ExpertsSegmentations/Contours/RET205OS_cup_exp2.txt,contour,contour,train
papila_RET206OD,papila,/home/rpotter/hypertower/Papila/FundusImages/RET206OD.jpg,/home/rpotter/hypertower/Papila/ExpertsSegmentations/Contours/RET206OD_disc_exp2.txt,/home/rpotter/hypertower/Papila/ExpertsSegmentations/Contours/RET206OD_cup_exp2.txt,contour,contour,train
papila_RET206OS,papila,/home/rpotter/hypertower/Papila/FundusImages/RET206OS.jpg,/home/rpotter/hypertower/Papila/ExpertsSegmentations/Contours/RET206OS_disc_exp2.txt,/home/rpotter/hypertower/Papila/ExpertsSegmentations/Contours/RET206OS_cup_exp2.txt,contour,contour,holdout
papila_RET207OD,papila,/home/rpotter/hypertower/Papila/FundusImages/RET207OD.jpg,/home/rpotter/hypertower/Papila/ExpertsSegmentations/Contours/RET207OD_disc_exp2.txt,/home/rpotter/hypertower/Papila/ExpertsSegmentations/Contours/RET207OD_cup_exp2.txt,contour,contour,train
papila_RET207OS,papila,/home/rpotter/hypertower/Papila/FundusImages/RET207OS.jpg,/home/rpotter/hypertower/Papila/ExpertsSegmentations/Contours/RET207OS_disc_exp2.txt,/home/rpotter/hypertower/Papila/ExpertsSegmentations/Contours/RET207OS_cup_exp2.txt,contour,contour,train
papila_RET208OD,papila,/home/rpotter/hypertower/Papila/FundusImages/RET208OD.jpg,/home/rpotter/hypertower/Papila/ExpertsSegmentations/Contours/RET208OD_disc_exp2.txt,/home/rpotter/hypertower/Papila/ExpertsSegmentations/Contours/RET208OD_cup_exp2.txt,contour,contour,train
papila_RET208OS,papila,/home/rpotter/hypertower/Papila/FundusImages/RET208OS.jpg,/home/rpotter/hypertower/Papila/ExpertsSegmentations/Contours/RET208OS_disc_exp2.txt,/home/rpotter/hypertower/Papila/ExpertsSegmentations/Contours/RET208OS_cup_exp2.txt,contour,contour,train
papila_RET209OD,papila,/home/rpotter/hypertower/Papila/FundusImages/RET209OD.jpg,/home/rpotter/hypertower/Papila/ExpertsSegmentations/Contours/RET209OD_disc_exp2.txt,/home/rpotter/hypertower/Papila/ExpertsSegmentations/Contours/RET209OD_cup_exp2.txt,contour,contour,train
papila_RET209OS,papila,/home/rpotter/hypertower/Papila/FundusImages/RET209OS.jpg,/home/rpotter/hypertower/Papila/ExpertsSegmentations/Contours/RET209OS_disc_exp2.txt,/home/rpotter/hypertower/Papila/ExpertsSegmentations/Contours/RET209OS_cup_exp2.txt,contour,contour,train
papila_RET210OD,papila,/home/rpotter/hypertower/Papila/FundusImages/RET210OD.jpg,/home/rpotter/hypertower/Papila/ExpertsSegmentations/Contours/RET210OD_disc_exp2.txt,/home/rpotter/hypertower/Papila/ExpertsSegmentations/Contours/RET210OD_cup_exp2.txt,contour,contour,train
papila_RET210OS,papila,/home/rpotter/hypertower/Papila/FundusImages/RET210OS.jpg,/home/rpotter/hypertower/Papila/ExpertsSegmentations/Contours/RET210OS_disc_exp2.txt,/home/rpotter/hypertower/Papila/ExpertsSegmentations/Contours/RET210OS_cup_exp2.txt,contour,contour,train
papila_RET211OD,papila,/home/rpotter/hypertower/Papila/FundusImages/RET211OD.jpg,/home/rpotter/hypertower/Papila/ExpertsSegmentations/Contours/RET211OD_disc_exp2.txt,/home/rpotter/hypertower/Papila/ExpertsSegmentations/Contours/RET211OD_cup_exp2.txt,contour,contour,train
papila_RET211OS,papila,/home/rpotter/hypertower/Papila/FundusImages/RET211OS.jpg,/home/rpotter/hypertower/Papila/ExpertsSegmentations/Contours/RET211OS_disc_exp2.txt,/home/rpotter/hypertower/Papila/ExpertsSegmentations/Contours/RET211OS_cup_exp2.txt,contour,contour,train
papila_RET212OD,papila,/home/rpotter/hypertower/Papila/FundusImages/RET212OD.jpg,/home/rpotter/hypertower/Papila/ExpertsSegmentations/Contours/RET212OD_disc_exp2.txt,/home/rpotter/hypertower/Papila/ExpertsSegmentations/Contours/RET212OD_cup_exp2.txt,contour,contour,train
papila_RET212OS,papila,/home/rpotter/hypertower/Papila/FundusImages/RET212OS.jpg,/home/rpotter/hypertower/Papila/ExpertsSegmentations/Contours/RET212OS_disc_exp2.txt,/home/rpotter/hypertower/Papila/ExpertsSegmentations/Contours/RET212OS_cup_exp2.txt,contour,contour,train
papila_RET213OD,papila,/home/rpotter/hypertower/Papila/FundusImages/RET213OD.jpg,/home/rpotter/hypertower/Papila/ExpertsSegmentations/Contours/RET213OD_disc_exp2.txt,/home/rpotter/hypertower/Papila/ExpertsSegmentations/Contours/RET213OD_cup_exp2.txt,contour,contour,train
papila_RET213OS,papila,/home/rpotter/hypertower/Papila/FundusImages/RET213OS.jpg,/home/rpotter/hypertower/Papila/ExpertsSegmentations/Contours/RET213OS_disc_exp2.txt,/home/rpotter/hypertower/Papila/ExpertsSegmentations/Contours/RET213OS_cup_exp2.txt,contour,contour,holdout
papila_RET214OD,papila,/home/rpotter/hypertower/Papila/FundusImages/RET214OD.jpg,/home/rpotter/hypertower/Papila/ExpertsSegmentations/Contours/RET214OD_disc_exp2.txt,/home/rpotter/hypertower/Papila/ExpertsSegmentations/Contours/RET214OD_cup_exp2.txt,contour,contour,train
papila_RET214OS,papila,/home/rpotter/hypertower/Papila/FundusImages/RET214OS.jpg,/home/rpotter/hypertower/Papila/ExpertsSegmentations/Contours/RET214OS_disc_exp2.txt,/home/rpotter/hypertower/Papila/ExpertsSegmentations/Contours/RET214OS_cup_exp2.txt,contour,contour,train
papila_RET215OD,papila,/home/rpotter/hypertower/Papila/FundusImages/RET215OD.jpg,/home/rpotter/hypertower/Papila/ExpertsSegmentations/Contours/RET215OD_disc_exp2.txt,/home/rpotter/hypertower/Papila/ExpertsSegmentations/Contours/RET215OD_cup_exp2.txt,contour,contour,train
papila_RET215OS,papila,/home/rpotter/hypertower/Papila/FundusImages/RET215OS.jpg,/home/rpotter/hypertower/Papila/ExpertsSegmentations/Contours/RET215OS_disc_exp2.txt,/home/rpotter/hypertower/Papila/ExpertsSegmentations/Contours/RET215OS_cup_exp2.txt,contour,contour,train
papila_RET216OD,papila,/home/rpotter/hypertower/Papila/FundusImages/RET216OD.jpg,/home/rpotter/hypertower/Papila/ExpertsSegmentations/Contours/RET216OD_disc_exp2.txt,/home/rpotter/hypertower/Papila/ExpertsSegmentations/Contours/RET216OD_cup_exp2.txt,contour,contour,train
papila_RET216OS,papila,/home/rpotter/hypertower/Papila/FundusImages/RET216OS.jpg,/home/rpotter/hypertower/Papila/ExpertsSegmentations/Contours/RET216OS_disc_exp2.txt,/home/rpotter/hypertower/Papila/ExpertsSegmentations/Contours/RET216OS_cup_exp2.txt,contour,contour,train
papila_RET217OD,papila,/home/rpotter/hypertower/Papila/FundusImages/RET217OD.jpg,/home/rpotter/hypertower/Papila/ExpertsSegmentations/Contours/RET217OD_disc_exp2.txt,/home/rpotter/hypertower/Papila/ExpertsSegmentations/Contours/RET217OD_cup_exp2.txt,contour,contour,train
papila_RET217OS,papila,/home/rpotter/hypertower/Papila/FundusImages/RET217OS.jpg,/home/rpotter/hypertower/Papila/ExpertsSegmentations/Contours/RET217OS_disc_exp2.txt,/home/rpotter/hypertower/Papila/ExpertsSegmentations/Contours/RET217OS_cup_exp2.txt,contour,contour,train
papila_RET218OD,papila,/home/rpotter/hypertower/Papila/FundusImages/RET218OD.jpg,/home/rpotter/hypertower/Papila/ExpertsSegmentations/Contours/RET218OD_disc_exp2.txt,/home/rpotter/hypertower/Papila/ExpertsSegmentations/Contours/RET218OD_cup_exp2.txt,contour,contour,train
papila_RET218OS,papila,/home/rpotter/hypertower/Papila/FundusImages/RET218OS.jpg,/home/rpotter/hypertower/Papila/ExpertsSegmentations/Contours/RET218OS_disc_exp2.txt,/home/rpotter/hypertower/Papila/ExpertsSegmentations/Contours/RET218OS_cup_exp2.txt,contour,contour,train
papila_RET219OD,papila,/home/rpotter/hypertower/Papila/FundusImages/RET219OD.jpg,/home/rpotter/hypertower/Papila/ExpertsSegmentations/Contours/RET219OD_disc_exp2.txt,/home/rpotter/hypertower/Papila/ExpertsSegmentations/Contours/RET219OD_cup_exp2.txt,contour,contour,train
papila_RET219OS,papila,/home/rpotter/hypertower/Papila/FundusImages/RET219OS.jpg,/home/rpotter/hypertower/Papila/ExpertsSegmentations/Contours/RET219OS_disc_exp2.txt,/home/rpotter/hypertower/Papila/ExpertsSegmentations/Contours/RET219OS_cup_exp2.txt,contour,contour,train
papila_RET220OD,papila,/home/rpotter/hypertower/Papila/FundusImages/RET220OD.jpg,/home/rpotter/hypertower/Papila/ExpertsSegmentations/Contours/RET220OD_disc_exp2.txt,/home/rpotter/hypertower/Papila/ExpertsSegmentations/Contours/RET220OD_cup_exp2.txt,contour,contour,train
papila_RET220OS,papila,/home/rpotter/hypertower/Papila/FundusImages/RET220OS.jpg,/home/rpotter/hypertower/Papila/ExpertsSegmentations/Contours/RET220OS_disc_exp2.txt,/home/rpotter/hypertower/Papila/ExpertsSegmentations/Contours/RET220OS_cup_exp2.txt,contour,contour,train
papila_RET221OD,papila,/home/rpotter/hypertower/Papila/FundusImages/RET221OD.jpg,/home/rpotter/hypertower/Papila/ExpertsSegmentations/Contours/RET221OD_disc_exp2.txt,/home/rpotter/hypertower/Papila/ExpertsSegmentations/Contours/RET221OD_cup_exp2.txt,contour,contour,train
papila_RET221OS,papila,/home/rpotter/hypertower/Papila/FundusImages/RET221OS.jpg,/home/rpotter/hypertower/Papila/ExpertsSegmentations/Contours/RET221OS_disc_exp2.txt,/home/rpotter/hypertower/Papila/ExpertsSegmentations/Contours/RET221OS_cup_exp2.txt,contour,contour,train
papila_RET222OD,papila,/home/rpotter/hypertower/Papila/FundusImages/RET222OD.jpg,/home/rpotter/hypertower/Papila/ExpertsSegmentations/Contours/RET222OD_disc_exp2.txt,/home/rpotter/hypertower/Papila/ExpertsSegmentations/Contours/RET222OD_cup_exp2.txt,contour,contour,train
papila_RET222OS,papila,/home/rpotter/hypertower/Papila/FundusImages/RET222OS.jpg,/home/rpotter/hypertower/Papila/ExpertsSegmentations/Contours/RET222OS_disc_exp2.txt,/home/rpotter/hypertower/Papila/ExpertsSegmentations/Contours/RET222OS_cup_exp2.txt,contour,contour,train
papila_RET223OD,papila,/home/rpotter/hypertower/Papila/FundusImages/RET223OD.jpg,/home/rpotter/hypertower/Papila/ExpertsSegmentations/Contours/RET223OD_disc_exp2.txt,/home/rpotter/hypertower/Papila/ExpertsSegmentations/Contours/RET223OD_cup_exp2.txt,contour,contour,train
papila_RET223OS,papila,/home/rpotter/hypertower/Papila/FundusImages/RET223OS.jpg,/home/rpotter/hypertower/Papila/ExpertsSegmentations/Contours/RET223OS_disc_exp2.txt,/home/rpotter/hypertower/Papila/ExpertsSegmentations/Contours/RET223OS_cup_exp2.txt,contour,contour,train
papila_RET224OD,papila,/home/rpotter/hypertower/Papila/FundusImages/RET224OD.jpg,/home/rpotter/hypertower/Papila/ExpertsSegmentations/Contours/RET224OD_disc_exp2.txt,/home/rpotter/hypertower/Papila/ExpertsSegmentations/Contours/RET224OD_cup_exp2.txt,contour,contour,holdout
papila_RET224OS,papila,/home/rpotter/hypertower/Papila/FundusImages/RET224OS.jpg,/home/rpotter/hypertower/Papila/ExpertsSegmentations/Contours/RET224OS_disc_exp2.txt,/home/rpotter/hypertower/Papila/ExpertsSegmentations/Contours/RET224OS_cup_exp2.txt,contour,contour,train
papila_RET225OD,papila,/home/rpotter/hypertower/Papila/FundusImages/RET225OD.jpg,/home/rpotter/hypertower/Papila/ExpertsSegmentations/Contours/RET225OD_disc_exp2.txt,/home/rpotter/hypertower/Papila/ExpertsSegmentations/Contours/RET225OD_cup_exp2.txt,contour,contour,train
papila_RET225OS,papila,/home/rpotter/hypertower/Papila/FundusImages/RET225OS.jpg,/home/rpotter/hypertower/Papila/ExpertsSegmentations/Contours/RET225OS_disc_exp2.txt,/home/rpotter/hypertower/Papila/ExpertsSegmentations/Contours/RET225OS_cup_exp2.txt,contour,contour,train
papila_RET227OD,papila,/home/rpotter/hypertower/Papila/FundusImages/RET227OD.jpg,/home/rpotter/hypertower/Papila/ExpertsSegmentations/Contours/RET227OD_disc_exp2.txt,/home/rpotter/hypertower/Papila/ExpertsSegmentations/Contours/RET227OD_cup_exp2.txt,contour,contour,train
papila_RET227OS,papila,/home/rpotter/hypertower/Papila/FundusImages/RET227OS.jpg,/home/rpotter/hypertower/Papila/ExpertsSegmentations/Contours/RET227OS_disc_exp2.txt,/home/rpotter/hypertower/Papila/ExpertsSegmentations/Contours/RET227OS_cup_exp2.txt,contour,contour,train
papila_RET228OD,papila,/home/rpotter/hypertower/Papila/FundusImages/RET228OD.jpg,/home/rpotter/hypertower/Papila/ExpertsSegmentations/Contours/RET228OD_disc_exp2.txt,/home/rpotter/hypertower/Papila/ExpertsSegmentations/Contours/RET228OD_cup_exp2.txt,contour,contour,train
papila_RET228OS,papila,/home/rpotter/hypertower/Papila/FundusImages/RET228OS.jpg,/home/rpotter/hypertower/Papila/ExpertsSegmentations/Contours/RET228OS_disc_exp2.txt,/home/rpotter/hypertower/Papila/ExpertsSegmentations/Contours/RET228OS_cup_exp2.txt,contour,contour,train
papila_RET229OD,papila,/home/rpotter/hypertower/Papila/FundusImages/RET229OD.jpg,/home/rpotter/hypertower/Papila/ExpertsSegmentations/Contours/RET229OD_disc_exp2.txt,/home/rpotter/hypertower/Papila/ExpertsSegmentations/Contours/RET229OD_cup_exp2.txt,contour,contour,train
papila_RET229OS,papila,/home/rpotter/hypertower/Papila/FundusImages/RET229OS.jpg,/home/rpotter/hypertower/Papila/ExpertsSegmentations/Contours/RET229OS_disc_exp2.txt,/home/rpotter/hypertower/Papila/ExpertsSegmentations/Contours/RET229OS_cup_exp2.txt,contour,contour,train
papila_RET230OD,papila,/home/rpotter/hypertower/Papila/FundusImages/RET230OD.jpg,/home/rpotter/hypertower/Papila/ExpertsSegmentations/Contours/RET230OD_disc_exp2.txt,/home/rpotter/hypertower/Papila/ExpertsSegmentations/Contours/RET230OD_cup_exp2.txt,contour,contour,train
papila_RET230OS,papila,/home/rpotter/hypertower/Papila/FundusImages/RET230OS.jpg,/home/rpotter/hypertower/Papila/ExpertsSegmentations/Contours/RET230OS_disc_exp2.txt,/home/rpotter/hypertower/Papila/ExpertsSegmentations/Contours/RET230OS_cup_exp2.txt,contour,contour,train
papila_RET231OD,papila,/home/rpotter/hypertower/Papila/FundusImages/RET231OD.jpg,/home/rpotter/hypertower/Papila/ExpertsSegmentations/Contours/RET231OD_disc_exp2.txt,/home/rpotter/hypertower/Papila/ExpertsSegmentations/Contours/RET231OD_cup_exp2.txt,contour,contour,train
papila_RET231OS,papila,/home/rpotter/hypertower/Papila/FundusImages/RET231OS.jpg,/home/rpotter/hypertower/Papila/ExpertsSegmentations/Contours/RET231OS_disc_exp2.txt,/home/rpotter/hypertower/Papila/ExpertsSegmentations/Contours/RET231OS_cup_exp2.txt,contour,contour,train
papila_RET232OD,papila,/home/rpotter/hypertower/Papila/FundusImages/RET232OD.jpg,/home/rpotter/hypertower/Papila/ExpertsSegmentations/Contours/RET232OD_disc_exp2.txt,/home/rpotter/hypertower/Papila/ExpertsSegmentations/Contours/RET232OD_cup_exp2.txt,contour,contour,train
papila_RET232OS,papila,/home/rpotter/hypertower/Papila/FundusImages/RET232OS.jpg,/home/rpotter/hypertower/Papila/ExpertsSegmentations/Contours/RET232OS_disc_exp2.txt,/home/rpotter/hypertower/Papila/ExpertsSegmentations/Contours/RET232OS_cup_exp2.txt,contour,contour,train
papila_RET233OD,papila,/home/rpotter/hypertower/Papila/FundusImages/RET233OD.jpg,/home/rpotter/hypertower/Papila/ExpertsSegmentations/Contours/RET233OD_disc_exp2.txt,/home/rpotter/hypertower/Papila/ExpertsSegmentations/Contours/RET233OD_cup_exp2.txt,contour,contour,train
papila_RET233OS,papila,/home/rpotter/hypertower/Papila/FundusImages/RET233OS.jpg,/home/rpotter/hypertower/Papila/ExpertsSegmentations/Contours/RET233OS_disc_exp2.txt,/home/rpotter/hypertower/Papila/ExpertsSegmentations/Contours/RET233OS_cup_exp2.txt,contour,contour,train
papila_RET234OD,papila,/home/rpotter/hypertower/Papila/FundusImages/RET234OD.jpg,/home/rpotter/hypertower/Papila/ExpertsSegmentations/Contours/RET234OD_disc_exp2.txt,/home/rpotter/hypertower/Papila/ExpertsSegmentations/Contours/RET234OD_cup_exp2.txt,contour,contour,train
papila_RET234OS,papila,/home/rpotter/hypertower/Papila/FundusImages/RET234OS.jpg,/home/rpotter/hypertower/Papila/ExpertsSegmentations/Contours/RET234OS_disc_exp2.txt,/home/rpotter/hypertower/Papila/ExpertsSegmentations/Contours/RET234OS_cup_exp2.txt,contour,contour,train
papila_RET235OD,papila,/home/rpotter/hypertower/Papila/FundusImages/RET235OD.jpg,/home/rpotter/hypertower/Papila/ExpertsSegmentations/Contours/RET235OD_disc_exp2.txt,/home/rpotter/hypertower/Papila/ExpertsSegmentations/Contours/RET235OD_cup_exp2.txt,contour,contour,train
papila_RET235OS,papila,/home/rpotter/hypertower/Papila/FundusImages/RET235OS.jpg,/home/rpotter/hypertower/Papila/ExpertsSegmentations/Contours/RET235OS_disc_exp2.txt,/home/rpotter/hypertower/Papila/ExpertsSegmentations/Contours/RET235OS_cup_exp2.txt,contour,contour,train
papila_RET236OD,papila,/home/rpotter/hypertower/Papila/FundusImages/RET236OD.jpg,/home/rpotter/hypertower/Papila/ExpertsSegmentations/Contours/RET236OD_disc_exp2.txt,/home/rpotter/hypertower/Papila/ExpertsSegmentations/Contours/RET236OD_cup_exp2.txt,contour,contour,train
papila_RET236OS,papila,/home/rpotter/hypertower/Papila/FundusImages/RET236OS.jpg,/home/rpotter/hypertower/Papila/ExpertsSegmentations/Contours/RET236OS_disc_exp2.txt,/home/rpotter/hypertower/Papila/ExpertsSegmentations/Contours/RET236OS_cup_exp2.txt,contour,contour,train
papila_RET237OD,papila,/home/rpotter/hypertower/Papila/FundusImages/RET237OD.jpg,/home/rpotter/hypertower/Papila/ExpertsSegmentations/Contours/RET237OD_disc_exp2.txt,/home/rpotter/hypertower/Papila/ExpertsSegmentations/Contours/RET237OD_cup_exp2.txt,contour,contour,train
papila_RET237OS,papila,/home/rpotter/hypertower/Papila/FundusImages/RET237OS.jpg,/home/rpotter/hypertower/Papila/ExpertsSegmentations/Contours/RET237OS_disc_exp2.txt,/home/rpotter/hypertower/Papila/ExpertsSegmentations/Contours/RET237OS_cup_exp2.txt,contour,contour,train
papila_RET238OD,papila,/home/rpotter/hypertower/Papila/FundusImages/RET238OD.jpg,/home/rpotter/hypertower/Papila/ExpertsSegmentations/Contours/RET238OD_disc_exp2.txt,/home/rpotter/hypertower/Papila/ExpertsSegmentations/Contours/RET238OD_cup_exp2.txt,contour,contour,holdout
papila_RET238OS,papila,/home/rpotter/hypertower/Papila/FundusImages/RET238OS.jpg,/home/rpotter/hypertower/Papila/ExpertsSegmentations/Contours/RET238OS_disc_exp2.txt,/home/rpotter/hypertower/Papila/ExpertsSegmentations/Contours/RET238OS_cup_exp2.txt,contour,contour,holdout
papila_RET239OD,papila,/home/rpotter/hypertower/Papila/FundusImages/RET239OD.jpg,/home/rpotter/hypertower/Papila/ExpertsSegmentations/Contours/RET239OD_disc_exp2.txt,/home/rpotter/hypertower/Papila/ExpertsSegmentations/Contours/RET239OD_cup_exp2.txt,contour,contour,train
papila_RET239OS,papila,/home/rpotter/hypertower/Papila/FundusImages/RET239OS.jpg,/home/rpotter/hypertower/Papila/ExpertsSegmentations/Contours/RET239OS_disc_exp2.txt,/home/rpotter/hypertower/Papila/ExpertsSegmentations/Contours/RET239OS_cup_exp2.txt,contour,contour,holdout
papila_RET240OD,papila,/home/rpotter/hypertower/Papila/FundusImages/RET240OD.jpg,/home/rpotter/hypertower/Papila/ExpertsSegmentations/Contours/RET240OD_disc_exp2.txt,/home/rpotter/hypertower/Papila/ExpertsSegmentations/Contours/RET240OD_cup_exp2.txt,contour,contour,train
papila_RET240OS,papila,/home/rpotter/hypertower/Papila/FundusImages/RET240OS.jpg,/home/rpotter/hypertower/Papila/ExpertsSegmentations/Contours/RET240OS_disc_exp2.txt,/home/rpotter/hypertower/Papila/ExpertsSegmentations/Contours/RET240OS_cup_exp2.txt,contour,contour,train
papila_RET241OD,papila,/home/rpotter/hypertower/Papila/FundusImages/RET241OD.jpg,/home/rpotter/hypertower/Papila/ExpertsSegmentations/Contours/RET241OD_disc_exp2.txt,/home/rpotter/hypertower/Papila/ExpertsSegmentations/Contours/RET241OD_cup_exp2.txt,contour,contour,train
papila_RET241OS,papila,/home/rpotter/hypertower/Papila/FundusImages/RET241OS.jpg,/home/rpotter/hypertower/Papila/ExpertsSegmentations/Contours/RET241OS_disc_exp2.txt,/home/rpotter/hypertower/Papila/ExpertsSegmentations/Contours/RET241OS_cup_exp2.txt,contour,contour,train
papila_RET242OD,papila,/home/rpotter/hypertower/Papila/FundusImages/RET242OD.jpg,/home/rpotter/hypertower/Papila/ExpertsSegmentations/Contours/RET242OD_disc_exp2.txt,/home/rpotter/hypertower/Papila/ExpertsSegmentations/Contours/RET242OD_cup_exp2.txt,contour,contour,train
papila_RET242OS,papila,/home/rpotter/hypertower/Papila/FundusImages/RET242OS.jpg,/home/rpotter/hypertower/Papila/ExpertsSegmentations/Contours/RET242OS_disc_exp2.txt,/home/rpotter/hypertower/Papila/ExpertsSegmentations/Contours/RET242OS_cup_exp2.txt,contour,contour,train
papila_RET243OD,papila,/home/rpotter/hypertower/Papila/FundusImages/RET243OD.jpg,/home/rpotter/hypertower/Papila/ExpertsSegmentations/Contours/RET243OD_disc_exp2.txt,/home/rpotter/hypertower/Papila/ExpertsSegmentations/Contours/RET243OD_cup_exp2.txt,contour,contour,train
papila_RET243OS,papila,/home/rpotter/hypertower/Papila/FundusImages/RET243OS.jpg,/home/rpotter/hypertower/Papila/ExpertsSegmentations/Contours/RET243OS_disc_exp2.txt,/home/rpotter/hypertower/Papila/ExpertsSegmentations/Contours/RET243OS_cup_exp2.txt,contour,contour,train
papila_RET244OD,papila,/home/rpotter/hypertower/Papila/FundusImages/RET244OD.jpg,/home/rpotter/hypertower/Papila/ExpertsSegmentations/Contours/RET244OD_disc_exp2.txt,/home/rpotter/hypertower/Papila/ExpertsSegmentations/Contours/RET244OD_cup_exp2.txt,contour,contour,train
papila_RET244OS,papila,/home/rpotter/hypertower/Papila/FundusImages/RET244OS.jpg,/home/rpotter/hypertower/Papila/ExpertsSegmentations/Contours/RET244OS_disc_exp2.txt,/home/rpotter/hypertower/Papila/ExpertsSegmentations/Contours/RET244OS_cup_exp2.txt,contour,contour,train
papila_RET245OD,papila,/home/rpotter/hypertower/Papila/FundusImages/RET245OD.jpg,/home/rpotter/hypertower/Papila/ExpertsSegmentations/Contours/RET245OD_disc_exp2.txt,/home/rpotter/hypertower/Papila/ExpertsSegmentations/Contours/RET245OD_cup_exp2.txt,contour,contour,train
papila_RET245OS,papila,/home/rpotter/hypertower/Papila/FundusImages/RET245OS.jpg,/home/rpotter/hypertower/Papila/ExpertsSegmentations/Contours/RET245OS_disc_exp2.txt,/home/rpotter/hypertower/Papila/ExpertsSegmentations/Contours/RET245OS_cup_exp2.txt,contour,contour,train
papila_RET246OD,papila,/home/rpotter/hypertower/Papila/FundusImages/RET246OD.jpg,/home/rpotter/hypertower/Papila/ExpertsSegmentations/Contours/RET246OD_disc_exp2.txt,/home/rpotter/hypertower/Papila/ExpertsSegmentations/Contours/RET246OD_cup_exp2.txt,contour,contour,train
papila_RET246OS,papila,/home/rpotter/hypertower/Papila/FundusImages/RET246OS.jpg,/home/rpotter/hypertower/Papila/ExpertsSegmentations/Contours/RET246OS_disc_exp2.txt,/home/rpotter/hypertower/Papila/ExpertsSegmentations/Contours/RET246OS_cup_exp2.txt,contour,contour,train
papila_RET248OD,papila,/home/rpotter/hypertower/Papila/FundusImages/RET248OD.jpg,/home/rpotter/hypertower/Papila/ExpertsSegmentations/Contours/RET248OD_disc_exp2.txt,/home/rpotter/hypertower/Papila/ExpertsSegmentations/Contours/RET248OD_cup_exp2.txt,contour,contour,train
papila_RET248OS,papila,/home/rpotter/hypertower/Papila/FundusImages/RET248OS.jpg,/home/rpotter/hypertower/Papila/ExpertsSegmentations/Contours/RET248OS_disc_exp2.txt,/home/rpotter/hypertower/Papila/ExpertsSegmentations/Contours/RET248OS_cup_exp2.txt,contour,contour,train
papila_RET249OD,papila,/home/rpotter/hypertower/Papila/FundusImages/RET249OD.jpg,/home/rpotter/hypertower/Papila/ExpertsSegmentations/Contours/RET249OD_disc_exp2.txt,/home/rpotter/hypertower/Papila/ExpertsSegmentations/Contours/RET249OD_cup_exp2.txt,contour,contour,train
papila_RET249OS,papila,/home/rpotter/hypertower/Papila/FundusImages/RET249OS.jpg,/home/rpotter/hypertower/Papila/ExpertsSegmentations/Contours/RET249OS_disc_exp2.txt,/home/rpotter/hypertower/Papila/ExpertsSegmentations/Contours/RET249OS_cup_exp2.txt,contour,contour,train
papila_RET250OD,papila,/home/rpotter/hypertower/Papila/FundusImages/RET250OD.jpg,/home/rpotter/hypertower/Papila/ExpertsSegmentations/Contours/RET250OD_disc_exp2.txt,/home/rpotter/hypertower/Papila/ExpertsSegmentations/Contours/RET250OD_cup_exp2.txt,contour,contour,train
papila_RET250OS,papila,/home/rpotter/hypertower/Papila/FundusImages/RET250OS.jpg,/home/rpotter/hypertower/Papila/ExpertsSegmentations/Contours/RET250OS_disc_exp2.txt,/home/rpotter/hypertower/Papila/ExpertsSegmentations/Contours/RET250OS_cup_exp2.txt,contour,contour,train
papila_RET251OD,papila,/home/rpotter/hypertower/Papila/FundusImages/RET251OD.jpg,/home/rpotter/hypertower/Papila/ExpertsSegmentations/Contours/RET251OD_disc_exp2.txt,/home/rpotter/hypertower/Papila/ExpertsSegmentations/Contours/RET251OD_cup_exp2.txt,contour,contour,train
papila_RET251OS,papila,/home/rpotter/hypertower/Papila/FundusImages/RET251OS.jpg,/home/rpotter/hypertower/Papila/ExpertsSegmentations/Contours/RET251OS_disc_exp2.txt,/home/rpotter/hypertower/Papila/ExpertsSegmentations/Contours/RET251OS_cup_exp2.txt,contour,contour,train
papila_RET252OD,papila,/home/rpotter/hypertower/Papila/FundusImages/RET252OD.jpg,/home/rpotter/hypertower/Papila/ExpertsSegmentations/Contours/RET252OD_disc_exp2.txt,/home/rpotter/hypertower/Papila/ExpertsSegmentations/Contours/RET252OD_cup_exp2.txt,contour,contour,train
papila_RET252OS,papila,/home/rpotter/hypertower/Papila/FundusImages/RET252OS.jpg,/home/rpotter/hypertower/Papila/ExpertsSegmentations/Contours/RET252OS_disc_exp2.txt,/home/rpotter/hypertower/Papila/ExpertsSegmentations/Contours/RET252OS_cup_exp2.txt,contour,contour,train
papila_RET253OD,papila,/home/rpotter/hypertower/Papila/FundusImages/RET253OD.jpg,/home/rpotter/hypertower/Papila/ExpertsSegmentations/Contours/RET253OD_disc_exp2.txt,/home/rpotter/hypertower/Papila/ExpertsSegmentations/Contours/RET253OD_cup_exp2.txt,contour,contour,train
papila_RET253OS,papila,/home/rpotter/hypertower/Papila/FundusImages/RET253OS.jpg,/home/rpotter/hypertower/Papila/ExpertsSegmentations/Contours/RET253OS_disc_exp2.txt,/home/rpotter/hypertower/Papila/ExpertsSegmentations/Contours/RET253OS_cup_exp2.txt,contour,contour,train
papila_RET254OD,papila,/home/rpotter/hypertower/Papila/FundusImages/RET254OD.jpg,/home/rpotter/hypertower/Papila/ExpertsSegmentations/Contours/RET254OD_disc_exp2.txt,/home/rpotter/hypertower/Papila/ExpertsSegmentations/Contours/RET254OD_cup_exp2.txt,contour,contour,train
papila_RET254OS,papila,/home/rpotter/hypertower/Papila/FundusImages/RET254OS.jpg,/home/rpotter/hypertower/Papila/ExpertsSegmentations/Contours/RET254OS_disc_exp2.txt,/home/rpotter/hypertower/Papila/ExpertsSegmentations/Contours/RET254OS_cup_exp2.txt,contour,contour,train
papila_RET255OD,papila,/home/rpotter/hypertower/Papila/FundusImages/RET255OD.jpg,/home/rpotter/hypertower/Papila/ExpertsSegmentations/Contours/RET255OD_disc_exp2.txt,/home/rpotter/hypertower/Papila/ExpertsSegmentations/Contours/RET255OD_cup_exp2.txt,contour,contour,train
papila_RET255OS,papila,/home/rpotter/hypertower/Papila/FundusImages/RET255OS.jpg,/home/rpotter/hypertower/Papila/ExpertsSegmentations/Contours/RET255OS_disc_exp2.txt,/home/rpotter/hypertower/Papila/ExpertsSegmentations/Contours/RET255OS_cup_exp2.txt,contour,contour,train
papila_RET256OD,papila,/home/rpotter/hypertower/Papila/FundusImages/RET256OD.jpg,/home/rpotter/hypertower/Papila/ExpertsSegmentations/Contours/RET256OD_disc_exp2.txt,/home/rpotter/hypertower/Papila/ExpertsSegmentations/Contours/RET256OD_cup_exp2.txt,contour,contour,train
papila_RET256OS,papila,/home/rpotter/hypertower/Papila/FundusImages/RET256OS.jpg,/home/rpotter/hypertower/Papila/ExpertsSegmentations/Contours/RET256OS_disc_exp2.txt,/home/rpotter/hypertower/Papila/ExpertsSegmentations/Contours/RET256OS_cup_exp2.txt,contour,contour,train
papila_RET257OD,papila,/home/rpotter/hypertower/Papila/FundusImages/RET257OD.jpg,/home/rpotter/hypertower/Papila/ExpertsSegmentations/Contours/RET257OD_disc_exp2.txt,/home/rpotter/hypertower/Papila/ExpertsSegmentations/Contours/RET257OD_cup_exp2.txt,contour,contour,train
papila_RET257OS,papila,/home/rpotter/hypertower/Papila/FundusImages/RET257OS.jpg,/home/rpotter/hypertower/Papila/ExpertsSegmentations/Contours/RET257OS_disc_exp2.txt,/home/rpotter/hypertower/Papila/ExpertsSegmentations/Contours/RET257OS_cup_exp2.txt,contour,contour,train
papila_RET258OD,papila,/home/rpotter/hypertower/Papila/FundusImages/RET258OD.jpg,/home/rpotter/hypertower/Papila/ExpertsSegmentations/Contours/RET258OD_disc_exp2.txt,/home/rpotter/hypertower/Papila/ExpertsSegmentations/Contours/RET258OD_cup_exp2.txt,contour,contour,train
papila_RET258OS,papila,/home/rpotter/hypertower/Papila/FundusImages/RET258OS.jpg,/home/rpotter/hypertower/Papila/ExpertsSegmentations/Contours/RET258OS_disc_exp2.txt,/home/rpotter/hypertower/Papila/ExpertsSegmentations/Contours/RET258OS_cup_exp2.txt,contour,contour,train
papila_RET259OD,papila,/home/rpotter/hypertower/Papila/FundusImages/RET259OD.jpg,/home/rpotter/hypertower/Papila/ExpertsSegmentations/Contours/RET259OD_disc_exp2.txt,/home/rpotter/hypertower/Papila/ExpertsSegmentations/Contours/RET259OD_cup_exp2.txt,contour,contour,train
papila_RET259OS,papila,/home/rpotter/hypertower/Papila/FundusImages/RET259OS.jpg,/home/rpotter/hypertower/Papila/ExpertsSegmentations/Contours/RET259OS_disc_exp2.txt,/home/rpotter/hypertower/Papila/ExpertsSegmentations/Contours/RET259OS_cup_exp2.txt,contour,contour,train
papila_RET260OD,papila,/home/rpotter/hypertower/Papila/FundusImages/RET260OD.jpg,/home/rpotter/hypertower/Papila/ExpertsSegmentations/Contours/RET260OD_disc_exp2.txt,/home/rpotter/hypertower/Papila/ExpertsSegmentations/Contours/RET260OD_cup_exp2.txt,contour,contour,train
papila_RET260OS,papila,/home/rpotter/hypertower/Papila/FundusImages/RET260OS.jpg,/home/rpotter/hypertower/Papila/ExpertsSegmentations/Contours/RET260OS_disc_exp2.txt,/home/rpotter/hypertower/Papila/ExpertsSegmentations/Contours/RET260OS_cup_exp2.txt,contour,contour,train
papila_RET261OD,papila,/home/rpotter/hypertower/Papila/FundusImages/RET261OD.jpg,/home/rpotter/hypertower/Papila/ExpertsSegmentations/Contours/RET261OD_disc_exp2.txt,/home/rpotter/hypertower/Papila/ExpertsSegmentations/Contours/RET261OD_cup_exp2.txt,contour,contour,train
papila_RET261OS,papila,/home/rpotter/hypertower/Papila/FundusImages/RET261OS.jpg,/home/rpotter/hypertower/Papila/ExpertsSegmentations/Contours/RET261OS_disc_exp2.txt,/home/rpotter/hypertower/Papila/ExpertsSegmentations/Contours/RET261OS_cup_exp2.txt,contour,contour,train
papila_RET262OD,papila,/home/rpotter/hypertower/Papila/FundusImages/RET262OD.jpg,/home/rpotter/hypertower/Papila/ExpertsSegmentations/Contours/RET262OD_disc_exp2.txt,/home/rpotter/hypertower/Papila/ExpertsSegmentations/Contours/RET262OD_cup_exp2.txt,contour,contour,train
papila_RET262OS,papila,/home/rpotter/hypertower/Papila/FundusImages/RET262OS.jpg,/home/rpotter/hypertower/Papila/ExpertsSegmentations/Contours/RET262OS_disc_exp2.txt,/home/rpotter/hypertower/Papila/ExpertsSegmentations/Contours/RET262OS_cup_exp2.txt,contour,contour,train
papila_RET264OD,papila,/home/rpotter/hypertower/Papila/FundusImages/RET264OD.jpg,/home/rpotter/hypertower/Papila/ExpertsSegmentations/Contours/RET264OD_disc_exp2.txt,/home/rpotter/hypertower/Papila/ExpertsSegmentations/Contours/RET264OD_cup_exp2.txt,contour,contour,holdout
papila_RET264OS,papila,/home/rpotter/hypertower/Papila/FundusImages/RET264OS.jpg,/home/rpotter/hypertower/Papila/ExpertsSegmentations/Contours/RET264OS_disc_exp2.txt,/home/rpotter/hypertower/Papila/ExpertsSegmentations/Contours/RET264OS_cup_exp2.txt,contour,contour,train
papila_RET265OD,papila,/home/rpotter/hypertower/Papila/FundusImages/RET265OD.jpg,/home/rpotter/hypertower/Papila/ExpertsSegmentations/Contours/RET265OD_disc_exp2.txt,/home/rpotter/hypertower/Papila/ExpertsSegmentations/Contours/RET265OD_cup_exp2.txt,contour,contour,train
papila_RET265OS,papila,/home/rpotter/hypertower/Papila/FundusImages/RET265OS.jpg,/home/rpotter/hypertower/Papila/ExpertsSegmentations/Contours/RET265OS_disc_exp2.txt,/home/rpotter/hypertower/Papila/ExpertsSegmentations/Contours/RET265OS_cup_exp2.txt,contour,contour,train
papila_RET266OD,papila,/home/rpotter/hypertower/Papila/FundusImages/RET266OD.jpg,/home/rpotter/hypertower/Papila/ExpertsSegmentations/Contours/RET266OD_disc_exp2.txt,/home/rpotter/hypertower/Papila/ExpertsSegmentations/Contours/RET266OD_cup_exp2.txt,contour,contour,train
papila_RET266OS,papila,/home/rpotter/hypertower/Papila/FundusImages/RET266OS.jpg,/home/rpotter/hypertower/Papila/ExpertsSegmentations/Contours/RET266OS_disc_exp2.txt,/home/rpotter/hypertower/Papila/ExpertsSegmentations/Contours/RET266OS_cup_exp2.txt,contour,contour,train
papila_RET267OD,papila,/home/rpotter/hypertower/Papila/FundusImages/RET267OD.jpg,/home/rpotter/hypertower/Papila/ExpertsSegmentations/Contours/RET267OD_disc_exp2.txt,/home/rpotter/hypertower/Papila/ExpertsSegmentations/Contours/RET267OD_cup_exp2.txt,contour,contour,train
papila_RET267OS,papila,/home/rpotter/hypertower/Papila/FundusImages/RET267OS.jpg,/home/rpotter/hypertower/Papila/ExpertsSegmentations/Contours/RET267OS_disc_exp2.txt,/home/rpotter/hypertower/Papila/ExpertsSegmentations/Contours/RET267OS_cup_exp2.txt,contour,contour,train
papila_RET268OD,papila,/home/rpotter/hypertower/Papila/FundusImages/RET268OD.jpg,/home/rpotter/hypertower/Papila/ExpertsSegmentations/Contours/RET268OD_disc_exp2.txt,/home/rpotter/hypertower/Papila/ExpertsSegmentations/Contours/RET268OD_cup_exp2.txt,contour,contour,train
papila_RET268OS,papila,/home/rpotter/hypertower/Papila/FundusImages/RET268OS.jpg,/home/rpotter/hypertower/Papila/ExpertsSegmentations/Contours/RET268OS_disc_exp2.txt,/home/rpotter/hypertower/Papila/ExpertsSegmentations/Contours/RET268OS_cup_exp2.txt,contour,contour,train
papila_RET269OD,papila,/home/rpotter/hypertower/Papila/FundusImages/RET269OD.jpg,/home/rpotter/hypertower/Papila/ExpertsSegmentations/Contours/RET269OD_disc_exp2.txt,/home/rpotter/hypertower/Papila/ExpertsSegmentations/Contours/RET269OD_cup_exp2.txt,contour,contour,train
papila_RET269OS,papila,/home/rpotter/hypertower/Papila/FundusImages/RET269OS.jpg,/home/rpotter/hypertower/Papila/ExpertsSegmentations/Contours/RET269OS_disc_exp2.txt,/home/rpotter/hypertower/Papila/ExpertsSegmentations/Contours/RET269OS_cup_exp2.txt,contour,contour,train
papila_RET270OD,papila,/home/rpotter/hypertower/Papila/FundusImages/RET270OD.jpg,/home/rpotter/hypertower/Papila/ExpertsSegmentations/Contours/RET270OD_disc_exp2.txt,/home/rpotter/hypertower/Papila/ExpertsSegmentations/Contours/RET270OD_cup_exp2.txt,contour,contour,train
papila_RET270OS,papila,/home/rpotter/hypertower/Papila/FundusImages/RET270OS.jpg,/home/rpotter/hypertower/Papila/ExpertsSegmentations/Contours/RET270OS_disc_exp2.txt,/home/rpotter/hypertower/Papila/ExpertsSegmentations/Contours/RET270OS_cup_exp2.txt,contour,contour,train
papila_RET271OD,papila,/home/rpotter/hypertower/Papila/FundusImages/RET271OD.jpg,/home/rpotter/hypertower/Papila/ExpertsSegmentations/Contours/RET271OD_disc_exp2.txt,/home/rpotter/hypertower/Papila/ExpertsSegmentations/Contours/RET271OD_cup_exp2.txt,contour,contour,train
papila_RET271OS,papila,/home/rpotter/hypertower/Papila/FundusImages/RET271OS.jpg,/home/rpotter/hypertower/Papila/ExpertsSegmentations/Contours/RET271OS_disc_exp2.txt,/home/rpotter/hypertower/Papila/ExpertsSegmentations/Contours/RET271OS_cup_exp2.txt,contour,contour,train
papila_RET272OD,papila,/home/rpotter/hypertower/Papila/FundusImages/RET272OD.jpg,/home/rpotter/hypertower/Papila/ExpertsSegmentations/Contours/RET272OD_disc_exp2.txt,/home/rpotter/hypertower/Papila/ExpertsSegmentations/Contours/RET272OD_cup_exp2.txt,contour,contour,train
papila_RET272OS,papila,/home/rpotter/hypertower/Papila/FundusImages/RET272OS.jpg,/home/rpotter/hypertower/Papila/ExpertsSegmentations/Contours/RET272OS_disc_exp2.txt,/home/rpotter/hypertower/Papila/ExpertsSegmentations/Contours/RET272OS_cup_exp2.txt,contour,contour,train
papila_RET273OD,papila,/home/rpotter/hypertower/Papila/FundusImages/RET273OD.jpg,/home/rpotter/hypertower/Papila/ExpertsSegmentations/Contours/RET273OD_disc_exp2.txt,/home/rpotter/hypertower/Papila/ExpertsSegmentations/Contours/RET273OD_cup_exp2.txt,contour,contour,train
papila_RET273OS,papila,/home/rpotter/hypertower/Papila/FundusImages/RET273OS.jpg,/home/rpotter/hypertower/Papila/ExpertsSegmentations/Contours/RET273OS_disc_exp2.txt,/home/rpotter/hypertower/Papila/ExpertsSegmentations/Contours/RET273OS_cup_exp2.txt,contour,contour,train
papila_RET274OD,papila,/home/rpotter/hypertower/Papila/FundusImages/RET274OD.jpg,/home/rpotter/hypertower/Papila/ExpertsSegmentations/Contours/RET274OD_disc_exp2.txt,/home/rpotter/hypertower/Papila/ExpertsSegmentations/Contours/RET274OD_cup_exp2.txt,contour,contour,train
papila_RET274OS,papila,/home/rpotter/hypertower/Papila/FundusImages/RET274OS.jpg,/home/rpotter/hypertower/Papila/ExpertsSegmentations/Contours/RET274OS_disc_exp2.txt,/home/rpotter/hypertower/Papila/ExpertsSegmentations/Contours/RET274OS_cup_exp2.txt,contour,contour,train
papila_RET275OD,papila,/home/rpotter/hypertower/Papila/FundusImages/RET275OD.jpg,/home/rpotter/hypertower/Papila/ExpertsSegmentations/Contours/RET275OD_disc_exp2.txt,/home/rpotter/hypertower/Papila/ExpertsSegmentations/Contours/RET275OD_cup_exp2.txt,contour,contour,holdout
papila_RET275OS,papila,/home/rpotter/hypertower/Papila/FundusImages/RET275OS.jpg,/home/rpotter/hypertower/Papila/ExpertsSegmentations/Contours/RET275OS_disc_exp2.txt,/home/rpotter/hypertower/Papila/ExpertsSegmentations/Contours/RET275OS_cup_exp2.txt,contour,contour,train
papila_RET276OD,papila,/home/rpotter/hypertower/Papila/FundusImages/RET276OD.jpg,/home/rpotter/hypertower/Papila/ExpertsSegmentations/Contours/RET276OD_disc_exp2.txt,/home/rpotter/hypertower/Papila/ExpertsSegmentations/Contours/RET276OD_cup_exp2.txt,contour,contour,train
papila_RET276OS,papila,/home/rpotter/hypertower/Papila/FundusImages/RET276OS.jpg,/home/rpotter/hypertower/Papila/ExpertsSegmentations/Contours/RET276OS_disc_exp2.txt,/home/rpotter/hypertower/Papila/ExpertsSegmentations/Contours/RET276OS_cup_exp2.txt,contour,contour,train
papila_RET277OD,papila,/home/rpotter/hypertower/Papila/FundusImages/RET277OD.jpg,/home/rpotter/hypertower/Papila/ExpertsSegmentations/Contours/RET277OD_disc_exp2.txt,/home/rpotter/hypertower/Papila/ExpertsSegmentations/Contours/RET277OD_cup_exp2.txt,contour,contour,train
papila_RET277OS,papila,/home/rpotter/hypertower/Papila/FundusImages/RET277OS.jpg,/home/rpotter/hypertower/Papila/ExpertsSegmentations/Contours/RET277OS_disc_exp2.txt,/home/rpotter/hypertower/Papila/ExpertsSegmentations/Contours/RET277OS_cup_exp2.txt,contour,contour,train
papila_RET280OD,papila,/home/rpotter/hypertower/Papila/FundusImages/RET280OD.jpg,/home/rpotter/hypertower/Papila/ExpertsSegmentations/Contours/RET280OD_disc_exp2.txt,/home/rpotter/hypertower/Papila/ExpertsSegmentations/Contours/RET280OD_cup_exp2.txt,contour,contour,train
papila_RET280OS,papila,/home/rpotter/hypertower/Papila/FundusImages/RET280OS.jpg,/home/rpotter/hypertower/Papila/ExpertsSegmentations/Contours/RET280OS_disc_exp2.txt,/home/rpotter/hypertower/Papila/ExpertsSegmentations/Contours/RET280OS_cup_exp2.txt,contour,contour,train
papila_RET281OD,papila,/home/rpotter/hypertower/Papila/FundusImages/RET281OD.jpg,/home/rpotter/hypertower/Papila/ExpertsSegmentations/Contours/RET281OD_disc_exp2.txt,/home/rpotter/hypertower/Papila/ExpertsSegmentations/Contours/RET281OD_cup_exp2.txt,contour,contour,train
papila_RET281OS,papila,/home/rpotter/hypertower/Papila/FundusImages/RET281OS.jpg,/home/rpotter/hypertower/Papila/ExpertsSegmentations/Contours/RET281OS_disc_exp2.txt,/home/rpotter/hypertower/Papila/ExpertsSegmentations/Contours/RET281OS_cup_exp2.txt,contour,contour,train
papila_RET282OD,papila,/home/rpotter/hypertower/Papila/FundusImages/RET282OD.jpg,/home/rpotter/hypertower/Papila/ExpertsSegmentations/Contours/RET282OD_disc_exp2.txt,/home/rpotter/hypertower/Papila/ExpertsSegmentations/Contours/RET282OD_cup_exp2.txt,contour,contour,train
papila_RET282OS,papila,/home/rpotter/hypertower/Papila/FundusImages/RET282OS.jpg,/home/rpotter/hypertower/Papila/ExpertsSegmentations/Contours/RET282OS_disc_exp2.txt,/home/rpotter/hypertower/Papila/ExpertsSegmentations/Contours/RET282OS_cup_exp2.txt,contour,contour,train
papila_RET283OD,papila,/home/rpotter/hypertower/Papila/FundusImages/RET283OD.jpg,/home/rpotter/hypertower/Papila/ExpertsSegmentations/Contours/RET283OD_disc_exp2.txt,/home/rpotter/hypertower/Papila/ExpertsSegmentations/Contours/RET283OD_cup_exp2.txt,contour,contour,train
papila_RET283OS,papila,/home/rpotter/hypertower/Papila/FundusImages/RET283OS.jpg,/home/rpotter/hypertower/Papila/ExpertsSegmentations/Contours/RET283OS_disc_exp2.txt,/home/rpotter/hypertower/Papila/ExpertsSegmentations/Contours/RET283OS_cup_exp2.txt,contour,contour,train
papila_RET284OD,papila,/home/rpotter/hypertower/Papila/FundusImages/RET284OD.jpg,/home/rpotter/hypertower/Papila/ExpertsSegmentations/Contours/RET284OD_disc_exp2.txt,/home/rpotter/hypertower/Papila/ExpertsSegmentations/Contours/RET284OD_cup_exp2.txt,contour,contour,train
papila_RET284OS,papila,/home/rpotter/hypertower/Papila/FundusImages/RET284OS.jpg,/home/rpotter/hypertower/Papila/ExpertsSegmentations/Contours/RET284OS_disc_exp2.txt,/home/rpotter/hypertower/Papila/ExpertsSegmentations/Contours/RET284OS_cup_exp2.txt,contour,contour,train
papila_RET285OD,papila,/home/rpotter/hypertower/Papila/FundusImages/RET285OD.jpg,/home/rpotter/hypertower/Papila/ExpertsSegmentations/Contours/RET285OD_disc_exp2.txt,/home/rpotter/hypertower/Papila/ExpertsSegmentations/Contours/RET285OD_cup_exp2.txt,contour,contour,train
papila_RET285OS,papila,/home/rpotter/hypertower/Papila/FundusImages/RET285OS.jpg,/home/rpotter/hypertower/Papila/ExpertsSegmentations/Contours/RET285OS_disc_exp2.txt,/home/rpotter/hypertower/Papila/ExpertsSegmentations/Contours/RET285OS_cup_exp2.txt,contour,contour,train
papila_RET286OD,papila,/home/rpotter/hypertower/Papila/FundusImages/RET286OD.jpg,/home/rpotter/hypertower/Papila/ExpertsSegmentations/Contours/RET286OD_disc_exp2.txt,/home/rpotter/hypertower/Papila/ExpertsSegmentations/Contours/RET286OD_cup_exp2.txt,contour,contour,train
papila_RET286OS,papila,/home/rpotter/hypertower/Papila/FundusImages/RET286OS.jpg,/home/rpotter/hypertower/Papila/ExpertsSegmentations/Contours/RET286OS_disc_exp2.txt,/home/rpotter/hypertower/Papila/ExpertsSegmentations/Contours/RET286OS_cup_exp2.txt,contour,contour,train
papila_RET287OD,papila,/home/rpotter/hypertower/Papila/FundusImages/RET287OD.jpg,/home/rpotter/hypertower/Papila/ExpertsSegmentations/Contours/RET287OD_disc_exp2.txt,/home/rpotter/hypertower/Papila/ExpertsSegmentations/Contours/RET287OD_cup_exp2.txt,contour,contour,train
papila_RET287OS,papila,/home/rpotter/hypertower/Papila/FundusImages/RET287OS.jpg,/home/rpotter/hypertower/Papila/ExpertsSegmentations/Contours/RET287OS_disc_exp2.txt,/home/rpotter/hypertower/Papila/ExpertsSegmentations/Contours/RET287OS_cup_exp2.txt,contour,contour,train
papila_RET288OD,papila,/home/rpotter/hypertower/Papila/FundusImages/RET288OD.jpg,/home/rpotter/hypertower/Papila/ExpertsSegmentations/Contours/RET288OD_disc_exp2.txt,/home/rpotter/hypertower/Papila/ExpertsSegmentations/Contours/RET288OD_cup_exp2.txt,contour,contour,train
papila_RET288OS,papila,/home/rpotter/hypertower/Papila/FundusImages/RET288OS.jpg,/home/rpotter/hypertower/Papila/ExpertsSegmentations/Contours/RET288OS_disc_exp2.txt,/home/rpotter/hypertower/Papila/ExpertsSegmentations/Contours/RET288OS_cup_exp2.txt,contour,contour,train
papila_RET289OD,papila,/home/rpotter/hypertower/Papila/FundusImages/RET289OD.jpg,/home/rpotter/hypertower/Papila/ExpertsSegmentations/Contours/RET289OD_disc_exp2.txt,/home/rpotter/hypertower/Papila/ExpertsSegmentations/Contours/RET289OD_cup_exp2.txt,contour,contour,train
papila_RET289OS,papila,/home/rpotter/hypertower/Papila/FundusImages/RET289OS.jpg,/home/rpotter/hypertower/Papila/ExpertsSegmentations/Contours/RET289OS_disc_exp2.txt,/home/rpotter/hypertower/Papila/ExpertsSegmentations/Contours/RET289OS_cup_exp2.txt,contour,contour,train
papila_RET290OD,papila,/home/rpotter/hypertower/Papila/FundusImages/RET290OD.jpg,/home/rpotter/hypertower/Papila/ExpertsSegmentations/Contours/RET290OD_disc_exp2.txt,/home/rpotter/hypertower/Papila/ExpertsSegmentations/Contours/RET290OD_cup_exp2.txt,contour,contour,train
papila_RET290OS,papila,/home/rpotter/hypertower/Papila/FundusImages/RET290OS.jpg,/home/rpotter/hypertower/Papila/ExpertsSegmentations/Contours/RET290OS_disc_exp2.txt,/home/rpotter/hypertower/Papila/ExpertsSegmentations/Contours/RET290OS_cup_exp2.txt,contour,contour,train
papila_RET291OD,papila,/home/rpotter/hypertower/Papila/FundusImages/RET291OD.jpg,/home/rpotter/hypertower/Papila/ExpertsSegmentations/Contours/RET291OD_disc_exp2.txt,/home/rpotter/hypertower/Papila/ExpertsSegmentations/Contours/RET291OD_cup_exp2.txt,contour,contour,train
papila_RET291OS,papila,/home/rpotter/hypertower/Papila/FundusImages/RET291OS.jpg,/home/rpotter/hypertower/Papila/ExpertsSegmentations/Contours/RET291OS_disc_exp2.txt,/home/rpotter/hypertower/Papila/ExpertsSegmentations/Contours/RET291OS_cup_exp2.txt,contour,contour,train
papila_RET292OD,papila,/home/rpotter/hypertower/Papila/FundusImages/RET292OD.jpg,/home/rpotter/hypertower/Papila/ExpertsSegmentations/Contours/RET292OD_disc_exp2.txt,/home/rpotter/hypertower/Papila/ExpertsSegmentations/Contours/RET292OD_cup_exp2.txt,contour,contour,train
papila_RET292OS,papila,/home/rpotter/hypertower/Papila/FundusImages/RET292OS.jpg,/home/rpotter/hypertower/Papila/ExpertsSegmentations/Contours/RET292OS_disc_exp2.txt,/home/rpotter/hypertower/Papila/ExpertsSegmentations/Contours/RET292OS_cup_exp2.txt,contour,contour,train
papila_RET293OD,papila,/home/rpotter/hypertower/Papila/FundusImages/RET293OD.jpg,/home/rpotter/hypertower/Papila/ExpertsSegmentations/Contours/RET293OD_disc_exp2.txt,/home/rpotter/hypertower/Papila/ExpertsSegmentations/Contours/RET293OD_cup_exp2.txt,contour,contour,train
papila_RET293OS,papila,/home/rpotter/hypertower/Papila/FundusImages/RET293OS.jpg,/home/rpotter/hypertower/Papila/ExpertsSegmentations/Contours/RET293OS_disc_exp2.txt,/home/rpotter/hypertower/Papila/ExpertsSegmentations/Contours/RET293OS_cup_exp2.txt,contour,contour,train
